product_id,retail_price,discounted_price
SRTEH2FF9KEDEFGF,999.0,379.0
SBEEH3QGU7MFYJFY,32157.0,22646.0
SHOEH4GRSUBJGZXE,999.0,499.0
SRTEH2F6HUZMQ6SJ,699.0,267.0
PSOEH3ZYDMSYARJ5,220.0,210.0
PWTEB7H2E4KCYUE3,430.0,430.0
SRTEH2FVVKRBAXHB,1199.0,479.0
SBEEH3QGYGHFUEXN,32157.0,22646.0
SHOEH3DZBFR88SCK,699.0,349.0
SRTEH2FVUHAAVH9X,1199.0,479.0
SHOEH4KM2W3Z6EH5,1724.0,950.0
SWIEHF3EF5PZAZUY,2299.0,910.0
SRTEH2FGBDJGX8FW,999.0,379.0
BOTEGYTZ2T6WUJMM,699.0,699.0
SRTEH2FECMGNZJXJ,999.0,379.0
SBEEH3QGAYAEPRCG,32157.0,22646.0
SHOEH4FSHEDEMVTM,899.0,449.0
SWIEHF3H7WG6VGMR,2499.0,999.0
SBEEH3QGWRGG3J6Q,32157.0,22646.0
PSOEH3ZXRTZJUVXM,110.0,100.0
TSHEHBHSKBJWHFNF,2400.0,1039.0
SNDEH75ZFZ5REGFH,1500.0,1500.0
PTYEA6SFGD4X8NAR,190.0,190.0
LINE92U9KGZG25AY,1299.0,699.0
SKTEC88WSNYJKWY7,3199.0,2499.0
VANDZY4YZFPEG85T,499.0,390.0
LJGEB2KMCMMHHFC7,699.0,309.0
CRGE6A53UX7CJMXX,2199.0,1699.0
ARPEGDHSXZJSHGSN,799.0,579.0
FABEJX2NHNKCYHKA,999.0,699.0
DIAEJ6Z8BEDTGGYY,499.0,275.0
DIAEJ6Z8KQFWDEGH,499.0,275.0
DIAEJ8FGHZ3K86JU,1000.0,837.0
WSCEG2FYDYFDSVZ6,1200.0,699.0
PKBEGBTRKKHU26YQ,350.0,298.0
WSCEFUV4TVWT73ZB,899.0,899.0
PPSEGFYAGD8FYUXV,999.0,399.0
DRPEF2XSFBAP4SUZ,899.0,764.0
SHOEGVQCT2ZSGUHY,1999.0,1349.0
SHIEHS7XJ954NRYY,1499.0,1499.0
SUDEJFBRVYEUZUDH,6999.0,1899.0
WJCEHF8GZSQWZY7Z,2299.0,1400.0
KTAEHE9HAED4VUQB,999.0,499.0
KTAEHE9KFCMVVSBN,899.0,449.0
KTAEHE9KEZBBQHYA,2099.0,1049.0
SSSEHDP9RFW7ZGNG,6500.0,5000.0
SSSEHFZ2TRZBAPF9,9990.0,4990.0
KTAEHETWXZYYG35G,1399.0,599.0
KTAEHE9KPZU5JK2P,899.0,449.0
WJCEHF8JMMZWPYYG,1299.0,899.0
SSSEHFZ34KRWYGSH,8999.0,4990.0
KTAEHE9K8CQJMQCV,899.0,449.0
SNMEHEYXQCEW3JCQ,10000.0,6600.0
KTAEHE9K92ADDUNC,899.0,449.0
KTAEHE9KNNU7RP4Z,899.0,449.0
KTAEHETWZZ5KEAT9,1399.0,599.0
KTAEHETVCXXZRXGK,1399.0,550.0
CGNEDFY77SGZTEQ2,1399.0,699.0
KTAEHE9H9MVK42JA,999.0,499.0
KTAEHFQGFGMGGMUZ,1649.0,849.0
KTAEHETW3ZCMFMJR,1399.0,599.0
KTAEHE9KFWXNYHFD,899.0,449.0
KTAEGFPRCCS46ZMA,899.0,449.0
KTAEG2EQ6GSJE8AG,1849.0,924.0
KTAEHETWRNSWM4EF,999.0,499.0
PADEHZFHMTEUP8YG,440.0,395.0
BELEG6KUK6ZBFTZJ,1495.0,795.0
PADEHZFJGQNSEVKC,280.0,250.0
BELEG68SBMZFFN5Z,795.0,695.0
CRNEG7BKMFFYHQ8Z,1899.0,899.0
SNDEG6EFWGBCURUT,1990.0,1393.0
PADEHZFHGHFQJAXV,250.0,230.0
BTWEGFZHGBXPHZUH,600.0,449.0
PADEHZFHCNQGWNNS,440.0,395.0
BDSEJT9UQWHDUBH4,2699.0,1299.0
MBPEJMV5GAY9SZX5,1999.0,380.0
SHTEJRCHC5KESPYX,1499.0,899.0
BDSEJTHNGWVGWWQU,2599.0,698.0
CNBEJ9EDXWN8HQUU,900.0,650.0
BDSEJTHGGZH3HSJF,2599.0,698.0
ACBEGNTVH7QYGJZU,999.0,499.0
SHIEJYHMR7DUKT8W,1600.0,1200.0
PSLEAVTQRYZP3YVG,1025.0,949.0
SHTEBY72FGKPYBRU,750.0,590.0
SHTEB5MNYHJJQGBJ,1299.0,599.0
WATE3FAXGFHMASYX,18995.0,15195.0
SHOECK2FYYWUT4KM,4995.0,1995.0
WATECJ25SP6A7VD5,13699.0,13099.0
SHOE7ZJ3GQN3ZHNS,3495.0,1223.0
WATEAYAHJ8CUCAYM,24400.0,24400.0
WATECV664H5MMGSQ,1095.0,595.0
WATE6Y6D2MZHWGBZ,1099.0,449.0
JEAECN2PWUKFA9GJ,5398.0,2599.0
SHOE4FZGGTE7HJXN,2499.0,2250.0
WATE2RX9HHGBUQGA,3999.0,849.0
SHOE2FQCE3QFC8ZM,1799.0,719.0
WATED8HNQGUFBNFT,1415.0,1202.0
WATEBYZGFCZPUJAR,1099.0,399.0
SHOEA4HADYGNUZFM,2095.0,999.0
SHOEBYZGZ682N4K2,3999.0,2099.0
WATECFFVGFZPAD3D,999.0,399.0
SHOED5DCYU8HWRDH,3295.0,2795.0
SHOE2ZNGYDECUGNG,2499.0,1249.0
WATECHFU4QGFQEJG,5495.0,4995.0
SHOE2FBZENEBCZZD,2299.0,2299.0
WATEA6UGFGKZKDJC,107750.0,107750.0
SHOE6ZQEB694PVM8,4195.0,3146.0
SHOEBKEYTHTVCMNX,1499.0,1270.0
JEAEBMSEEGG26RPV,2795.0,1817.0
SHOE3S9BZ4SJUJFY,3199.0,1919.0
SHOE6ZQE7K9W3ZX3,4295.0,3221.0
WATEBVHAWSYYS8EY,1199.0,429.0
SHOEBHZA5BXBKRDC,3995.0,3995.0
WATE9DX9E4YSRJSY,571230.0,571230.0
SHOE4UC3MJZF3VFJ,1199.0,899.0
SHOEDH9AS48SSFBT,1049.0,499.0
WATECGPSDSFRHUSY,2000.0,699.0
SHOEC8QGWFF2VXAN,3499.0,2799.0
SHOEF9G8EWYMM2AM,2299.0,899.0
SHOEF9G8X3SG6GHX,1999.0,999.0
WATED8GHH7HRVGRK,1120.0,952.0
SHOEF9G8ZHHCMHTW,2799.0,1299.0
SHODUMFYM8ZHSJBG,3495.0,2621.0
WATE4CG2AQAGWGSF,1699.0,849.0
SHOE2FQCKJDCP9ZW,1599.0,639.0
SHOED5DC2GSMQMHU,3295.0,2395.0
WATEBYZGCFGUP9HG,1099.0,399.0
JEAE9PP49AH6PQCW,3295.0,1812.0
SHOE3S9BGUAGYE5X,3499.0,2274.0
WATE3GEY74QU9T35,350.0,350.0
SHODUMFYYW5YGRQN,3695.0,2771.0
WATEAK8SE2RUK7GM,201000.0,201000.0
SHOEYGK5AYYBVXKH,3399.0,1359.0
SHOEFZ37XDUHHTZW,2199.0,1599.0
WATED53FKKH4S8E4,1200.0,399.0
WATEBMY8HWCHMZZ5,1550.0,525.0
SHOECS7FBGSEPW9G,2999.0,2399.0
SHOEFMRZQXHJREHH,2299.0,899.0
SHOE69E6HYVG8MKU,3999.0,3499.0
SHOE4KACKB28FTHD,2299.0,2069.0
WATDZDGRQBXTKHPW,375.0,263.0
WATEBH9BTJXD8UVV,1199.0,959.0
SHOE2GUHSZRGGZYY,2199.0,1099.0
WATDUK7DKXV8WCAW,475.0,333.0
WATECSW5VZSZETGS,1095.0,595.0
WATE9R7HUBNEKXRQ,399.0,144.0
SHODWMHHCXTD47NQ,3999.0,3999.0
WATEBJ37KBB3SEBR,3999.0,899.0
SHOECT5VY7CWRY4G,1799.0,899.0
WATEAYYG5EDFWTCS,1299.0,549.0
JEAEDJXQXQZ8TMTU,4999.0,1899.0
SHOECXPMAQXZ3QPH,2995.0,2995.0
SHOEF9G8CVWHRH5M,2499.0,1149.0
WATE2RX9CHBGEDRC,4999.0,1049.0
SHOEFMRZZAXFQW4F,2299.0,899.0
SHOEC9FZ3BAF7ASF,3999.0,1695.0
WATEDBVHQ6AJX7N9,1795.0,1695.0
SHOECSWQCEZRR82X,1200.0,599.0
SHOE8SESVWJYNH37,3499.0,3499.0
WATEDFHARG4YSPCA,799.0,200.0
SHOEF9G8Z4ZXF6WE,2499.0,1149.0
WATDUHDBDTTVEMWS,585.0,526.0
SHOEC9FZGGD6GJRV,3499.0,1765.0
WATECDDDQ7SFDD6K,1925.0,1829.0
SHOE9UDJKNVSDH72,19995.0,9997.0
JEAE6YUTDBH6DCPK,2699.0,1619.0
SHOE6DVYGT9ZHBUY,2999.0,1199.0
WATECSYFBDTEVR5V,1299.0,299.0
WATEAYZJBFJXB4FZ,999.0,150.0
WATE6GAQSZYB3FKY,235.0,150.0
SHOEBKEYSKS87GKG,1499.0,1270.0
SHOEC898KWFVFESU,2899.0,1699.0
SHOEDHHSRF6FMWGA,4499.0,3499.0
WATECZKY7QX38DNH,999.0,149.0
WATE9MVXX3DZ5UKD,2499.0,1699.0
SHOEF9G8WTWGAAFB,2799.0,1299.0
WATED3ZJHMGJQ8EY,1395.0,350.0
SHOECXPHZSFGQEZZ,499.0,499.0
SHOEBZ65KFSBZKBT,2999.0,1899.0
SHOE2GUJW6XNFG3W,2199.0,1099.0
WATECF8ZMJRTGZVK,2499.0,899.0
SHOEAPCYWEAFSFU5,999.0,499.0
JEAE8CZGJ8PGGHRQ,2499.0,1249.0
SHOE3TZMQHKWG7TT,1000.0,499.0
SHOEBG6ZS2YREWHD,3199.0,2559.0
WATDZ9CEZAQHHTZ6,645.0,645.0
SHOEFZXRNYJKPPYG,3499.0,1695.0
WATEAUABHVPGRBAS,399.0,159.0
SHOE2ZNGUCA4DHHP,2499.0,1249.0
SHOECS7EXZXZSWHW,2499.0,1999.0
WATE9M3RRRKZK4FD,1299.0,780.0
SHOECB92BGNGSZGZ,2295.0,2295.0
WATE695YXNTDWTE8,349.0,249.0
SHOECJD5WVAGAJEH,4495.0,4495.0
SHOEFAJ5TYC2JMCH,2099.0,2099.0
WATE8B5KWSTMZK7P,2345.0,1179.0
SHOEF9G8NSYGZW8W,1899.0,999.0
SHOECBN4QGZECV6F,1995.0,1995.0
WATE9MVXHMTCFZSP,1799.0,1199.0
SHOEFHP6DMKFTPHQ,3299.0,1650.0
WATECDB6HPXBVXCF,600.0,600.0
WATDQZGHD8QYYXTQ,1350.0,1350.0
SHOEC8QGMZ3UJFTG,3499.0,2799.0
SHOECS7GMGV2HHYE,2499.0,2399.0
SHOEC9FZZGGADEFJ,3999.0,1765.0
SHOECXZEHUBBZYJV,3999.0,1999.0
SHOE2FQCMD3TAYMF,1599.0,639.0
WATDUKHHH4SQXDAK,2850.0,1567.0
SHOEDD2H6ZHT9YNQ,2795.0,1800.0
SHODUMFYWTPDYNX6,4995.0,3746.0
WATECVGYJXPGREKD,999.0,299.0
SHOEBFYWECAPUEXE,3499.0,1574.0
WATEDFZPGGZG8HGM,1100.0,800.0
SHOECV4SKFKBN8QQ,1200.0,599.0
WATEBFPXFYMWJGJZ,8995.0,8545.0
SHOE6ZQFRGNTW8JX,4195.0,2050.0
WATEBD3FJNXFXSBH,1250.0,999.0
SHOE3URGYEVZ55GD,1999.0,499.0
WATEB5EZRN3NYXAG,1350.0,555.0
SHOE2FQCR89ZNN8W,1799.0,719.0
SHOEBG6ZGRJ9BGGN,3199.0,2559.0
WATE9MVXDEVHGHAU,1499.0,999.0
SHOECKEYCF73BXZX,799.0,699.0
WATECSW5XEYZW3G6,1095.0,595.0
SHOEBG7YXR7GHBHM,3199.0,2559.0
SHOE3S9BGW4GGEFJ,3499.0,2099.0
SHOEBYWSZ4ZRNQPU,1050.0,449.0
SHOECK2F25ZZS6GG,4495.0,1895.0
SHOECXZEFH55CZT9,3999.0,1999.0
SHOE56UUZKFVHXYP,3499.0,499.0
WATE9CFHPAEU3G4B,1999.0,262.0
SHOE8NA5SUXGYGYY,1820.0,1820.0
WATE9WKSHRYTM2PP,2495.0,2495.0
SHOEF9G8GXBDSEUG,2799.0,1299.0
WATEBNXNMQQQFSQG,2499.0,1249.0
SHOE356K9ZRUHW5N,1999.0,999.0
WATEBS25GGVJ87KF,1299.0,1039.0
SHOEA4HAJ8FZ5HCX,2095.0,999.0
SHOED5DCSTQKZCGF,3295.0,2395.0
SHOE92ZZVRNZHNSB,4395.0,2150.0
WATECGG4W76YEBUB,8995.0,7495.0
SHOEBZ3DYJZDTGAP,5999.0,3199.0
SHOE3S9B2TDHEQDU,3599.0,2519.0
WATECQHN32HEEQGY,2499.0,599.0
SHOE2GUGZGFYZHEY,2199.0,1099.0
WATE8GDGPNKRTURP,1990.0,699.0
SHOEFSE2WAFKZFHX,2650.0,2650.0
WATECE855W5YFE3H,2999.0,995.0
SHOE4HKYRFPHCJWX,1500.0,599.0
WATDQZGHJ9ARVGGK,1800.0,900.0
SHOEC8QGTYTSYHRC,2799.0,2239.0
WATECKRBTUPHUXPC,1999.0,849.0
SHOE2K68QHZ3DWZF,3350.0,1900.0
SHOEFMRZZEBCGEJT,2799.0,1299.0
SHODUMFYWHFYZRPY,3495.0,2621.0
WATE68H5CT3JRKEZ,1299.0,299.0
WATEBYJABFE8WYTN,1495.0,1345.0
SHOECSWQHDGU3DUC,1200.0,599.0
WATECSW5DJ3UBZYT,1095.0,595.0
SHOEC9FZ7W9HTAQG,3499.0,1795.0
WATDXN6HPRHJ5H3A,795.0,795.0
WATEC87GMAMZAMWA,2150.0,950.0
SHOE4JCEZDRSHC4S,1499.0,999.0
WATE3GEYE8JQT7WM,299.0,299.0
SHOEBN3FFYG75P3D,999.0,499.0
WATEATZUJHKHH59V,1645.0,1316.0
SHOE3URGKNFYXDGP,1999.0,499.0
WATE9MVXJXHZHEJU,1299.0,899.0
SHOEBYWT3QBBAVXJ,5999.0,3599.0
SHOE2HYSVYWTPJYF,3250.0,1800.0
SHOEBYY4ZDWGQGEW,3599.0,2399.0
SHOE3S9BYE5XWSKS,2199.0,1099.0
WATEBGPF2YN8ZRHN,1299.0,499.0
SHOECD7Y2Q4ZZRDF,1399.0,999.0
SHOEC8AYVM7NFH6U,2999.0,1199.0
WATEB2FZUMQU4W7R,1499.0,599.0
SHOEC8QGS3H5XRKD,2799.0,2239.0
WATDG487YZTHEJZZ,750.0,750.0
WATEBS5YABDG6ART,2399.0,479.0
SHOE2NKQ4NXGAMYX,2299.0,1599.0
SHOE2FQCEAQCPYTS,1799.0,719.0
SHOE6ZQDA5GGTYHS,4695.0,3521.0
WATECKYCCMXUQQMS,6995.0,6645.0
SHOED6K6Z3G5DCGB,2495.0,1799.0
WATEAYPYDEVBVHJ6,2195.0,1207.0
SHOEC8QG3CV6YYDJ,3499.0,2799.0
WATECYMJPRYH8D3E,1299.0,639.0
SHOE32FUXGXGBB5Z,2299.0,1149.0
WATE7YW5EWWECCEM,1235.0,1235.0
SHOEF9G7ZES6C5HU,2799.0,1299.0
WATEBSZUTGAQBCFN,1499.0,599.0
WATDZDSVWQRRGERC,650.0,650.0
SHOEFHKHHVGZQ9FY,2795.0,2795.0
BALEGFWGYHBSY4UE,1195.0,595.0
BALEGFXZGSRGJKJY,1195.0,595.0
BALEGFWE2Z7GTDMS,1195.0,595.0
BALEGFXZZ3MRZYVC,1195.0,595.0
GVEEJ8HYZGXTNYYH,500.0,399.0
DSTEJJ8VGMGUFVWF,2199.0,979.0
CAPEHXTRYTBBN2QK,899.0,336.0
WADECHFGPKW3DHDX,1799.0,799.0
GVEEJ8HYPD9KYQ3H,500.0,399.0
DSTEJJ8VUGD5ZWVY,2199.0,979.0
DSTEJJ8UB6GWJWFX,2199.0,979.0
KITEGFBDSYZSVBKB,1399.0,770.0
DREEJ3V5R9GQJNSY,1775.0,1598.0
ABQEJ7YQTNQGMXZV,3999.0,2398.0
ACCEJGYYMTQR4JXY,990.0,339.0
MTYEJJAQYHCNKYZZ,999.0,299.0
DSTEJJ8UAQSHGFDV,2199.0,979.0
DSTEJJEXFWXKBDYM,2199.0,979.0
DSTEJJ8UFYUTSZ3F,2199.0,979.0
SHOEJKK3VZGHMT6T,799.0,247.0
SHOEJGFU7RXZXFEM,499.0,499.0
DCVEJHVEMXYT6UF6,1160.0,1160.0
ACCEJGYYYCGETMGA,990.0,339.0
BBAEJK8Z5UD97GTP,2000.0,1200.0
BBAEJKEBQGU5CPUT,665.0,399.0
KITEEVFDJDZ2ANQG,2299.0,1270.0
BBAEJKEC2HXUHKQE,665.0,399.0
MTYEJKESAJVRTGSS,199.0,63.0
SWSEJFF8Z9DSYYGF,1495.0,748.0
BBAEJKEAE2TT5M5R,665.0,399.0
BBAEJKECZ2ZNAUZQ,665.0,399.0
MDYEHDH9HMZPANGJ,5000.0,1000.0
CLTEHE9FNRZSJGNB,1299.0,1299.0
CLTEHE9FHWMCHUMM,1899.0,1899.0
SHOEH76627H5HRHM,1299.0,1299.0
SCFEHFMHWZNYMH9C,299.0,128.0
SHOEH7622HVGTZUF,999.0,999.0
SHOEHE7C7X5FZYMF,1299.0,499.0
CLTEHE9FS4UCYDGH,1299.0,1299.0
SCFEHBHXDGDY4FHQ,1099.0,493.0
SCFEHDJKTM826ZRA,478.0,239.0
CLTEHE9GGXJKCWCV,1899.0,1899.0
SHOEFPCBUQHV7YUG,629.0,498.0
CLTEHE9FD2APDRWQ,1299.0,1299.0
CLTEHD75ANYWYAAY,1599.0,699.0
SHOEHEP5EWSGZ7XA,9499.0,9499.0
CLTEHE9FDPYN5TQ3,1299.0,1299.0
CLTEHE9GYYY2P7AN,1899.0,1899.0
SHOEHEP5H5XGFZJY,12499.0,12499.0
SCFEHDK7XFHAAZZZ,898.0,449.0
CLTEHE9FNVRTJUGS,1899.0,1899.0
CLTEHE9FKGAZSNXR,1299.0,1299.0
CLTEHE9FJRKY7HKR,1899.0,1899.0
CLTEHD6AQ4CW7AWU,1599.0,699.0
SHOEHDMYWZNYA7HH,1299.0,999.0
CLTEHE9FC9GPHNF2,1299.0,1299.0
DREEEYGRYGXYB9BU,1825.0,1825.0
CLTEJCK7KMJKN5HJ,1899.0,999.0
CRNEJCC5YHEWAQ7B,1733.0,1039.0
WCTEHU6FYRC6WWCG,4999.0,4999.0
SGEEHXRHX7CVWD59,1637.0,818.0
SGEEHXRHQUQMNNVZ,1232.0,616.0
PSLEAVTQQXEXZYYZ,2300.0,1955.0
AIRE9B8EKTNR8J4B,1250.0,375.0
TOPEBCJF2D8JB3RG,1199.0,795.0
TOPEC89ZP7VSJGZK,1199.0,880.0
TOPEDDV9USBFWGPZ,1699.0,1215.0
RNGE7Z9NKQU2CEVJ,2746.0,687.0
RNGE7Z9NHKZPRSEE,2973.0,743.0
RNGE7Z9NAEWGKG5A,1937.0,968.0
CAYECGPSFMSBYTCF,1000.0,249.0
RNGEAWYFMVWZUEWE,16880.0,8440.0
TOPE5PHFZHVEY42Z,399.0,359.0
RNGDWKZM5ETTQGGU,18350.0,17433.0
SHOE7DJBEPYGQPHF,399.0,299.0
DREE92AQQFDRUFAN,2499.0,1499.0
DREDZ7F5H5WNGXWS,1799.0,799.0
SHTEDFFJMHZWSYT2,2099.0,1469.0
SHIE9WHT4M9FHMB5,799.0,399.0
RNGE864HRSHWNANE,49999.0,34221.0
RNGDWKZNGUHGKETQ,8190.0,7781.0
DREE6G7MEUW3MM6Z,1205.0,964.0
DREE9C3NKTNUCWSN,1299.0,999.0
SHTEE72RZN4TVPUY,999.0,349.0
SHTEE72RCD7G7D2N,999.0,349.0
SHTEE72RA42KXW2S,999.0,349.0
SHTEDVZRHNGYYMES,1399.0,1399.0
KRTEBFRQD4VMTPYK,1664.0,499.0
KRTEBFRQEW73G6BA,2499.0,749.0
TOPEDCHAAH2UHQSR,999.0,399.0
TOPEBS26V3JRYSF3,1299.0,421.0
TOPDZGV8GUEXZNUT,999.0,699.0
TOPEAZ88AGF3KJHS,800.0,399.0
TOPEBN32XAZ62CTR,1499.0,1049.0
TOPECEG3APNWUZWP,950.0,449.0
TOPECBAAP9HW5VMH,849.0,499.0
TOPEC8APK93YCFZZ,999.0,367.0
TOPEC8ANUJ92WJYZ,999.0,367.0
RNGE864HPZG96WNH,47822.0,32973.0
RNGE9GWPJH9MMNWX,29366.0,29366.0
TOPE954FJHYUHWDY,999.0,999.0
TOPE954FWJHG3WDZ,699.0,699.0
TOPE954FF9KJSZZN,799.0,799.0
TOPE8DPRTAKVHKRW,799.0,799.0
TOPE954FERN5VZYH,999.0,999.0
TOPE8DPRAU6DCFKN,899.0,899.0
TOPE954FNTYZQVFZ,999.0,999.0
TOPE954FHVFSGAQF,699.0,699.0
TOPE954FVTRCRXUN,999.0,999.0
TOPE954F2MKDZFTF,999.0,999.0
TOPE8DPRGZBFCGFG,799.0,799.0
TOPE8DPRUWZRK9WM,699.0,699.0
TOPE8DPRZK96BY25,599.0,599.0
TOPE8DPRCZ3PC3RM,599.0,599.0
RNGEA9ZXDDFHAVMZ,29348.0,22644.0
RNGE87FCHF9VVZPN,42068.0,35056.0
RNGE864HSZNYXZCG,40267.0,27223.0
TOPE8VYAKS4VQAN8,1390.0,695.0
TOPE7DNYTYVKXH8X,2000.0,1500.0
RNGE88FQ5SDTSFY7,43481.0,36234.0
TOPE7FR6ZHSKHFQZ,698.0,342.0
RNGE87FCDWVPDTKV,44247.0,36872.0
SHTEEEWGVFRE79AH,1699.0,599.0
TOPECJFAHFF9PB94,710.0,710.0
TOPEBHJAN6UCMYVK,1089.0,545.0
TOPEBTGCPSWPYGRM,799.0,499.0
TOPE8VYAVY9ESVJ6,1419.0,710.0
RNGEFP2XPJWMGMSB,6160.0,2760.0
RNGEFP2XDHURBWYP,5270.0,2360.0
RNGEFP2XSXGXBTPX,4210.0,1880.0
SWTEEYFFFRWGKZR5,1699.0,1019.0
RNGEFP2X2PRDAQPZ,5270.0,2360.0
RNGEFP2XFY8XDFCE,4750.0,2130.0
RNGEFP2XZSFFAGGV,3530.0,1570.0
RNGDQ5GGSFNHNANZ,35415.0,26984.0
TOPEC8AR9XBZHQGH,1199.0,299.0
TOPECRUNJTYYJBDN,1199.0,479.0
TOPE7T4YMXRK5BVG,2400.0,480.0
LINEAVE2XKZNANN3,895.0,725.0
RNGDVVYB6RGSAWRZ,11820.0,11229.0
DREEDN3AH7TSH3R8,2899.0,1499.0
DSUEAC6SFWFUDRPB,5499.0,5499.0
SHTE62WFHSE7YFHS,1699.0,849.0
RNGEBPU7PG8W88TV,1656.0,828.0
RNGE7W8T7MYQQEFR,3030.0,757.0
TOPECFN9VXARJU8P,2325.0,775.0
TOPECGFUVZHKUFNN,2550.0,850.0
TOPE9RCYS54YZNFG,2500.0,899.0
TOPECWG8VERZQNGA,2700.0,899.0
TOPEDM57CZDENHEG,2000.0,699.0
TOPECCMNG24UGAHX,1999.0,599.0
TOPEDYHYGWZS3YM6,2999.0,829.0
TOPEDYHYEY5JAKCY,2999.0,829.0
SHOECEHRSPNUVTHH,499.0,499.0
TOPEBNGP7UKPXDJD,600.0,365.0
TOPECXKMNE823KRG,1500.0,850.0
TOPEDHATHJRHTNMP,1500.0,450.0
TOPEBRYGRZFGPMHP,700.0,355.0
SWTEDP6QUEYGXGDG,1599.0,499.0
SWTEDMX4BW4KYHZS,1595.0,1595.0
RNGECEVYCZNGJBHY,28963.0,28963.0
RNGEBPU67KZEYWAR,1743.0,872.0
TOPE45NZKEMCDZXX,999.0,899.0
TOPE45NZFFUDHKZR,999.0,899.0
TOPE8Y6THTGRDF9D,1100.0,700.0
RNGECNH3EGGBCQSQ,8538.0,8538.0
TOPE93YGJJ5ADUKV,1199.0,579.0
TOPE97AK3PDMAFKQ,2500.0,999.0
TOPEE2FFAXQGSUZH,1200.0,689.0
TOPE36A748VYDDEX,1295.0,1295.0
RNGE864HQQUYJQHB,42321.0,28317.0
RNGE88FQG4EH5K9X,32528.0,20672.0
RNGE87FCFE8MKGZD,32658.0,20727.0
DREE2Y6DVEKVVQQS,1699.0,971.0
RNGE88Q9GVMYM6SF,30176.0,20749.0
RNGE88Q94HF6SCCG,32524.0,20586.0
DREEBAQ9YMYF2Y3N,1499.0,699.0
DREEAB2FWGHYANVZ,1999.0,699.0
DREE3KKWWG8DBHHA,1899.0,1025.0
DREE3KKWWM9FZD8U,1899.0,949.0
NDNEBA9V9FRP4HWZ,1099.0,439.0
TOPEBJBB4TT4FWPD,310.0,310.0
RNGE87FCBK6ZAZYZ,49999.0,42262.0
RNGE88FRJEJZ5GSD,45345.0,37787.0
RNGE65FHHH3BDRDQ,31033.0,31033.0
SHIE7S69NVNJTJ3E,4500.0,2050.0
RNGE9GWQJSAAFF48,29292.0,29292.0
TOPECMKVPCH2ZZTY,2599.0,899.0
TOPECMKVGDAFAUCV,2299.0,899.0
TOPECPG5VWUDTZFY,2299.0,849.0
TOPECMKVRZJKGAYZ,2299.0,899.0
TOPECMKVHVJSNBDC,2299.0,899.0
RNGDWKZMMKGXBEB6,6740.0,6403.0
TOPECMKVNSFHVMHF,1999.0,799.0
TOPECPG5FWV8FUQ5,2299.0,999.0
ACCEA9K5ZCDNRGXN,799.0,399.0
SHTEEEWGPKP9FGA3,1699.0,599.0
VANED79Z5THRWD3K,600.0,480.0
RNGE88FRQJ9ZENJG,48596.0,30817.0
RNGE88Q9NXGU2ZYW,44226.0,30741.0
SGLE7ZK8SAHENQNJ,1199.0,299.0
SGLEABFPHFPFTNBE,999.0,399.0
TKPECMHB4F3FGXHZ,799.0,760.0
DREECZJEGFFEWCW4,1599.0,1119.0
SHOEE9HFJWS5BG8P,499.0,449.0
DREECZJC3XBKGDZT,1999.0,1399.0
DREECZJEPZNGBSFZ,1699.0,1189.0
DREECZJBH8KGCZHT,2099.0,1469.0
DREECUDTWZ3HEYJC,1685.0,1685.0
DREECZJBZUXVDCGH,1299.0,909.0
RNGE864HHVXYHTCS,49542.0,34110.0
SWSE55BVG4GYJDSU,1375.0,1095.0
LJGE9YJHTJZCQ5VP,2394.0,788.0
SWSEA8FHKGKZ8YFT,1799.0,1650.0
SWSE9CCKH7JFGGZH,1395.0,1195.0
TMLECXEQ9PJUZGTY,699.0,319.0
TMLECXEQGAQXQKDG,699.0,319.0
RNGE8Z3KSHGCMSCP,23949.0,23949.0
RNGEYFH68YRGQUWT,31673.0,31673.0
RNGE8Z3HSVHBMXCC,31663.0,31663.0
TOPDWSEVDWZNKNCC,2400.0,1200.0
TOPDXPKDHFNGTBGU,1190.0,595.0
TOPED5HSCQGYGWPQ,1299.0,499.0
LJGEDTGP6EVWQAJW,1199.0,499.0
TOPDWSEWETZNNQEY,4000.0,2000.0
TOPEBYYZXYUQUHS4,1450.0,1050.0
TOPEAGZFA63MGRWF,499.0,359.0
TOPDW8FNHZGB4XAM,999.0,399.0
TOPDWSEVWXVQ4GXU,999.0,999.0
TOPEBYYZ6SKGHDRY,1450.0,1015.0
RNGE65FGK2TMUC2A,31062.0,31062.0
RNGEYFH7JHGMKRK4,20717.0,20717.0
SHOE37CTDYFKDJBH,2750.0,1299.0
SHOEBG6ZUGTSDGBU,3699.0,2589.0
SHOEBG6ZRCKHXNXE,3299.0,2309.0
SHOEBG6ZDGSSUTHP,2999.0,2099.0
SHOEDP8UGDTCBGDR,699.0,399.0
RNGECU4YGGXVGRMH,15720.0,12576.0
RNGDWKZMGSZJCGD3,11880.0,11286.0
RNGDWKZMKNTUBPSF,8700.0,8265.0
TKPDS6ZEWAR6GTAF,599.0,499.0
TKPDS6ZEWH4KF3SJ,599.0,499.0
TKPDS6ZEQCGBRX9V,599.0,499.0
TKPDS6ZEQBRWSM8U,599.0,499.0
TOPEFDXSHZPHCUAU,795.0,398.0
TOPEYY5YQGGRWGGZ,1135.0,681.0
TOPEYY5YSGHYDCKG,1135.0,681.0
TOPEFDXSAHRNPF94,845.0,610.0
TOPEFGG8FEQUZSMS,875.0,440.0
SWTECZMBCGGFKGFK,2099.0,1364.0
SHOEDP7ZGYFKGWNH,999.0,499.0
SHOEDP7ZVGDYRAYQ,999.0,499.0
RNGEA9ZXS7UKNRGE,13010.0,13010.0
DREECZKUTDQYXTZS,1499.0,1049.0
DREEAZC7YYQWTH3U,1399.0,979.0
TOPE4VR5DXAHVAG8,985.0,591.0
TOPE4VR5MVHFCMHZ,1425.0,855.0
TOPEYV38KYVJKM54,1290.0,645.0
KRTEBFRQVB9NCSSH,2164.0,649.0
RNGE8Z3KSNKWHEER,10213.0,10213.0
RNGEBWZUTZFZHBWN,10227.0,10227.0
TOPEEERRHHZCK8TV,1399.0,699.0
TOPEEERRF5MT5GHW,1399.0,699.0
TOPEEERRTBB77BXA,1399.0,699.0
TOPEEEPVZPGF9GCJ,1399.0,699.0
TOPEEEPVGBBUCHFH,1399.0,699.0
TOPEEEPV4GFFSHJG,1399.0,699.0
TOPEEEPVYHHF9HGW,1399.0,699.0
TOPEEEPVFEVFP99H,1399.0,699.0
TOPEBMJJHHRNHMEA,1499.0,699.0
TOPE7S4KHZK2MSDC,1195.0,585.0
TOPE8H5DNYNZHGU6,1799.0,899.0
RNGDWKZNWESHKECP,7180.0,6821.0
TOPEFFNGY3ZWSEJG,899.0,899.0
TOPEBWGETHGUGJPB,1099.0,600.0
TOPE8ZAFEYMHKCW8,2800.0,849.0
RNGDWKZHDVFQTDYV,7810.0,7420.0
TOPE8ZAF4NMCGHR3,2600.0,899.0
TOPED5HSV3ZQA6NR,1299.0,499.0
SWSEBHCPTESRGGGR,1998.0,749.0
TOPEBXXACS9EWGK3,1099.0,750.0
SWSEBHCP5YSCUU2S,1998.0,749.0
TOPE3YS5CWHKTAHS,1199.0,719.0
DREEE9ZR9THTGUGY,999.0,799.0
SWSEBHCPAKWKRDPR,1998.0,749.0
DREE2Y6DCFHNHFBK,1699.0,849.0
SWSEBHCPZGHMBKJY,1998.0,749.0
DREE8MF7EUYUBNND,2999.0,1499.0
SWSEBHCPHKWEUAAG,1998.0,749.0
DREE3KKW8HYZJHZY,1899.0,1025.0
SWSEBHCP9JC4GQKT,1998.0,749.0
DREDVF2W9PTRAEHK,1599.0,649.0
DREE8MF7XE97CPW7,2999.0,1619.0
RNGEB2PGDCAQPBVJ,11076.0,9414.0
RNGEB2PG3Q5RKDW6,11587.0,9848.0
RNGEA9ZVXZGZGDG4,31300.0,28313.0
SWTECZMBGZPVRTQS,2499.0,1624.0
SWTECXPHFVTHWJF7,2499.0,1624.0
TOPE3NVYHZNAEPHA,845.0,420.0
TOPEBABFMZ2GSC2G,1495.0,1495.0
TOPE4QK44FNX6PY5,2095.0,2095.0
TOPEYY5YK3WEGGXX,815.0,408.0
SNDEDNFG7ZNRNAGM,499.0,499.0
TOPEFGG8TJGJ7QDT,1275.0,890.0
RNGDWKZN9DSHFHYY,9300.0,8835.0
PLWE6S4BAQKZPXMU,7999.0,3370.0
TOPE4ZPRJGTZ32AU,999.0,499.0
PLWE6S4A2TV5KK22,5299.0,2400.0
TOPE6Y8JARJNXYBX,1998.0,950.0
PLWE6S4AVYSK8KHT,5899.0,2880.0
TOPE4ZKT3RAVDBZD,899.0,499.0
ACCDWYMTHZYE2JPA,1999.0,1685.0
DREEC88Y2VMRM5CG,1399.0,839.0
RNGDTBQUCHJXGHJ8,2975.0,1475.0
RNGDTBQU2UT5H5MG,3675.0,2175.0
DREECJ646MJSPRKN,1799.0,1799.0
DREED6FKBQXMDWGM,1699.0,899.0
RNGDTBQUHTUE3HSK,4525.0,3025.0
RNGDVJYNGRUMZJFT,3911.0,1955.0
TOPECE5DGBQNGHJ9,2900.0,2500.0
TOPEBW2YNZX56YAK,1599.0,1299.0
PLWE6S4AWUC7YVED,5899.0,2880.0
PLWE6S4AHUZS2Z7A,7999.0,3370.0
PLWE6S4BKHB5HZD2,10999.0,4699.0
RNGDUZU5VCYXAAEM,8690.0,8255.0
TMLECXEQZXPGWW7T,749.0,369.0
TMLED7GYWDRPJEHQ,720.0,360.0
TMLED6G6FKYSUVAC,740.0,370.0
TMLED6G5PYQYTUTV,740.0,370.0
TMLED6G5MJQGNZHS,740.0,370.0
TMLED7GYYPZ3ZXGW,720.0,360.0
TMLED8H8HUHKAM8U,749.0,369.0
RNGE9HE7BKMCZGRV,23124.0,20581.0
SWTED625BMZKJXHP,1199.0,779.0
SWTEDVZZ92PX48ZY,1499.0,549.0
SWTEDFVGSHZBRB3Z,599.0,439.0
RNGEA9ZWKQWY986X,15916.0,15916.0
DREE8MF7NWZUYSBV,2899.0,1499.0
TOPE4VR5AVGTDWF5,1645.0,987.0
ACBECFGTPKCWZCFV,1550.0,756.0
ACBECFGTPPECWHKZ,1550.0,756.0
ACBECFGTNBRWD4TM,1550.0,756.0
ACBECFGTZNHSQHXF,1550.0,756.0
ACBECZG4MSZBWZQT,1400.0,840.0
ACBECZG4GBUS9ZE7,1400.0,840.0
SWTEATF89ZUKHCH5,825.0,825.0
SWTED56J4DYNPJDH,1099.0,659.0
SWTEDX3KRCTNHUGY,1400.0,800.0
RNGE9HDVMPVBYPGJ,22946.0,20423.0
DREECRS4FHNBDJHY,1990.0,1990.0
DREECJD8CZDDUJNU,2070.0,2070.0
DREECRS5RGQZTYNE,2230.0,2007.0
DREECRS5GWBX7DZK,2120.0,2120.0
DREECRS4EHXNA9UH,2055.0,2055.0
DREECRS4CMPZGBJ4,2630.0,2630.0
DREEDVHXDYJCAEBP,2455.0,2455.0
DREEDVHXJGJWQHVE,1995.0,1995.0
DREEDVHXSAAZSBTZ,1995.0,1995.0
RNGE86J7VJNYBSHZ,44470.0,37058.0
TOPEDGFK5E8H6XFZ,1199.0,1079.0
TOPEBQGGJ2C7Y7HZ,999.0,699.0
TOPEBQGJCNJBJXZK,999.0,699.0
TOPEBQGG5W4CBUQQ,1299.0,909.0
TOPE34FEYGRXQQYJ,1799.0,546.0
TOPE7UX4DNXBGJAW,1999.0,1999.0
TOPEBBGNQEVQZ2W6,699.0,699.0
TOPEBQGG3HWZXFAQ,999.0,699.0
TOPE4ZKTYCBVBJAG,1400.0,600.0
TOPEDXSYXMYMYDBG,1099.0,769.0
SGLE8YSWHJAGP3WJ,1199.0,299.0
TOPE7H6NJKNYWBGN,999.0,600.0
TOPE7H6NJYZXFXBH,999.0,600.0
TOPE7H6NK6YHDAP3,999.0,499.0
RNGE88FQP6EFUSVV,44019.0,28011.0
TOPE7DNYGMFPSU4J,1400.0,700.0
RNGE88Q9JGCHZRAZ,46772.0,33298.0
TOPE2RX9NSUUKHZN,899.0,499.0
TOPE7QTU4UWCYJJD,1200.0,499.0
TOPE2RX95MBJFRTT,1400.0,499.0
TOPE2RX9SCJKPRGV,899.0,499.0
TOPE8ZAFZZ6YMGFY,2200.0,799.0
TOPE2RX983ZJKHZT,899.0,899.0
TOPEYHHWTQ59WEHB,799.0,499.0
SNDDYE2M83GSMVEJ,399.0,199.0
RNGE86J7FRTSQWCR,49999.0,35698.0
TOPDW7AQKZZHFCZF,699.0,449.0
TOPE93YJPJDNW5EP,699.0,349.0
RNGE89MS7RHQBHJA,47049.0,33702.0
RNGE88Q9HE9RQYEM,42860.0,38964.0
SNDEEFTGGBDEG7AR,1599.0,799.0
SNDEEFTG7ATEGZKZ,1799.0,899.0
SNDEEFTGRRUZSFGJ,1599.0,799.0
SNDEEFTGGK9DSQSH,1599.0,799.0
RNGDTBQUAZJK4SW9,3075.0,1537.0
RNGDTBQTBEMPDBMB,2875.0,1375.0
RNGDTBQU3GYY4YHZ,3425.0,1925.0
RNGDTBQUW7ECXABF,3475.0,1975.0
RNGDTBQURWKKGMZZ,3275.0,1637.0
RNGDTBQUCH9BK9ZK,3875.0,1375.0
RNGDX7WA9Y5QGVHH,3467.0,1733.0
RNGDTBQUQZZEZYPZ,3625.0,2125.0
ACBECFGTH6NHZXYZ,1550.0,756.0
ACBECFGT9FTPGEDC,1550.0,756.0
ACBECFGT6YXGSNU4,1550.0,756.0
ACBECFGT7MVYRRHJ,1550.0,756.0
ACBECFGTFNZBEKGR,1550.0,756.0
ACBECFGTGENHAGDR,1550.0,756.0
ACBECFGTZWAHZZFC,1550.0,756.0
ACBECFGTFHXMJYVM,1550.0,756.0
ACBECFGTZE2QDGR5,1550.0,756.0
ACBECFGT5ZWMXAVZ,1550.0,756.0
ACBECFGTPZXUZX7E,1550.0,756.0
ACBECFGTEC5DXHPJ,1550.0,756.0
LJGED28UYTZQGQQG,1199.0,499.0
MATEB88TF9EUTHYR,1899.0,1899.0
MATEB88TYRSSX8SH,1799.0,1799.0
MATEB88T7MVJGSG5,1899.0,1899.0
MATEB88UNDXHX9HA,1899.0,1899.0
MATEB88UVMT8FRPH,1899.0,1899.0
RNGE87FCDRS5ZFGG,48043.0,31471.0
SNDEBYHEHKFQASJT,1299.0,779.0
RNGE87FCKGMNGHXP,49999.0,33519.0
RNGE87FCF5VXWTKH,49999.0,33607.0
RNGE88FRA9DMA4UZ,49999.0,33761.0
RNGECQP4BZZ8HYBA,3130.0,1899.0
RNGE3YSWFWYYHNCA,3178.0,1589.0
RNGDTBQSME354KFA,3225.0,1225.0
TOPEBF34XN8DBHQP,799.0,445.0
RNGE864H8HQGXHMZ,44445.0,30409.0
RNGDTBQVYNRNQTE7,2975.0,1475.0
RNGDTBQUJUCRDTCK,2975.0,1475.0
RNGDTBQT4FVR57WM,2609.0,1109.0
TOPEC8AQCEH5KG2H,850.0,850.0
TOPEBR5GNG9MACAD,999.0,389.0
TOPECAE3JJMVYJFF,2299.0,1099.0
RNGE87FCDDYZ9ZHU,23356.0,12183.0
ACBECFGTT7FRDPMG,1550.0,756.0
ACBECFGTHHNXBVVZ,1550.0,756.0
ACBECNEZYZGNZZAZ,3499.0,1499.0
RNGEAY8GGPJTHDVB,3680.0,3200.0
RNGEAY8GRWYMYSAK,4888.0,4250.0
RNGEAY8GWSHGGMQ6,3738.0,3250.0
TOPE7ZHY4ZX6VHYU,900.0,900.0
ACBECFGTZHFZ64PN,1550.0,756.0
TOPEDZ8BJCGUJ86T,650.0,650.0
ACBECFGT74DBRJRT,1550.0,756.0
ACBECFGTYJ3E8VHE,1550.0,756.0
ACBECFGTHYEUNK4C,1550.0,756.0
TOPE7ZHZNGYQVMSV,750.0,750.0
ACBECFGTUMPYFR6Z,1550.0,756.0
ACBECFGTQUJ7XHXJ,1550.0,756.0
ACBECFGTGFXBKKYH,1550.0,756.0
TOPEDZ8BFNBWQYGT,1200.0,1200.0
TOPE7ZHYQFFHPCBX,900.0,900.0
TOPE7ZHYBZVK5MGY,900.0,900.0
TOPEBN32YGU8MZ6A,1299.0,909.0
TOPEEYJQKZMH454G,3190.0,1595.0
SNDEB9AYHGXZUZPX,1485.0,699.0
SNDE8H58SDEBJCFY,1699.0,699.0
SNDEE5FM7FEKDRKR,999.0,499.0
SNDEE5YWB8BYYRRS,999.0,499.0
SNDEE5FMQ5YQAKMZ,999.0,499.0
TOPE5N5ACWGNUWBY,1599.0,606.0
RNGDUZU5QVRZMSVB,8300.0,7885.0
DREEDC7THGYTA2JZ,850.0,797.0
DREDYSNRZGBFFVQ5,895.0,399.0
DREE9YJHZZHWHAU7,899.0,449.0
DREEDAAWGDYYGRM2,700.0,550.0
TOPEB9QYHQGRA5VS,599.0,299.0
TOPEBKYKJZCNRNNJ,599.0,299.0
TOPEBKYKHZ74DT6U,599.0,299.0
ACCEF2R7ZWEDG674,249.0,249.0
RNGDTBQUQD5V3PMY,4025.0,2525.0
RNGE3YSW9ZUZWYQA,2733.0,1366.0
RNGDTBQSUNAFYUHG,3238.0,1238.0
RNGEBQZQGQVJZEHC,38992.0,32255.0
SWTECW2SGCQGRE5B,2499.0,1624.0
SWTECZMBG5HPJ7EH,2099.0,1364.0
ACBECFGTRZCFBJZJ,1550.0,756.0
ACBECFGTHFJG5RHZ,1550.0,756.0
RNGE88FRWWZECGGM,13859.0,8222.0
TOPEFDXSGQJRNF7G,875.0,610.0
ACBECFGTEVJ6WB6U,1550.0,756.0
RNGEAXGWCT4VVTWR,7820.0,6800.0
ACBECFGTXZYTZBQZ,1550.0,756.0
TOPE3NVYKBXFRYSG,845.0,420.0
RNGEAY8H29HMF3KR,25185.0,21900.0
ACBECFGTHZZWGEHV,1550.0,756.0
TOPEFCVHACWGSVHY,999.0,499.0
TOPE8N3AF8HQ4GYA,1399.0,979.0
TOPE8E8NJXHZ4S9N,1650.0,550.0
RNGEA9ZWQCB2ZUFS,20438.0,20438.0
SHTE4QSV9UY462QX,1795.0,1795.0
DREEBUSFMEYEYT2W,1350.0,749.0
DREE4DF4AD9ZZHEX,5999.0,2999.0
DREEDSN2EXZFYDPA,799.0,799.0
DREE3KKW5RHTFSGC,1899.0,949.0
DREE4DF4DQYMGDJV,5799.0,2899.0
DREECUW7PKBTZPRA,1299.0,799.0
TSHEDJXPN4HNT2UP,1299.0,599.0
RNGED7QUMBSFDQKU,5000.0,3500.0
RNGE87FCQJ9GRKWZ,16646.0,12094.0
ACBEB3489M4NQZBD,1199.0,399.0
RNGEAHG8GKFRK38B,45856.0,39875.0
SWTEDP7UDHHTZY2Y,2299.0,1494.0
AIRED9YGJWG2GXUK,1600.0,628.0
AIRE98PZ7PC54SRA,750.0,310.0
AIREBB9APEFZYSFB,890.0,590.0
AIREBA9VGER68DFH,955.0,599.0
TSHE8GNE3PYUQJCB,499.0,349.0
TOPEE6YHA5UFMWKN,1999.0,199.0
TOPECUYTF7XTXND3,799.0,359.0
TOPECS55GKKAQ4MG,499.0,315.0
RNGE864HRQRATXWQ,19306.0,14450.0
RNGE87FCBXPY8UU9,24911.0,14001.0
RNGE9HCVKZXY6U5C,24984.0,22904.0
TOPDYMSXBMBWVAS4,999.0,499.0
TOPE8N3BAE7QWZFY,1399.0,979.0
TOPED9YEUAT9ZFMK,899.0,450.0
TOPE8E8NZP256K8G,2700.0,700.0
SHTEDCZWARQ2HZXX,1449.0,699.0
SHTEDCZWV2KRXQ9F,1449.0,598.0
SHTEDCZWH3B2G62B,1449.0,699.0
SHTEDCZWTUGKACUH,1549.0,749.0
SHTEDCZWPM7F8GAM,1549.0,749.0
TOPE7W4CTCPJXDDC,899.0,899.0
RNGE88Q9A7UHUHZQ,49999.0,37905.0
RNGE864HDMGUH2FG,48214.0,40178.0
TOPE8TQDQDHZZY9S,2000.0,1700.0
TOPECY77GYMZDRGX,1999.0,1499.0
RNGE88QAP8FMFVWU,42689.0,38808.0
TOPE7W4CTFFFDQBH,999.0,999.0
TOPE7W4CHR6HNEHM,899.0,899.0
TOPEDHZDBGXFHG6G,999.0,795.0
RNGEC8ZTXNQMVKVD,17060.0,13120.0
TOPE8H5DJWGAY2CD,990.0,990.0
TOPE89JZJY3CHR2E,899.0,539.0
TOPE8N26GCA8DNSE,699.0,417.0
TOPEB7DNYWQHG7AE,999.0,449.0
TOPE5WX3KMNXGUGM,995.0,796.0
TOPE8QNKRJHBNWNV,999.0,749.0
AIREDJCGZN2HKZHJ,349.0,245.0
AIRE98PZEWXEQFVC,790.0,280.0
AIRE98PZBVSXHCBG,790.0,270.0
AIRE98PZQXREURYP,790.0,270.0
AIREDJGYAHPBXTZS,349.0,245.0
AIREDGGD9RJPZGYW,349.0,245.0
RNGE9HDPGG8ZHUJZ,24624.0,24624.0
DREEAEB8XNSACHQB,1045.0,522.0
DREEAEB86RDAXZPQ,1095.0,766.0
DREEAM8QPT9PEAPV,1095.0,766.0
DREEAM8Q3FCJ6HET,1045.0,731.0
TOPE7QTUDHZZZHVS,1200.0,600.0
TOPECQFHDGUN22YV,1099.0,550.0
ACBEAWCZBU7RZGGJ,1799.0,899.0
TOPE28FYRZ3PGSHK,1099.0,499.0
TOPECUYT94HVHCCA,799.0,399.0
TOPEDFTZPFYP7UZU,799.0,399.0
TOPEATNAKMEH3KXF,1299.0,571.0
TOPEATNAAKXFBCCP,1299.0,571.0
TSHEEAERQJYHBA9F,1699.0,799.0
TOPEYZ3FCMTYGPVF,1484.0,742.0
TOPE9PSGHRKUCXKM,1380.0,1380.0
RNGE92NVE2EWEMSN,1500.0,500.0
TOPDX9TF8EH63HHG,1700.0,850.0
TOPE8H5DGZH8GTDC,1360.0,952.0
TOPDUT2HYH2YTCSM,1199.0,839.0
TOPDUEGZGBPZHJKQ,999.0,699.0
TOPDX9TF4PYJMX7B,1700.0,850.0
TOPE8XCDBUGUZWSP,670.0,670.0
TOPEAHAQAQZCYTWY,1390.0,973.0
DREECDCRPFKFH6EH,1565.0,939.0
DREEAM8QTHGSDYJV,1445.0,1011.0
DREEC88PDXYHGGTC,1399.0,1119.0
TOPE8HY67ZSA7TSF,1360.0,952.0
TOPE89KURURKKF5X,1290.0,903.0
TOPE2HZRFKVVTCKU,799.0,399.0
TOPED9T3FXS8CP8M,899.0,599.0
TOPE6HZUKGTFPUFP,799.0,479.0
TOPE6QYAWWNKXJRC,1049.0,734.0
RNGE9GWMKVHGEYZG,15598.0,15598.0
TOPEDTKMHEGYN2GA,499.0,299.0
TOPEDDAENUQDFTMN,599.0,399.0
RNGE88FRGZCXNKUG,48029.0,43663.0
RNGDREYRQQGZAPQM,22459.0,22459.0
RNGE9CD2XUJGHHBB,42696.0,25414.0
RNGEBUDN25RXMZAZ,26054.0,26054.0
RNGE5GH4RABWFC7P,17732.0,8689.0
TOPE7ZHZCACAVAJK,1100.0,1100.0
TOPE7WAUPRGCFR9K,1249.0,499.0
TOPE7WAUFEYYDXKG,1249.0,499.0
TOPECHX5ZMTSYZGC,899.0,649.0
TOPE5UZG8YEV39XC,1200.0,399.0
TOPDXQWEF87REHYJ,999.0,399.0
BDGEFMYFVFZQEHVK,5834.0,4958.0
BDGEFMYFYA6FK6HA,1326.0,1127.0
JGTECTXNVGH5GYM5,1599.0,1299.0
JGTECTXNJJFCUCJK,1599.0,1399.0
ACCEJWHTY2HVMG7Z,599.0,175.0
ACCEJWHSGXGRWPKN,599.0,175.0
FAFEGVSGBESV4HYD,1599.0,499.0
FAFEGVSJGFU5B9VH,999.0,399.0
BLBEJR23J2CTPFAU,350.0,350.0
PENEJWJ5UTTSUR7N,2150.0,1935.0
SOPEJXBBKEAHD3NK,129.0,129.0
WSCEJTDHY9UHKP5K,1099.0,549.0
BLBEJR23DFG4TZ69,1400.0,1000.0
MRCEGVVBSGYFZ4FN,18490.0,16990.0
BLBEJR22ZT2WUKBZ,800.0,800.0
WSCEJFZSJHPBRWGK,3999.0,1999.0
BLBEJR23HPEFFCGH,350.0,250.0
ACCEKFVVHCJHKVCR,999.0,249.0
ACCEKFVWCGHSY6NF,999.0,249.0
ACCEKFVWTGZXG5XK,999.0,249.0
ACCEKFVWGHGNJGP4,999.0,249.0
ACCEKFVWGNASHCFK,999.0,249.0
ACCEKFVXCGWGCH7H,999.0,249.0
ACCEKFVWTZPD5HPT,999.0,249.0
ACCEKFVVZJMTYWPK,999.0,249.0
ACCEKFVXGGHZ9VES,999.0,249.0
ACCEKFVX9RJR743C,999.0,249.0
SHIEBPPVHHH8Z3KE,2199.0,1399.0
DEPEEFCXYHJZU4GY,2199.0,1099.0
SHIEYTMYZ2C3AYQZ,2081.0,2081.0
JCKEE7ZKPDVVEJ8T,1299.0,1299.0
KRTEJNFUHUUXGPZT,999.0,599.0
CPCEJMM7HWCNNGBR,499.0,399.0
NSTEJHERS3AKXUCW,999.0,309.0
UMBEJZFHE285UEV2,4999.0,2499.0
SHOEH7UH55F4X4AE,1245.0,1245.0
CPCEJMM73MRDHKCY,499.0,399.0
AIREFFFUHNZVZQVR,699.0,299.0
CPCEJMHZEHTQFACN,500.0,400.0
AIREHYB5RUPCQN9U,350.0,350.0
AIREGYP4RAFQGZVN,749.0,399.0
AIREGYJGHDMKNARY,749.0,399.0
AIREGYYZRAPHRFGD,749.0,399.0
NSTEJMHARPK8BXHS,999.0,309.0
SRTEGWKKZNUYX7HW,1499.0,649.0
SRTEGWKKP9H88DQY,1499.0,649.0
CNDEGVE6CRCDNHNV,2696.0,2519.0
MUGEGZUMGYAPVSZH,500.0,259.0
SRTEGWKMPXHHN4MF,2495.0,949.0
MUGEGZUHHHHCUWWM,500.0,259.0
SRTEGWKHYZ7FTDBG,1995.0,849.0
SRTEGWKKXGGSERKZ,1499.0,649.0
SHIEERWHHPMWHPWB,1599.0,999.0
CNDEGVE65UWDPCYC,2712.0,1248.0
SRTEGWKKQABUMGFA,1499.0,649.0
MUGEGZUNY75RZUNG,500.0,259.0
MUGEGZUHVZ4Y85DV,500.0,259.0
SRTEGWKJHSWWTCYG,1499.0,649.0
MUGEGZUHRUHN684R,500.0,259.0
MUGEGZUHX744RFEN,500.0,259.0
MUGEGZUMAZJVKTB9,500.0,259.0
MUGEGZUKUKGVPY4Z,500.0,259.0
MUGEGZUMWYZKYH2A,500.0,259.0
MUGEGZUHAVWFHSER,500.0,259.0
MUGEGZUMNZCKBZYS,500.0,259.0
MUGEGZUGKCVTS27W,500.0,259.0
MUGEGZUH2HDYY4XF,500.0,259.0
MUGEGZUJ5DZHMTYS,500.0,259.0
RTREGG8F83DMYHPE,3500.0,1978.0
SRTEGWKHGMNG3WRJ,1995.0,849.0
MUGEGZUHAVSHPXST,500.0,259.0
CNDEGVE6PR98MZHU,2300.0,1126.0
SRTEGWKG97QKQTFZ,1499.0,649.0
MUGEGZUMZYQGWHDS,500.0,259.0
SRTEGWKGYKXZWG2S,1499.0,649.0
SRTEGWKMWDED9GFW,2495.0,949.0
SRTEGWKJQDFFN5E5,1499.0,649.0
SRTEGWKHHVRW6WAF,2495.0,949.0
MUGEGZUZRYKZGTQD,500.0,259.0
MUGEGZUGBZRFZPAS,500.0,259.0
CNDEGVK2VGHG7GHG,2645.0,1425.0
MUGEGZUJBNU4Y2CH,500.0,259.0
MUGEGZUHERTS89QE,500.0,259.0
MUGEGZUHP8QZVFGF,500.0,259.0
SRTEGWKKRXZ5FEKN,1499.0,649.0
MUGEGZUNMUJFNEDD,500.0,259.0
CNDEGVK2ZMCGSCEQ,1682.0,1319.0
SRTEGWKKZTUGHFZ6,1499.0,649.0
SRTEGWKJNWGAJHQR,1499.0,649.0
SRTEGWKHXHCF2TME,1995.0,849.0
ACCEGYPGD9XH3RKR,999.0,399.0
SHOEG7NWGF93MFVT,1099.0,599.0
SNDEF7Z2TTH4UZGR,1995.0,1197.0
PTSE4ZHEZTF7UYNK,899.0,809.0
TOPEGF6QDCGCHHXY,599.0,289.0
AIREGHYGSZKZYZBB,1399.0,575.0
SHOEG5XHVBSU5BRW,999.0,499.0
BBAEFYZ9HC3R7CSS,2599.0,1400.0
TOPEGFZAC6CHWUVA,2624.0,2624.0
SHOEFVT6YAKB9XTE,999.0,499.0
ACCEDTNRVGAGRCWF,600.0,400.0
BBAEGGYMPH6QYBFF,1699.0,999.0
SHOEG7NXNBF9PPJV,1099.0,599.0
TOPEGFXUHQGDNZ8A,599.0,419.0
TOPEGF6PWBFXSEQ9,599.0,299.0
WTCEGGTZEJQ2YRQG,990.0,660.0
SHOEG7F93DH5QZXZ,1499.0,1049.0
CGCEG28UCFAFNXBH,4400.0,2200.0
SCTEGDREXTWGGNJ4,4375.0,4375.0
TOPEGGYPVQRX7UD8,2309.0,2309.0
PTSEDHS7GHWEHZUX,730.0,730.0
SHOEFVT7PSMSBXKA,999.0,499.0
TOPEG3ZFDC55GEZ3,1499.0,349.0
CGCEG9PPNBHZUESR,6999.0,2699.0
TOPEG3ZFYPPG9HZM,1499.0,349.0
SHOEG83P23D6WQH3,499.0,375.0
TOPEGG4A9XPEBZ2S,2000.0,425.0
TOPEGH27GZK5XG7P,499.0,299.0
TOPEGGEFVZAZHTZN,899.0,449.0
MAHEEVSWQSZUUFQY,800.0,280.0
TOPEGGE3ZGBQR7HZ,999.0,499.0
ACCEDTNRY73AGEHF,600.0,400.0
SHOEG7NWZRWMCXQ9,1099.0,599.0
TOPEGFXU8ZAGFGNZ,599.0,419.0
BBAEGG6DGZUDGSQW,1318.0,599.0
TOPEGGEFF5YJPDGE,1199.0,549.0
ACCEDTNRXHXZKH4G,600.0,400.0
TOPEGGE5GRFUTGGB,1199.0,599.0
CCVE3Z23WWHMGHFY,1530.0,437.0
TOPEGFXXPUEGGCJE,899.0,629.0
SHOEFPMKKVP2SVZD,1399.0,999.0
CBREGH79HVGFZQYW,399.0,270.0
TOPEGBHBFYUHUWZE,1889.0,1889.0
ACCEDTNRCATDEC54,600.0,400.0
TOPEGF55FTHGTKCS,599.0,289.0
SHOEFVT74G5BYHDY,1499.0,499.0
TOPEGGEF7SEFQ2CZ,899.0,449.0
SHOEGAJFAU2N5RUR,999.0,399.0
ATAEF7HJZ34DPNQE,950.0,950.0
SNDEFKFNCHPREWPN,999.0,999.0
SHOEG52R2AKHFYHH,1199.0,649.0
SHOEGAJGGTZD6HSY,999.0,399.0
BBAEGGZEDHNZRKWM,999.0,399.0
HSYEE3PERJWWMYHB,1550.0,1550.0
CCVE6FQUJHNHQVNQ,1799.0,599.0
SHOEG5XH7GTM8D7Z,999.0,499.0
TOPEG3ZFGZHHRDQS,1499.0,349.0
SHOEGAJGF5CSZNHA,999.0,399.0
TOPEGGE4Y6KAKG8G,1199.0,599.0
TOPEGF4KEGGVMSXX,599.0,259.0
WHBEGHYHY5FJP7G4,1499.0,1499.0
SCTEG7EEPNJZ7HRY,1260.0,1260.0
TOPEGH2EMFNHGMFK,499.0,299.0
SHOEGYDBGXNWFRJA,699.0,699.0
SHOEFRUPFECAZYBS,3499.0,2799.0
TOPEG4YZXYH2VPKX,1499.0,349.0
SGEEG672E4M6GEPP,3500.0,2200.0
SHOEG7NWKBJQU6DQ,1099.0,599.0
TOPEGFXXGXFCNZQF,899.0,629.0
SGEEG57EZYEGGNMN,2400.0,1560.0
TOPEGGE3GXURWZ6E,999.0,499.0
BBAEGG6ERJXKKTCR,1208.0,549.0
BBAEGG6EZGVG7XZC,1208.0,549.0
SGEEG7CR5YSTGTFT,1800.0,640.0
ACCEGBTPV5PPBHVD,999.0,351.0
BBAEGG4GZGW6TUHQ,1099.0,699.0
ACCEDTNRJXYZHZZW,600.0,400.0
CCVE3Q2TBZRQYZSZ,1440.0,1050.0
ACCEDTNRADHZ35UD,600.0,400.0
ACCEDTNRUGDPRPZZ,600.0,400.0
PTSEDFSU7AG7EJRZ,335.0,335.0
ACCEGYSC7S7HARGB,699.0,349.0
ACCEG78UFRPGUTVZ,650.0,280.0
VANEG47EKAQE3CQT,4499.0,1999.0
PBREH6ZNVKHMUKS5,4335.0,4335.0
ACCEGYSD3FSRZXEH,699.0,349.0
CRLEJ6B76SJP8ZVG,945.0,699.0
RNCEJ64CFF8BJDQF,2699.0,999.0
DREEHPHFDS9FVTDC,899.0,699.0
DREEHGNFWEACYXHJ,2699.0,750.0
DREEH9494PKYSMZD,1399.0,700.0
DREEHPGGYTZB7WGH,1599.0,1199.0
DREEHDPFSHXPKPBR,798.0,570.0
DREEH948GKYHYYGW,3199.0,1280.0
SFFEGZ6HFPNYZMVP,449.0,449.0
SFFEGZ6HSERKW3NQ,449.0,449.0
SFFEGZ6H7MW6X6ZF,449.0,449.0
SOCEJPT5QW94BHWE,349.0,169.0
SOCEJPT5EGSQNRYU,349.0,169.0
SOCEJPT5FMWQKHV2,349.0,169.0
USGEJPQKBNS5KDTE,499.0,249.0
SOCEJPT5AHPUGYX4,199.0,96.0
SHOEJNY2X4CUEGTM,1699.0,849.0
PANEJQ5AMKZEEJ3E,712.0,499.0
LJGEJQSBCGUWUSTW,499.0,399.0
LJGEJQ4ZHGA5XSD7,2399.0,999.0
LJGEJQAG4VHBF545,2798.0,1399.0
PANEJQ546PYTCEDG,712.0,499.0
PANEJQ59WU54RSK2,712.0,499.0
SOCEJPT5YDSZ7QQP,299.0,149.0
SOCEJPT5ZR5ADJA5,299.0,149.0
PANEJQ57GWZANM7Z,712.0,499.0
SOCEJZT8FMXJ8VHZ,399.0,299.0
SHOEJMN3DJZCPH3H,1499.0,1399.0
PANEJQ5YHAHQYD4F,712.0,499.0
USGEJPQHZHYZQHBU,499.0,249.0
PANEJQ54895A7GHS,712.0,499.0
USGEJPPVGZNYAJE4,299.0,134.0
SOCEJPT5FU7JGVYU,299.0,149.0
SKPEJ9GJEASCGYDF,899.0,499.0
PANEJQ57Q6JKCWR6,712.0,499.0
LJGEJQ4NA7BDGQWZ,2399.0,999.0
ACCEJ6BRYHZVTDGF,990.0,790.0
LJGEJPFEVY9GXNGG,1999.0,849.0
LJGEJQ4MHZZTHGPQ,2399.0,999.0
LJGEJQ4QZWS6KN6D,2399.0,999.0
TSHEJHJRYXHGJVPW,1595.0,645.0
PHFEJNH7XUEGHCAA,999.0,799.0
LJGEJQAERF76FRFM,550.0,249.0
SOCEJPT5BGXPBZKG,449.0,199.0
USGEJPQHFM7CVCYH,499.0,249.0
LJGEJQ4H82QG64PN,2399.0,999.0
CMTEJQYQEU2GBD2V,1299.0,949.0
USGEJPQHT8YPZ7D8,499.0,249.0
PANEJQ5AMGFJKRAF,712.0,499.0
PANEJQ548B2MEUAS,712.0,499.0
SOCEGZA52GBGXWYB,2099.0,699.0
LJGEJQAGMR4CTDYY,2798.0,1399.0
VANEABFPKGGZTYVQ,2100.0,680.0
CRTEJUA3CYHVYNHD,2499.0,1299.0
CDSEJWHYVFJYHRGR,699.0,349.0
CRTEJU6FJTEHSVTR,4400.0,1370.0
CRTEJUA2EZVNMX8B,2499.0,1299.0
CRTEJUA36GHKGQEY,2499.0,1299.0
BKPECSXKNFNASYRN,1040.0,728.0
ACCEDNXYRZWBPFDF,1299.0,697.0
HMBDRUCNJSJQRRGC,999.0,649.0
VLBEGZ7SZTDCNGTE,499.0,244.0
VLBEGZ7SQZHZCEGY,499.0,244.0
CLTEJ5ZZUZKHHYDK,1999.0,289.0
VLBEGZ7SZFZBUGBZ,499.0,244.0
VLBEGZ7SWWRHC4YQ,499.0,244.0
VLBEGZ7SBMDMYTXZ,499.0,244.0
SHOEJ2HRVFFHEMXY,999.0,499.0
CLTEJ5ZZGWBAZUWR,1999.0,289.0
VLBEGZ7SQGDFUXE7,499.0,244.0
SHOEJ5YSJMX2HXRF,2398.0,959.0
VLBEGZ7SH57ANVTV,499.0,244.0
VLBEGZ7SRFAGHZRH,499.0,244.0
SHOEJ9KH22WQXKU2,499.0,299.0
CBKEJ3AZMZGTQ9F5,1500.0,399.0
DREEFJ44SMEHZZFV,999.0,661.0
CBKEJ3ANG8NRZJPT,1500.0,399.0
CBKEJ3AN6GEACKYR,1498.0,399.0
CBKEJ3ANRFJUM4TM,1500.0,399.0
DREEFQ8HZDKYYNPS,2998.0,1199.0
DREEFJ44EBBUEKKY,999.0,699.0
CBKEJ5PZWGGSBBSC,450.0,450.0
CBKEJ5Q6KRZM6CZN,499.0,299.0
CBKEJ3YHXK62DD8G,1999.0,599.0
CBKEJ3ANVGYFED6Q,1499.0,399.0
CBKEJ3AZYYJTEHK6,1500.0,399.0
DREEFM4NXGZY5ZAH,1299.0,909.0
CLTEJ5ZZMTBYXWZQ,1999.0,289.0
PAEEJ8GZHEKQUDGF,798.0,399.0
CBKEJ3ANQCWMBW57,1500.0,399.0
CLTEJ5ZZ4NDQF2MV,1999.0,289.0
CLTEJ5ZZGBP4JGGE,1999.0,289.0
PYJEJKZGTKN8RWSH,899.0,465.0
PYJEJMHJNXJ6NGKC,999.0,299.0
ACCEGUYANPHVDGNK,1200.0,449.0
TKTEBGCK4ZVWZEZS,2999.0,1949.0
CAHEGE3SQCAEJE4R,999.0,499.0
MTYEGUA2VUJ9UDGX,1099.0,419.0
NLPEGUMNPUQXBWQY,600.0,199.0
ACCEGUY9XYXUMRDA,1200.0,449.0
ACCEGUY72CYWXAEW,1200.0,449.0
ACCEGUY9BNMCFZ8P,1200.0,449.0
NLPEGUMHNGBY8DCC,600.0,199.0
ACCEGUY9JUCX2SGP,1200.0,449.0
SHTEEV5FXESXZC6C,2199.0,934.0
ACCEGUY9UY7UQTNF,1200.0,449.0
ACCEGUYAVVWTFTF6,1200.0,449.0
ACCEGUY9FZGSGFUP,1200.0,449.0
NLPEGUMZWFSEZSHZ,600.0,199.0
ACCEGUY8QWCBHFVF,1200.0,449.0
NLPEGUMN6H7YZU9Y,600.0,199.0
SHOEHRGRFU7RW6BY,1299.0,799.0
TROEGZMRNERWAHEB,1199.0,1199.0
HLUEJQ3TART8YBKJ,3000.0,1500.0
HLUEJQ3UVGNXSPZG,3000.0,1500.0
BTCEJQYNBKZNZDKS,213.0,170.0
SNDEJPZMFGSVRAXD,1790.0,1790.0
HLUEJQ3S5PTUUDUH,3000.0,1500.0
SNDEJPZMCWYT5QRW,1690.0,1690.0
SCFEJR4G3T64HMZS,239.0,239.0
MUGEJG6TH8HH2XC6,449.0,225.0
MUGEJG6TBVQSYMUP,449.0,225.0
MREEJ2KWFDXWBWCJ,399.0,320.0
MUGEJG6SRGWSSZVS,449.0,225.0
SNDEG6GXHRGGGFYB,499.0,499.0
SNDEG6GXFS5RYFGK,899.0,899.0
SHIEGFC2GHE6EDFJ,1199.0,599.0
TSHEHU5RQSZZHSKF,2499.0,799.0
CBKEHUYWBEUUCHAP,7850.0,4999.0
BKPEHTGBH5GGWENP,2999.0,1499.0
CBKEHRSHVFGZ7FVQ,697.0,499.0
TSHEHU5RWUGEAJFE,2999.0,999.0
TSHEHU5RPZMSJHNQ,2999.0,999.0
TCVEHSMFAGATW2FZ,1000.0,499.0
TSHEHU5RY4T3XXQZ,2999.0,999.0
TSHEHU5RGKRAA8GP,2999.0,999.0
SPBEH3S4B5J8NGJK,900.0,560.0
TCVEHSMFMDNFHQYG,2000.0,799.0
LBXEHYZYAC6XFEBQ,299.0,249.0
TSHEHU5RWEAEVQXU,2999.0,999.0
CBKEHJUH7WPZEEGK,599.0,499.0
TSHEHU5RPWFAR57P,2999.0,999.0
TSHEHU5RWCQXRWF9,2999.0,999.0
TCVEHSMFEGNCAGYN,1000.0,499.0
TSHEHU5RQ4TEYXXS,2499.0,799.0
TSHEHU5RCNZYBQP5,2499.0,799.0
TSHEHU5RBAFXVFHK,2999.0,999.0
WLMEHFQZHVFUXVWG,7999.0,2399.0
SNDEHTGCH7GVZGZF,1355.0,650.0
TCVEHSMY2TNTCKNC,1800.0,849.0
TOPEHTU4DRWWZGTU,729.0,729.0
KAFEH4R4P9ECHP7Y,1200.0,499.0
LBXEHFA5TTMBMFR8,249.0,199.0
TSHEHU5RJPANW4YM,2999.0,999.0
BKPEHDNGPAUZZXHZ,899.0,499.0
TSHEHU5RQPQCKAD9,2999.0,999.0
TSHEHU5RNTCGNSJW,2999.0,999.0
TSHEHU5RKERGP5SG,2999.0,999.0
MASEHU6HAUFFJKHQ,1299.0,799.0
SNDEHQJNFGTYMPHY,999.0,445.0
SNDEHQPZHMZPAHQP,499.0,499.0
TSHEHU5RFJCTJKBV,2499.0,799.0
TSHEHU5RGV5MQ4DC,2999.0,999.0
LBXEHFA6BHYGKGVA,249.0,199.0
TOPEHTU46JAHMV33,729.0,729.0
CBKEHGUY3GEHDSFY,314.0,299.0
LBXEHH5WRYQQGNSM,695.0,399.0
TSHEHU5RDKHKCGFA,2999.0,999.0
TSHEHU5R57CYAUGU,2999.0,999.0
BWLEHTBPHRBSDEYF,2999.0,699.0
TSHEHU5RPAN4ZTUY,2999.0,999.0
CBKEHRSMWYB3HVNP,697.0,499.0
LBXEHYZYWMMQA6HT,299.0,239.0
TSHEHU5RTDQ9UJY5,2499.0,799.0
TSHEHU5RPTJKG4G2,2999.0,999.0
TSHEHU5RYE6UH4SQ,2999.0,999.0
TOPEHTU4FN9KEAHJ,729.0,729.0
TSHEHU5RW2VDGFKZ,2499.0,799.0
TSHEHU5RPEPPZW2R,2999.0,999.0
SNDEH2EHSJXVGZRR,999.0,499.0
TCVEHSMFYEQGRTAZ,2000.0,899.0
TSHEHU5RTMMTFVFG,2999.0,999.0
SNDEHFQA8YU6WANZ,699.0,399.0
TSHEHU5RP9RZDHHX,2999.0,999.0
TSHEHU5RZMHH3AHV,2999.0,999.0
TSHEHU5RHTSZSCAY,2999.0,999.0
TSHEHU5RXEVXH3P7,2999.0,999.0
TCVEHSMFHCPGH9QJ,1000.0,499.0
BKPEHD443RRF8PN3,799.0,249.0
TCVEHSMYUKQ8BSTC,1800.0,849.0
BOTEJT4YZXKRPDTY,600.0,419.0
BOTEJT4QNFFAEKAG,1500.0,749.0
JUMEHUFGYXJYP29C,4599.0,2300.0
LJGEJUG4GHSHHQ9A,1540.0,1340.0
BOTEJRZF6THZAYNT,1500.0,749.0
SMPEJWCKPNNPDVKG,199.0,120.0
HMBEJH7DSUDXCGK8,899.0,299.0
BBAEJA4VWFFEZARG,653.0,435.0
SUDEHYGVYJBUNY3A,1400.0,358.0
SUDEHYGUFAGB4NYH,1400.0,358.0
SRTEGYXHGCTXUBD2,649.0,649.0
SUDEHYGUWDBVFRMH,1400.0,358.0
SUDEHYGUHDGKVZVS,1400.0,358.0
SWIE5GN6EQ4HKHVD,699.0,699.0
VCLEHVYZ6XBJHHMG,4195.0,1800.0
SUDEHYGUYBE5KGMW,1400.0,358.0
SUDEHYGVUAJZFGYK,1400.0,358.0
SUDEHYGUHD7GX9H6,1400.0,358.0
SUDEHYGUJ4G4CVKY,1400.0,358.0
SUDEHYGUMT6UGYAR,1400.0,358.0
SUDEHYGUGMJ4ASNN,1400.0,358.0
SUDEHYGUSSZGDBRQ,1400.0,358.0
SUDEHYGUBYUKVZYJ,1400.0,358.0
SUDEHYGVDNRHYPTW,1400.0,358.0
SRTEHVUQP4SJGWEK,549.0,549.0
SUDEHYGUMVVYKJCW,1400.0,358.0
SUDEHYGURGZAKEGC,1400.0,358.0
ACCEHZF9EDRGHXCF,899.0,320.0
SUDEHYGU9BE2XETS,1400.0,358.0
SRTEHVUP4FPGWYVZ,499.0,499.0
SUDEHYGUU99UH5PJ,1400.0,358.0
SUDEHYGUXGNXBNZM,1400.0,358.0
SUDEHYGUZMA4GG74,1400.0,358.0
SUDEHYGU4GE9UCXJ,1400.0,358.0
SUDEHYGUUFRKNMUE,1400.0,358.0
SRTEHQFQXGYQGGGH,529.0,529.0
ACCEHZF95ZRCKACD,899.0,320.0
SUDEHYGUHURV3WBU,1400.0,358.0
SUDEHYGUD6ZMX9AU,1400.0,358.0
SUDEHYGUGCPQ5CUP,1400.0,358.0
SRTEHHXG8MUXTGPA,529.0,529.0
SRTEHHXGEVDQMEQV,949.0,949.0
SRTEHQFQMZKU9NVY,529.0,529.0
SWIEH37JZCRUTUD2,1399.0,1399.0
SRTEGJV4J8DRGYG3,549.0,549.0
SUDEHYGURKV9EVVS,1400.0,358.0
VANEGDV8HEGKHDAQ,400.0,360.0
VANEGQCWZYFZ3EYJ,320.0,290.0
SCIEFHFUUSZZD24P,898.0,599.0
VANEGQCWHHXD34HX,360.0,345.0
LLIEGTMFJBD7ZZZM,1800.0,1710.0
DSTEJS74YZGHCWTH,3999.0,1749.0
PELEGTPGEMCWUGS8,1100.0,550.0
PELEGWXGPG8UEXPN,900.0,586.0
PELEGWX8QGNX8E8M,3350.0,2178.0
PELEGTPH8VFNGMYK,1100.0,550.0
CAPEGW7UTGHRJBEW,800.0,399.0
TOPEH386MHGAZYNK,1597.0,479.0
LJGEDCVZU8QBJ8QQ,1299.0,1039.0
ACCEGWH3M56QEA7Q,6999.0,5999.0
CSKEH3JPF4EJVBSF,2700.0,984.0
KHREH26ZBZCPVPSJ,1599.0,1199.0
KHREGSDWQZKZRY3J,500.0,300.0
CSKEH3JP5XDGMBYE,2700.0,984.0
BOTEH2PJRPBTGXMB,850.0,380.0
TOPEHFGN5E8MNFNC,1299.0,899.0
SWKEDTNSHNPKBVWZ,499.0,299.0
RNGEH4GMATPEZ3VV,4789.0,1915.0
JEAEFYQHSR7BWPG9,975.0,775.0
LCHEH4GTFX23CPZR,4999.0,1599.0
LCHEGYYBWP4ECBZJ,2000.0,1770.0
TOPEG9E7THQKQDQ7,499.0,499.0
CNSEH4JEFRFBFYZV,1090.0,1090.0
BOTEH2PGHGGCUPHH,1599.0,1099.0
FABEH2JKYTARAYRD,2499.0,999.0
CNSEHF8FGDHAGGGR,2832.0,1899.0
RNGEH3H8UQ2FHQZ2,11786.0,11786.0
FABEH2JYVTGFEEFT,1999.0,849.0
RLRDY36SXZNHEQWA,49.0,49.0
TOGEH4GUFUXQBEED,799.0,499.0
SFFEGZBXTYFSYJQA,349.0,349.0
JEAEGY7XWTDDWDEQ,2000.0,599.0
FABEH3PHY4AFAZ6U,4999.0,2699.0
RNGEH3F2FAPU3TAG,25603.0,17923.0
CSKEH3JPCEGTMZFP,2700.0,984.0
TOPEGQKDATUDJTAG,799.0,799.0
TUNEGFXPUZMRAPDG,2150.0,1050.0
JEAEGP3SASYHPJVB,1499.0,799.0
FABEH3PHHZ37AZAF,4999.0,2699.0
SFFEGZBWFGFTGYY9,249.0,249.0
RNGEGMMBHHARCJ6H,1099.0,599.0
RNGEGMMBSE4SDN6U,1099.0,599.0
SFFEGZBXZZQ34JGG,349.0,349.0
RNGEH3H8VBHZGEGK,5373.0,5373.0
TOPEH3KTNUUZHJEZ,299.0,299.0
RNGEH3ETCHGWGWGZ,30461.0,21323.0
RNGEH4GPKEHEUZGT,3344.0,1337.0
RNGEH3EUGUQEGWN5,42125.0,29489.0
TOPEHFGNNEE2ZGBU,1199.0,799.0
KHREH26Z6GEDTYYH,899.0,599.0
TOPEGVHJECVFBRMF,1749.0,699.0
RNGEH4GPGDHJ5YUX,2989.0,1195.0
RNGEGMMBCJGQGGEF,1099.0,599.0
TOPEGQJYGPFHEKCK,1999.0,1999.0
FABEH3PHASHTTANZ,4999.0,2699.0
RNGEH4GPXAHBVUZY,3229.0,1292.0
TOPEHFGNNB2Z5MG4,1199.0,799.0
FABEH3PHVMXXWTMA,4999.0,1349.0
BATEGR3ZHKPGMHXD,3999.0,3999.0
SWKEF24BN9GU9ZH7,599.0,349.0
ACCEGWH3SKZJQXJQ,6999.0,5999.0
SHTEJR4G5K3TAMCM,1799.0,1259.0
WLPEJR93AGRUSEZH,4999.0,2490.0
WLKEEXSVZWZHJEZW,1299.0,850.0
BOTEEWFAGTNGUQ5A,1799.0,1799.0
JEAEG6GRMCRZZJ7H,1399.0,1399.0
HMBEHBANHWHNQF8B,2099.0,2099.0
HMBEGWTFEV4TF2RH,999.0,399.0
DUPEGNY4RYYXGJH6,500.0,200.0
NKCEGZYYXQTQGX4Y,200.0,200.0
NKCEGMUCHG4CKEGB,3100.0,1890.0
NKCEGMVCHERZZQMW,3100.0,1690.0
BRFEGJJVBZ7SXMXH,1245.0,499.0
SHIEGHNCZBRTKZCR,699.0,399.0
DUPEGNY4KKHNQJ4G,500.0,250.0
NKCEGGEKFYFYYNNA,2990.0,1400.0
BRFEGF7QDMHUSF2T,340.0,245.0
DUPEGNY42VRHCFMA,500.0,250.0
NKCEGGEKZXHG2ZGN,1900.0,690.0
NKCEGZZGGGDCERGH,2999.0,1499.0
MNTEGKSZD2ZWUBZK,1490.0,540.0
DUPEGNY4FJZUFGGQ,500.0,250.0
NKCEGGFGCKCZS72F,799.0,499.0
NKCEGMUZBRDAPCJK,2990.0,1690.0
VATEGH5PGRHDVZGS,599.0,249.0
NKCEGHR7YXJD3QVA,800.0,450.0
NKCEGMUABCRGUZPE,1590.0,990.0
DUPEGNY4FVGZWYU8,500.0,250.0
NKCEGMUCMFXZ3FZZ,1850.0,990.0
BRFEGJANHRABGE2Y,370.0,370.0
NKCEGNP35GW3UKNY,799.0,349.0
ACCEG7AG8EUZRRZY,1009.0,351.0
NKCEGMU2PNE4TNGD,2990.0,1690.0
ACBEGWQ2REAGC6JZ,1300.0,590.0
VESEGHG7WGPUAAFC,899.0,399.0
CLTEGMPW379HKACN,499.0,275.0
MENEGM3KHBAZGCHY,999.0,540.0
VESEGHG7CEUHDZVZ,1099.0,499.0
CLTEGMUMJTPY4RMG,499.0,275.0
WRSEGHG9XGHVRSJR,999.0,399.0
CLTEGMRUZGHZSTWH,499.0,275.0
VESEGHG7JH79NGZX,899.0,399.0
CLTEGMYW2RWRDH5X,2500.0,989.0
CLTEGMUMNQXUEHHX,499.0,275.0
CATEGGZBHAN7EKHN,4995.0,4245.0
SLBEG67VYSJW2YXC,1199.0,899.0
SKIEG49YYDQ2QDKM,699.0,549.0
VASEHU9W3N9RDPGZ,2299.0,2173.0
VASEG3YYGEKHXWN6,599.0,428.0
SKIEG5AFJHKZ6KYN,1799.0,1799.0
TKPEGFWWV9K7PMMD,899.0,424.0
TKPEHZ2Y6KFV5ZQR,849.0,849.0
HAREHQNYQ9ZFQZTE,1399.0,1399.0
SLBEG68TKWYVGNKT,1895.0,1295.0
TKPEHZ2YKJECKGQK,849.0,849.0
SKIEG6R7Y6N66FS5,1200.0,599.0
SKIEG6VFMGKXVBDQ,1399.0,898.0
TKPEG6PZEBEYFB2M,599.0,530.0
HAREG4928QYXAP3E,799.0,299.0
ACCEDCYTFNHAVRKN,1299.0,999.0
STIEGPNXUZ7MJHNF,1199.0,299.0
KTAEGPBZ6XEZTRWV,2100.0,1470.0
SFFEGP24CR5VDNZC,849.0,699.0
KTAEGPBZAGHZJ9AG,1570.0,1099.0
TSHEGMWZYCTCDAAZ,1195.0,478.0
BRAEGP6SFGYKNNCD,250.0,250.0
RSFEG488DKQHFEPZ,7600.0,3799.0
TSHEGJBQHHKQ5NUF,795.0,795.0
JUMEJCDRCWWKBQSX,1299.0,599.0
SNDEJGWQSWNHXXA3,1899.0,1138.0
SNDEJFXXPRF72SHH,1499.0,899.0
RSFEGR7K2RWHSQVH,2999.0,839.0
TSHEJXPHQSH4QVZY,549.0,439.0
CPCEKY4TKBYFE7PH,1499.0,489.0
NSTEG358AT2YQVV2,650.0,490.0
SHOEGRUNZPJDGG2Y,799.0,599.0
ACCEJEEYKYZKGH3C,999.0,199.0
CHGEJCWFY4HFYVZ8,999.0,399.0
MNGEJHG7EJQRYA5Z,1900.0,650.0
PTPEJQR9VKFUV4HY,699.0,659.0
CLTEJQ8FTCZAEPNG,599.0,248.0
BAKEHZBZFWYNKSA5,1999.0,999.0
PTPEJNZ3HJZ3BWHN,1020.0,510.0
SHDEJFVQ6ZMNFGAY,1500.0,500.0
MNGEJPR8S6FCYBTG,999.0,299.0
MNGEJPRAZHS5ZZGA,1599.0,549.0
PTPEJNZ3JY75FCYC,830.0,299.0
MNGEJHG7AVRHC8VF,2100.0,730.0
MNGEJHG7YHYZGUGH,1500.0,550.0
MNGEJHG88GBMRAUR,2000.0,760.0
PTPEJPZSEFCE3CZW,1149.0,825.0
HLMEJP6GND3GQESW,850.0,750.0
PANEENEMG9NPM2QQ,358.0,358.0
BLUEJQRHM9VA48GF,2299.0,1999.0
BAGEHQ64CJMVM5WY,1599.0,1500.0
HLMEJMBMUCEYKEFN,850.0,750.0
EDMEGN28ADZ5HZMG,4499.0,2999.0
MNGEJQYUARJXF9EC,999.0,299.0
MNGEJHG8HDGRHFHW,2500.0,850.0
MNGEJPST4MZDZCHT,1599.0,549.0
TWCEJFXHJGGJNHAV,990.0,466.0
TWCEJFXHC2FYZXSM,990.0,466.0
DIAEEUAM8QXHB7BD,120.0,120.0
TWCEJFXHFZT5UYFQ,990.0,466.0
TWCEJFXHXUEGDNQG,990.0,466.0
TWCEJFXHMSCXWE9J,990.0,466.0
TWCEJFXHKFKVGPV7,990.0,466.0
TWCEJFXH4EU2JZYG,990.0,466.0
TWCEJFXHSBXQEGSJ,990.0,466.0
TWCEJFXHGJDZAXVT,990.0,466.0
COAEJFTZEFVYTVBG,790.0,299.0
TWCEJFXHNZ8GB8VX,990.0,466.0
TWCEJFXHGDSG5XZV,990.0,466.0
ACCEHKGNZCXWRVFM,1359.0,999.0
VESEH6SG6VCYFWKF,600.0,265.0
SAREH72VZUZG8FSY,1899.0,500.0
SAREH75XP4PDVJVW,2999.0,899.0
FCTEJXGUNGMHANE2,2500.0,999.0
LINEJS5FBFRF63GJ,2443.0,999.0
SHOEJWNPWBWCE7HQ,2199.0,1099.0
LINEJU3ZCWBBFTKG,599.0,399.0
SHOEJUUVN2BVGSJZ,4595.0,2695.0
CPCEJCCPYGHSTWTF,399.0,100.0
SHTEJVJMEYV6U4HU,1299.0,399.0
POSEJUACYNRRFWFH,999.0,699.0
PELEJUCGWJAHT6CW,529.0,349.0
TOPEJP3ADHB6E8FY,3000.0,1399.0
SHTEJT4D7Y9NTWYZ,999.0,349.0
SMCEJV6XD3WH3NBN,799.0,299.0
SHOEJUQGNBAHYR3E,840.0,840.0
TOPEJRDFKFGPZEGZ,2000.0,999.0
PELEJUCGBEHUGMZF,919.0,919.0
CAYEJFYZ6B73NUMH,600.0,190.0
SHOEJUQFQURGGFY4,840.0,840.0
SHTEJWHZKQGRNFG7,4299.0,4299.0
TROEJF3VVVJHAGBJ,799.0,495.0
NDNEJRAKNGQDPTZH,2599.0,819.0
PELEJUCGZHFJDDNF,869.0,699.0
SHTEJT4DCZAKK3YW,999.0,349.0
COAEJR9HJP5BXJQD,299.0,199.0
NDNEJRAPFDZ3R2HG,1499.0,489.0
JCKEJNH2UGZFF5QZ,7999.0,7999.0
CTTEGF8YF2TCTHYV,1200.0,699.0
CPCEJCCPQKBGD2NH,399.0,100.0
SHOEJUQGGZQPCVYE,1740.0,1740.0
PELEJWHBZZHFCF4H,1173.0,351.0
TSHEJT2R2XQJN8D7,549.0,549.0
PELEJUCGUAPQRCZX,759.0,609.0
NDNEJRAZNQBZQWQK,2999.0,1039.0
PTLEHK3XF6HH8ENC,1797.0,599.0
TSHEJUCY9HGZMKHJ,299.0,299.0
POSEJUA75X5VGPAJ,999.0,699.0
SMCEJV6XGQDBMGGQ,799.0,299.0
IRNEJQ46V9JGMQGQ,820.0,820.0
JCKEJQR2RDXBH67V,20663.0,6199.0
PTLEHK3XG2WWESAY,2997.0,999.0
JCKE25R8CGBFNJ4H,2299.0,1099.0
SHIEBBWHC4YGH5GY,17460.0,17460.0
JWSECGFU8YKHTSMU,1439.0,719.0
SHIE4THTCWNHTZXM,1100.0,730.0
VANE4VND2XHZRCNT,2000.0,1295.0
BBAEC897YCBZPV8H,255.0,179.0
DBLEYRJQ87UY3G6F,1999.0,1399.0
JWSEEBGDNZU5WBYY,1658.0,829.0
CRGE956ZTWA2Q4JW,4499.0,1899.0
SHIE4THT2KHHGU8H,1500.0,1085.0
BBAEDVYSEN75YZZ7,594.0,475.0
SHIEBBWHAJKSZDTG,47620.0,47620.0
JCKE2HWFZD5HZRE5,999.0,699.0
JWSDXV8PZQXWKY2A,1060.0,590.0
SHIE92XGJHG4HH5E,620.0,449.0
CRGEYZ5FGRTYJUT6,2495.0,999.0
VANEA92TVYHVE29G,1950.0,1500.0
BBAEEBGMPBGA2GZU,449.0,349.0
SHIE3QDHGXSE3PYE,22525.0,21800.0
SHIE6YR3UCUF4D6Z,2700.0,999.0
CRGE5F2RWVWUHYTC,1695.0,1175.0
VANE9ZH3RSHMCJRV,2599.0,999.0
SHIEBAXYS3FUTX8Z,5140.0,5140.0
LFHDBF4BY3PS66NG,185.0,185.0
SHIE9YDH4WHHEXZH,1800.0,1480.0
JWSDYFUFNYBSDY6B,1590.0,795.0
VANEDGK7MSFHYRNV,1599.0,799.0
SHIE6G82KNDJUCAQ,6875.0,6655.0
BBAECH863BHGQGC6,649.0,459.0
CRGE9667SJM3Z4PH,750.0,750.0
SHIE9YDJP6JVWDFK,1800.0,1480.0
JWSEBCY4HDWGJZBT,1600.0,800.0
BBAECKHYXGE3VJXB,598.0,499.0
JCKEDGHEZPXRVFAH,5999.0,2799.0
SHIE853ADDAHYSFQ,2175.0,1958.0
JWSEBCY4ZD93RF39,1600.0,800.0
SHIEBBWHWEV8TZDS,17460.0,17460.0
BBAE9ZSFDZ5JEFGA,675.0,473.0
LINEBAF6ZJH5RAVJ,1599.0,1599.0
SHIE4GFNDBQTUBTU,520.0,520.0
JWSEBCY4TGWWVQHH,1000.0,500.0
VANE8QPQZFRE6XVN,1750.0,870.0
SHIE3QDHDTF4BMK4,11250.0,10890.0
BBADVC3FTSDUUQD2,690.0,489.0
LINE9YX3ZAVWPKZN,3995.0,1997.0
PTYEAF59EF4Q9R7M,499.0,499.0
SHIE53GCQDQEK7SF,1100.0,1100.0
JWSE6GH6HKQFXTTD,1650.0,890.0
VANE3KUFUXF2CVHU,2277.0,799.0
BBAEFCZMPZXMYXHZ,199.0,149.0
JCKE3X2R6SBVFZGB,2245.0,1345.0
SHIE4SFGBDRCCCDA,1710.0,999.0
JWSEBCY4HHXYGZJG,1600.0,800.0
VANE3YXDHDRWR9FU,1699.0,849.0
SHIE3QDGUEGVZJZ8,15000.0,15000.0
CRGE3QD5W7C9QGKR,1699.0,999.0
SLOEBHYNHETSRBXN,19999.0,17000.0
VANE5BVUBG3XTYWQ,2500.0,1998.0
BBAEAGXHJGPGXMYG,199.0,149.0
JWSDZCHGUTXYUGZD,1998.0,799.0
SHIEA47THGAJETFH,2300.0,1980.0
CRGE4XJBHZGHJYGU,1799.0,1799.0
PTYEE5HGHDENG7GY,200.0,150.0
SHIEB85ZA9EMJ4BZ,13610.0,13610.0
VANEDVKNN2HWXVZN,1599.0,799.0
SHIEAVZQQUWKYURZ,1299.0,1149.0
JWSDSCB7SN9AYB4B,1538.0,615.0
SKTE8HA22ZZZ2DDH,7550.0,4500.0
CRGE5D38Y762HXPE,1399.0,1399.0
BBAEAX9RJMZKFY3H,149.0,99.0
SHIEBBWHSYHSVV4U,17460.0,17460.0
VANE2ENYCDFZYHD3,4499.0,625.0
JWSE29XBXVZBYDGK,1999.0,995.0
SHIE7XCGXYYTGFYK,1010.0,909.0
VANE97CQUZGNYATF,1998.0,999.0
JWSE5GJ3Y8CVGJHE,1149.0,642.0
SHIED9YEH65NSA8N,1200.0,790.0
CRGE6A537MTKZBVN,2199.0,1599.0
BBAE5W34GYHRFW3S,395.0,299.0
SHIE7DJ6GN2KBECB,3390.0,2190.0
CRGEB5MNWY2XSW7T,1995.0,1395.0
SHIEBWNUNANV22KB,13400.0,13400.0
LFHDQAZP4FHGGZEM,990.0,990.0
BBAE9K7BXFUTDNBK,499.0,349.0
VANE8KP4GWZPNKQZ,1455.0,1350.0
SHIEAVZQBP8HKYNH,3500.0,2299.0
JWSEEBEEHKG4ZGRG,1900.0,999.0
SHIEB85ZRAUWMFTT,4890.0,4890.0
PTYEDMT4FRUDXZCP,799.0,350.0
CRGE8AUCFCPBYXYH,1799.0,1079.0
BBAEBMPYGY9XRK5M,399.0,299.0
VANEDGK7GGH3ZDMQ,1599.0,799.0
SHIECPXYNJ8UHGFN,1850.0,1399.0
JWSE9KZTWGWKVYYH,1129.0,649.0
AUDCY8T7KPEG3ZZF,4225.0,3450.0
SHIEBGHDHBWNZBJB,4060.0,4060.0
BWLE6SJE9PXGV6DD,350.0,249.0
BBAEY9YKJHHPGZCE,499.0,350.0
SHIEBWNUURZ8BWDZ,3200.0,2850.0
SHIE4T77GMCNHFBC,4500.0,4250.0
CRGE7MMHVKPEZZA5,1765.0,1475.0
JCKECHXWDYSVDZG2,1599.0,699.0
SHIE6KAJKKRGGCSJ,3299.0,2045.0
VANEB97UCYGMNHRY,1566.0,783.0
SHIEBZY34GZUFZQX,36320.0,36320.0
JWSEBCY4FAPWRMWH,1600.0,800.0
BBAE6GAWXPSTTPC8,595.0,417.0
DBLE5GN47ZHKCCCN,2700.0,1400.0
SHIE93YGTRAV6XTW,1200.0,699.0
VANE3KUFNUEGQNKH,1980.0,699.0
SHIEBWNUB6QGHNGD,13400.0,13400.0
JWSE9CZDPATTCRX7,2000.0,999.0
BBAEBSGBZHAAQNSZ,449.0,349.0
SHIEHGXHM6VBHTUR,3579.0,2151.0
SHIEHGXH8GPWGWFE,3579.0,2151.0
SCFEHDJN5HUHSG5F,478.0,239.0
TKPEFT4AD3ZQZZHN,599.0,271.0
SHIEHGXG5PNH2HEF,1249.0,751.0
SCFEHG2YYVH2PSYX,1299.0,599.0
SRTEGJV4ZHD7QJAS,1149.0,1149.0
SHIECGUP3UE5HNXG,699.0,699.0
RNGEDAKCYXSZTFKX,25730.0,20584.0
RNGEDAKCZAZQTEZZ,20458.0,16366.0
ACCEA8JPDNTF7NZN,1299.0,549.0
RNGE7M92BFXHH5VT,24314.0,16914.0
BLAEE2GNSTEYGRFF,1599.0,849.0
RNGE7M925Z3VHYYC,34687.0,24368.0
ACCEABVYXNHCT8UE,1499.0,649.0
SHTE6YYZTJU2UUG3,895.0,716.0
RNGE7M92GMQNSPUG,31774.0,22492.0
ACCEAZCVS4YGWUVH,1299.0,599.0
ACCED9SYEFGGKHZJ,699.0,310.0
RNGE7GVYAP66GRDD,27136.0,19214.0
SNDDXFGFZEPHH9S2,1995.0,1995.0
ACCE6P3A5JC6BDHZ,1499.0,649.0
SKIECYAEGGB8EPWU,949.0,549.0
IFPEE76BG92E5SVS,1499.0,599.0
RNGEDAPSZFBHAGJY,24449.0,19559.0
RNGE7M92CZF9KXHA,34340.0,24608.0
ACCE6DZC6Y5ZYCZ7,1499.0,649.0
RNGEDAK9ZKYRNXNA,27849.0,22279.0
ACCE8XZMFNFCDPXE,1299.0,599.0
RNGEDF5HZEF9XTYZ,34905.0,24932.0
HMBEDCJHGYJA5XFR,1099.0,399.0
RNGEDAKCZZGK5HXE,26838.0,21470.0
ACCEAZCVABRA3MXR,1299.0,599.0
RNGE7GVZYVV9XBMF,26856.0,19074.0
RNGE7M92ZKYSGGZX,23284.0,17302.0
ACCEAZCVBHKKDVMZ,1299.0,599.0
RNGE7M92TD8CMXXF,31484.0,21812.0
ACCE6P3BKHFJ5XCZ,1499.0,649.0
RNGEAM4NQRDT26B7,22752.0,15699.0
ACCE6DZCJZ3M2DAT,1499.0,649.0
RNGEAM4ZFGWHWMYZ,29614.0,20434.0
ACCEAZCVK24U8KVZ,1299.0,599.0
RNGEBKGHZYZMEREZ,31869.0,23902.0
SNDEBFPYNJJZXZUX,1590.0,1590.0
VTEEBGHKZAMGQAHN,1450.0,1099.0
ACCEAZCVKBUXGJHY,1299.0,599.0
RNGEDAK7ZDCDHUZF,22169.0,17735.0
ACCEDUUFVGNTC7ZW,699.0,299.0
RNGEDAK7ZFFEYTA3,29344.0,23475.0
SKIE83ADUJ28U8ET,899.0,499.0
ACCEFMU3W9JTAHMQ,2500.0,999.0
RNGE8ARYWYEBY3YB,21230.0,16170.0
ACCE9E2RT56M3GSU,2500.0,550.0
RNGEDF5HDGKZGA3T,31281.0,22343.0
ACCEABW8QWGJANDU,1499.0,649.0
RNGE7M92QUGAFNW7,22426.0,15552.0
HMBE7G34Z5CGHWYV,799.0,249.0
DKOEEY6F7TGXSD4X,300.0,250.0
ACCEAZCVWMCUN6MZ,1299.0,599.0
RNGE7M92T8TC3DQH,26848.0,18834.0
RNGE7M92KMMGTSVZ,24919.0,17218.0
ACCE3YFFWB4HHHG2,1999.0,599.0
RNGE9DXYHKZJAU3F,23000.0,17800.0
BLAEE6KTKJGZBXXZ,1499.0,749.0
RNGE7M92HHHRXZKG,27603.0,19808.0
ACCE6DZC4YWVGMZH,1499.0,649.0
RNGE88Q9FH632SHU,29381.0,20399.0
BLAEE6KTGFDV8NGP,1499.0,749.0
ACCEAZCVX4EZAQHZ,1299.0,599.0
RNGE7M92XHFRHZCB,30445.0,21410.0
BLAEDJNKEWUHHBF5,2999.0,799.0
RNGE7M92W7Q2JWHU,22519.0,15599.0
ACCE8XZMAHNC8JVS,1299.0,599.0
SNDE6HZFUPMKTCA7,2400.0,1900.0
ACCE6P3BBZD72UJ6,1499.0,649.0
SHTE7FR4YZZ77Z9Q,1350.0,675.0
RNGE7M92QZ4HZGRD,26134.0,18656.0
ACCE6RHG47DESW3Q,1499.0,299.0
ACCEAZCVGHVNJ5YX,1299.0,599.0
RNGE7M922VGFBDGG,27438.0,19310.0
RNGEDF5HNRSK8VF2,27523.0,19659.0
BLAE6DPHGJXV84EH,1500.0,799.0
HMBEEFYBSRZZM9NH,650.0,249.0
RNGEDAPFZ2GKRUER,26450.0,21160.0
RNGEDAK7ZHEZDHEH,28285.0,22628.0
ACCEAZCVTGP3N4TW,1299.0,599.0
RNGEE8ZHGY6YMKRY,35609.0,24926.0
RNGE7M92DX7YNQCH,34081.0,24064.0
ACCEAZCVAMFHDPY7,1299.0,599.0
RNGED78RWSSAT7GT,21410.0,17128.0
BLAE6ZNNDQZXKCHQ,1099.0,549.0
RNGE7M92A7GQTZZ8,34852.0,24865.0
ACCE8XZMK22VHFTH,1299.0,599.0
RNGE7M92HYNHNAYS,31423.0,21901.0
RNGEDAKFYHUQUWBS,30023.0,24018.0
RNGE7M92H9QHRKEX,29793.0,21083.0
BLAEEGQXXXKECK8Y,1999.0,599.0
SNDDVP9CXEMXNHFS,2799.0,1679.0
RNGE7M92V5GTURFX,26389.0,20126.0
ACCEAZCVVFPBJAGB,1299.0,599.0
RNGEDAK7ZJ3GXRGU,23874.0,19099.0
ACCEAZCVDZH4YF57,1299.0,599.0
SKIEE2A2ZKAJQTB4,1099.0,499.0
RNGEDAK9YXVZV6G9,20574.0,16459.0
ACCEAZCVEKWMNSEY,1299.0,599.0
RNGE7GVYR3UHDJNJ,23190.0,16454.0
ACCE7XGJZWRHVHPH,1399.0,599.0
RNGEAM4MSHF34GHZ,22507.0,15530.0
ACCEAZCV5BHHDHFK,1299.0,599.0
RNGEE8ZHQ4HRM5WY,26016.0,18211.0
HMBEDCJHT4FCFKGD,1099.0,399.0
BLAEE3YXZGWWT8UD,2999.0,999.0
RNGEDAK7ZZYGQ3SF,21365.0,17092.0
BLAEE3YX3WETHSZD,2999.0,999.0
ACCEAZCVJZFACTYS,1299.0,599.0
RNGE7KFY3XZNZS48,22520.0,15979.0
ACCE8XZMBCKRGRVS,1299.0,599.0
RNGEBKGHZFCSNZWZ,23094.0,17321.0
ACCE6P3CAUF6GFEW,1499.0,649.0
RNGE7M92STBDGEGA,26200.0,19986.0
ACCE45UGGC7GVAVG,1299.0,599.0
RNGEAM4MKS2EYSTX,34884.0,24070.0
ACCEAZCVNCRZFDJG,1299.0,599.0
RNGE8UGWZZHGBJXC,30576.0,21885.0
ACCEAZCVNKDCDDRU,1299.0,599.0
SNDDPXG7SGBHW6AF,2799.0,1679.0
RNGE7M928WXJWBMS,32199.0,23534.0
LSKE5U4JKDMDSVF5,425.0,75.0
ACCE6DZCN3VN5ZSN,1499.0,649.0
RNGDXNG3HGFQXGAH,25375.0,19031.0
HMBE7G34YHWPWKYN,799.0,249.0
DKOE3CTQHYQZ6YYE,240.0,199.0
RNGE7M92VPHQ6NJS,21308.0,15489.0
SKIEC87PN6FWXKNJ,999.0,499.0
ACCEC87TREZYJJPE,1299.0,1299.0
RNGEDF5HFUJ4Z6RE,23952.0,17108.0
RNGE7M92A2RFPMED,34309.0,24438.0
ACCE8XZMD6J8HBY3,1299.0,599.0
RNGEDF5HNYYJGQB9,26616.0,19011.0
ACCEAZCVXMF8SC2B,1299.0,599.0
RNGED5YZZBX8PGHN,35333.0,24733.0
ACCE8XZMZKPAJRGV,1299.0,599.0
RNGEDAPSYR5YHGZG,24449.0,19559.0
ACCE8XZMDYUKF8SG,1299.0,599.0
RNGEDF5GSECGAM8F,31085.0,22203.0
BLAE6DPHFYECGZ68,1500.0,799.0
HMBE7G33NPATJGH5,799.0,249.0
RNGE87FCCDJQYSQ9,24954.0,19438.0
RNGE7M92PHFGGBUJ,34283.0,24192.0
ACCEABW8VUK4NHQS,1499.0,649.0
BLAEE6KTDSUHYYSJ,1599.0,899.0
RNGE7M92NZGZSZJQ,26456.0,18480.0
ACCE8XZM4RKCP364,1299.0,599.0
RNGEDAKDDTWVKUEZ,22924.0,18339.0
CAEE9Y64FBPZJUUH,245.0,150.0
RNGE7M92KAQWUBCS,26559.0,19698.0
DKOEAWE2SCYPC5AW,79.0,55.0
RNGEDAKEXFZHV4GU,18993.0,15194.0
ACCE8XZMEQ5C2MU7,1299.0,599.0
ACCEDJHQHQBZQY46,3999.0,1999.0
RNGE4YPTQYRECV9J,24728.0,17837.0
ACCE8XZM3YGBZ6BZ,1299.0,599.0
RNGE7M92PZ8ZNMHZ,24067.0,18056.0
IFPEEANZ88AYFQJJ,2999.0,2499.0
ACCE6CRF92JBR2HT,1299.0,594.0
HMBEE965MNXMUSFY,575.0,175.0
RNGEDAPFZE2K4KSD,28909.0,23127.0
DKOECHX3YEHGYMMM,400.0,246.0
ACCE4NR3ZTDM2UZX,1990.0,890.0
RNGEDAKEHNG9HGSH,30593.0,24474.0
BLAEEH2ZJ3G9DA7G,2100.0,745.0
RNGE7M92FZVK8YWH,25157.0,18166.0
RNGEDAKBZRJKYHDJ,27434.0,21947.0
DKOEDRRVZXRF3DRW,300.0,160.0
RNGE7GVYJYYWFNVP,33965.0,23672.0
ACCE3YFFDZYHG4MM,1999.0,599.0
RNGE7M92QK8FW7ZD,34433.0,24655.0
ACCEAZCVGMG4PW37,1299.0,599.0
RNGEDAK9ZZR8MGY4,25848.0,20678.0
DKOEAPCVX76BTZG2,300.0,199.0
ACCE8XZMKHTPSVFW,1299.0,599.0
RNGEDAKAZRMFFPGK,19873.0,15898.0
SNDE7FD6YA84VHSZ,1590.0,1590.0
LSKE99UKDTDN7HBM,255.0,180.0
ACCE3YFF5RDZJKG3,1999.0,599.0
RNGE7M925YCWZZRR,25410.0,17879.0
RNGEDAPFZWSSMHYW,22750.0,18200.0
RNGE7M92NWJJEHDD,31190.0,21784.0
KRTE2A6Z9Z9KPAMS,5199.0,3099.0
ACCEAZCVAR9UDBGF,1299.0,599.0
ACCEDSKGPSQFT79Y,699.0,289.0
RNGEDAK8ZDN2J4FC,24240.0,19392.0
ACCEAZCVPTGEGVMR,1299.0,599.0
RNGE88Q9U5YZG3G2,32893.0,23487.0
ACCE4YAHHTZNGUCB,1999.0,899.0
RNGE8RDFZZAPBPKB,33706.0,24023.0
ACCEAZCVGDCYTVYA,1299.0,599.0
ACCEAZCVPD9H3UST,1299.0,599.0
RNGE7M922BTRCJGF,32990.0,23931.0
DKOECHX3NXXNMSHA,326.0,195.0
RNGEDAPSYZY4WGJV,27399.0,21919.0
ACCEAZCVGGGWZGKU,1299.0,599.0
RNGE7M92AC8CFMM8,32964.0,23503.0
GKEE5ZZ34VYKVZEK,1495.0,948.0
RNGE8AHWPEBHAPM2,24277.0,16993.0
RNGEDAKBVC9TKFHZ,23948.0,19158.0
HMBEEH85RYK3FAJU,1499.0,499.0
SNDEE4WVSTFCJFVZ,2490.0,2490.0
RNGE7M92AHYVJFTN,30445.0,21410.0
HMBEEGXYJZYRC3A3,1299.0,499.0
ACCEAZCVKCFSN4Z8,1299.0,599.0
RNGE8NA4ZZYUVZHW,32492.0,23194.0
ACCE6DZCGNZWZJYR,1499.0,649.0
RNGEAM4NNDFEFXGE,22214.0,15328.0
RNGEAM4MMF8BUZZG,26614.0,18364.0
ACCE6DZC3FYVKWHK,1499.0,649.0
RNGE7M928JSR2PZY,25917.0,18194.0
ACCECZTCGM5QTWWF,799.0,298.0
ACCEAZCVU9RPHNFG,1299.0,599.0
RNGEDAKEG2DV5Y5D,21153.0,16922.0
ACCE6DZC4SANU636,1499.0,649.0
HMBE7G34HWHHGXZQ,799.0,249.0
RNGEBKGHZ6EKKVFB,30460.0,22845.0
ACCEAZCVMCRXYYFK,1299.0,599.0
RNGEDAKFHRCFWQN2,18773.0,15018.0
ACCE9E2RYP2JXVBY,2500.0,550.0
RNGE7M92CXFX3PPA,24060.0,17201.0
ACCE3YFFEW3TAXZA,1999.0,599.0
RNGDXJ5UVGSEGHGQ,22374.0,16781.0
ACCEABVY6Y3HJHHG,1499.0,649.0
SKIEAY9JU2DTH5GW,1100.0,425.0
ACCE6DZCHNHYHZZJ,1499.0,649.0
RNGEDAKCZHXRBG9G,22775.0,18220.0
SNDEEH86ZXCVMR8D,1599.0,1599.0
ACCE3YFF4D4KYBF4,1999.0,599.0
RNGE7M92TGDFE3DU,21056.0,15302.0
ACCEAZCV3HFDYAHT,1299.0,599.0
RNGE7GVYUJEHNNJS,35044.0,24566.0
ACCE6DZCAGSQEW3B,1499.0,649.0
RNGE7M92FC3SNGZD,31981.0,22181.0
RNGEDAPTVZZTHMY4,26084.0,20867.0
RNGEDAKDZXZ7ZBES,26208.0,20966.0
ACCE3YFF2ERBY5ZV,1999.0,599.0
RNGE7M9279JQH6M2,23615.0,16564.0
HMBE7R2FF7QZHARF,799.0,249.0
ACCE6DZCFX6JK8ZJ,1499.0,649.0
RNGE8TQ9YUW7TTAU,29976.0,21475.0
RNGE8TFNWHGH2MRU,30679.0,21955.0
ACCEDFVFVMKXJGGG,3499.0,2999.0
RNGED5YAZMEZYGGB,23043.0,16130.0
ACCEAZCV9RKUAMHA,1299.0,599.0
RNGEDAKEZXMAXYKB,24485.0,19588.0
BALEDMVBJHEQRJS5,1299.0,699.0
ACCE3YFFQY82H72D,1999.0,599.0
RNGEDAKAZXTGZNAM,23819.0,19055.0
BLAEEH2ZH8PNRD6M,1999.0,747.0
SHVEARQAGHX9DCCM,999.0,190.0
RNGEDAKBZPHKHGCQ,19205.0,15364.0
ACCEABW85UJZ7BMZ,1499.0,649.0
RNGE7GVYVUZTYDQN,26203.0,18160.0
HMBE7G33MRRHSJFF,799.0,249.0
DKOECHX36VQW47UN,330.0,194.0
ACCEAZCV9DGDZDDD,1299.0,599.0
RNGE7GVYNY2QNZVK,34536.0,23868.0
BLAEEB88PCH2DKHD,2049.0,899.0
RNGEDAKAZRSRYN2X,24548.0,19638.0
RNGE7M92A3SXRGHR,24552.0,17862.0
DKOECHX3MAQ2GV6Z,400.0,246.0
RNGEDAKBZZA5AXWV,23409.0,18727.0
ACCEAZCVNQYF3NS4,1299.0,599.0
BLAE6DPHRB25VEHK,1500.0,799.0
RNGEDAKDYG555FAF,21153.0,16922.0
DKOE4CHENGYZ5PEH,289.0,189.0
ACCE7XGJXH9JZG59,1399.0,599.0
RNGE7M92EF2SQPJX,27045.0,19528.0
ACCE8XZMHMZTERSN,1299.0,599.0
RNGEDAKFNPUNF5BJ,25929.0,20743.0
ACCE8XZMDHKTDDTY,1299.0,599.0
RNGE7M92HQECSUYG,33357.0,23286.0
ACCEAZCVQFFGVXPB,1299.0,599.0
BLAEAHGV37V3A2GG,1999.0,899.0
ACCEBUEKVFFUX2DE,1499.0,1499.0
RNGEDAKBYYVCFWZP,28494.0,22795.0
ACCE7B8NZXHA5ZV9,1499.0,699.0
ACCE6DZCK6XYXSWG,1499.0,649.0
RNGE7GVYGYRGX5VT,25668.0,18583.0
BLAEE6KTJRCUYPFG,1499.0,749.0
ACCEABVY46SXFZW5,1499.0,649.0
SNDE78YZVGXGUZWS,1790.0,1790.0
RNGDY8PZCQHBYA8U,24780.0,17326.0
ACCEAZCVWSQFGFSK,1299.0,599.0
BLAEE6KTUAEBTDKS,1499.0,749.0
RNGE7GVYZGVHDS2V,35022.0,24440.0
ACCE8XZMDKTAZBAH,1299.0,599.0
VSBEGBH9QBHT2MQF,855.0,570.0
SKIEGHG56EC78YXW,1499.0,749.0
VSBEGBH8YSKZ7AGY,855.0,570.0
MBPEFHRT4Q8EVGNU,1099.0,529.0
MBPEEYTZMQV5SHNX,1199.0,599.0
BLAEG2BDYCYDNW6X,1499.0,524.0
BLAEFNHBFWEXG6YM,3699.0,1798.0
MBPEFHRYGGHJMRYW,1299.0,699.0
ETHEJG7NHGRFGHHK,1999.0,999.0
KTAEGX2WM2MBUSHJ,799.0,799.0
GUAEJGQCH9BNFH2J,999.0,999.0
ETHEJG7NW4M4AFCZ,1999.0,999.0
SWDEGU4MDSDGGJHN,869.0,869.0
KTAEGX2XSZU5ZBCG,1599.0,1599.0
LPBEJGFEZNV23SVG,140.0,130.0
LTBEJGVNHVHPUZ9G,1350.0,740.0
MPLEJEG8SDGZ4GGP,499.0,169.0
GUAEJGQCYFSQKW2W,429.0,429.0
ETHEJG2KXFSM6SYG,1600.0,800.0
KTAEJFR3WZTZVXU5,799.0,799.0
KTAEJFR4GF6B45ZM,899.0,899.0
SNDEGSZD4WHWUEPU,1055.0,699.0
DRPEC89ZRJRNHUGH,999.0,899.0
KTAEJFR22QUF6CCX,499.0,499.0
ATAEJ9E5YUYVUMSZ,415.0,332.0
ETHEJG9FWZ7NZ3GK,1999.0,1099.0
NSTEHZR6RYEWU5FS,999.0,999.0
SFFEHWF4HP7HGYUH,749.0,275.0
LJGEHWDVCNNGPECS,998.0,598.0
SFFEHVAVYGCD3HSD,599.0,289.0
TLPEHAKFGFC9QPM4,1699.0,1499.0
VESEHQBMFTXS6NSH,1400.0,750.0
LJGEHWCZAHHC6GME,1899.0,799.0
VESEHR7GYNHCJUJF,999.0,399.0
SFFEHUAUGA5GBTYZ,499.0,225.0
SHIE3QDHFYNWATPT,4375.0,3850.0
TOPDYAZZG5NU7ZBZ,699.0,350.0
INKDYVCR6P5Y9JDF,3999.0,3999.0
SFFEHK9JZTUFV3HN,799.0,249.0
BRAEBGGV3NPZHAGQ,899.0,399.0
BRAE6ZCHAHQE5HD9,210.0,94.0
BRAECKHYVJ8SSRQU,949.0,300.0
BRAE3TSHSGHYS8HD,499.0,149.0
BRAE8WYHWQ2QA6JG,800.0,329.0
BRAE5F3KHPGUMPCW,999.0,199.0
BRAE8RSADX6YHAQT,849.0,379.0
BRAEBADVVRBUXZGN,1200.0,550.0
BRAEDX65QNAZVKMS,850.0,399.0
BRAEDSGAURJGHHU5,1049.0,379.0
BRAEBKEQFBJ8CFQZ,999.0,339.0
BRAE5PKZVRNXECR2,359.0,149.0
BRAE6MPEE4X6CMB4,999.0,349.0
BRAEBUHYHEYKZKHK,998.0,449.0
BRAE73KFH8NEHZGS,699.0,699.0
BRAE8WYHMEGNHGQA,800.0,349.0
BRAEDQEDVTAKHTX7,949.0,289.0
BRAE3TSHRTGMZA44,499.0,89.0
BRAECFARXU3A3TNK,700.0,299.0
BRAEDSGBX5MZ2TTG,1049.0,379.0
BRAEE6YMNVVG9NXY,1300.0,399.0
BRAE7SQFYUNRAHH5,1000.0,350.0
BRAECKHYUPMRFRTZ,949.0,300.0
BRAECKHYMACXWRPQ,849.0,225.0
BRAE8QNFYHCSFHAD,649.0,289.0
BRAEE6YMJ9MUYSHV,1000.0,399.0
BRAE7Y46NQNWP8PG,367.0,127.0
BRAEDSKCXVNYXGA6,799.0,225.0
BRAE7V2UTY5PYTRT,450.0,140.0
BRAEBCY3PVYHYSTG,1349.0,359.0
BRAEE6KRYYYX2KGQ,1400.0,399.0
BRAE8QNFXPTNHXKB,649.0,299.0
BRAEAQMANF5GRRDB,999.0,299.0
BRAEDSGQVSTGKAYQ,499.0,122.0
BRAE3P8YHUMGMYJE,1599.0,149.0
BRAE8GC4STNFGQYF,1299.0,200.0
BRAE7MBPWCQWDZCZ,899.0,369.0
BRAE74BRUJV9K63H,600.0,249.0
BRAE5RWPVHKFKG2U,1199.0,215.0
BRAEBBMQY9VZRC7G,1099.0,459.0
BRAEFR6KTR6HRRTK,1000.0,299.0
BRAE785SGF7FDQ2P,1700.0,550.0
BRAEBBYRYT9WDJRQ,999.0,400.0
BRAEE2WG5FTSCEP8,899.0,249.0
BRAECTFYUXFSVZHE,649.0,149.0
BRAE7SQFUBCGUCWT,1000.0,399.0
BRAEDXPFA43N8HW9,499.0,97.0
BRAEB2ZTW8HKBSQU,649.0,159.0
BRAE3TSHW492YGSS,499.0,109.0
BRAE7SQFKFNVCTB9,700.0,299.0
BRAE93YWVTRVXEZC,899.0,379.0
BRAEAR7W3UGEZESY,600.0,270.0
BRAE44SCYYFM74DE,1198.0,299.0
BRAECPQ5HFH5NFAK,999.0,299.0
BRAEBXRBCCJAF72G,499.0,190.0
BRAE5F3KK3YG52UR,999.0,149.0
BRAEBBMQZDMZAEBV,749.0,189.0
BRAEARZHKSTMZSZ5,990.0,459.0
BRAEBXRBYHBYZ3NK,499.0,190.0
BRAE4F8NCQJFTGEZ,1200.0,499.0
BRAEBXRB322WRYZF,499.0,190.0
BRAECFARYPGBGYMW,700.0,299.0
BRAEBADVMBA59K3P,1200.0,499.0
BRAEB2ZTZVZNJRVT,799.0,200.0
BRAEE6KRZQSEBSQJ,1000.0,349.0
BRAE6Z79SBPKJ8GS,200.0,94.0
BRAE4DHZDPMTFZHC,359.0,139.0
BRAEAM6P8NGS3EYZ,399.0,149.0
BRAE8MX2DNXVEDNH,1499.0,529.0
BRAEYFDCXRHPBEVZ,780.0,315.0
BRAEBCY3MM4KMB3Q,1499.0,399.0
BRAE3P8YE4GVXVYG,999.0,149.0
BRAE8JUGDZBU9VR7,1800.0,499.0
BRAEBBMQZCKGFFGH,749.0,189.0
BRAEBBYRRZXUCNKX,899.0,266.0
BRAEBBYRUG384YFE,899.0,300.0
BRAEBG4DCHJMRYZZ,899.0,399.0
BRAE8TFMPNB5GSF5,899.0,389.0
BRAEB2ZTQF7MDZNN,699.0,149.0
BRAE7V2UXPZMDHQ7,450.0,140.0
BRAEAR7WZPQGPBZU,600.0,270.0
BRAEB2S8CN7SHNVJ,999.0,399.0
BRAECKHXH8BU3HBY,949.0,300.0
BRADQZFYHJGCEDV6,999.0,349.0
BRAE6GEHJSUGE3FN,950.0,349.0
BRAECTFYNTXZP5HX,649.0,149.0
BRAE6ZCKYRTT5HNN,400.0,169.0
BRAEBBMQNJSQHT3G,849.0,225.0
BRAE7Y46N7YAFU2H,367.0,127.0
BRAEFR6JZ6TD2JMY,1000.0,299.0
BRAEAR7WUVRVUAHY,600.0,270.0
BRAE3TSHUNYCRAST,499.0,99.0
BRAEBBYRHPZNNP6Z,899.0,300.0
BRAEAZEFT8RSHGJJ,979.0,389.0
BRAEA64BHDD2JWWH,1400.0,399.0
BRAE89DEFDRG5EK5,1200.0,299.0
BRAEE3GEYSHHAYQN,299.0,135.0
BRAE6FMZQEWZ3G8P,1199.0,189.0
BRAEDSGBPHRAHEMU,1049.0,379.0
BRAE3WVQSRGWGHZV,349.0,156.0
BRAEBCY3U9ZWA3AG,1449.0,389.0
BRAE8REMHA4XCZH6,729.0,319.0
BRAE3SGZXAPZKGDK,1299.0,149.0
BRAE7KQVPZXEUTHY,700.0,249.0
BRAECFKHXZ5TNW4N,799.0,349.0
BRAEBBYRZVQYHTSE,849.0,225.0
BRAE8RSARRKPHWUY,899.0,389.0
BRAE9TBZECJFUSBF,899.0,279.0
BRAE7T3WG36HBTQB,600.0,199.0
BRAEB2ZTUSHX6NU5,599.0,149.0
BRAEB2S8VJF83M8C,999.0,399.0
BRAE8MVUMSMBMNJS,1599.0,539.0
BRAEBBMQXKBAJCYA,1099.0,459.0
BRAEDUXKVAPEV9G6,949.0,299.0
BRAECPMHFGKYKJHA,1299.0,299.0
BRAE7KQVYF75XZRE,700.0,249.0
BRAECTFYJJNYCY3X,949.0,300.0
BRAEBBMQQNZ9RZWR,999.0,329.0
BRAE77MQX7VEEG35,1700.0,550.0
BRAECBDFHMH2VSWG,1200.0,299.0
BRAE3TSHWHCZVZW6,499.0,99.0
BRAEB2ZTMFRTJDDF,649.0,159.0
BRAEDZ7TZZYJEXFG,850.0,399.0
BRAE7MBPXNHC5QHM,899.0,349.0
BRAEBBYRZJZFGSYY,899.0,275.0
BRAE8QNFPH9CZSAQ,649.0,289.0
BRAEDN37XKYGFKGR,540.0,249.0
BRAEDTNZZHEJZXGZ,649.0,159.0
BRAE3MYUTWH6MYTU,899.0,429.0
BRAE9RDQHWKAKP3V,1000.0,399.0
BRAECTFY6FY5FHTZ,849.0,225.0
BRAEYFDEUGF2SWYY,390.0,189.0
BRAECZZTGEHGJFDG,899.0,425.0
BRAEARZHZE8F5SRF,990.0,459.0
BRAE8WPSX2PPJYMZ,800.0,349.0
BRAE7SQFZPFFQGBZ,1000.0,399.0
BRAEDQDFMNC6MQZW,949.0,289.0
BRAEB2S8ZJGNGKQS,999.0,399.0
BRAE74BR8ZFQPJXZ,600.0,249.0
BRAECTFYMXBDGSKA,849.0,225.0
BRAED6C5RRZJBRNP,799.0,298.0
BRAEE6YMHGPCFTYJ,1000.0,349.0
BRAEDSGQ92HDFACZ,499.0,122.0
BRAEDSGAUHAZHBY5,1049.0,379.0
BRAE8WYHTVZMFFHS,800.0,329.0
BRAEEF3QAMJAPC3Z,899.0,395.0
BRAEDVYSR3ZZTPED,1747.0,599.0
BRAEDNX2YYB3YKGU,1199.0,499.0
BRAE93YWH8CGYSHA,899.0,379.0
BRAE2NF6JYPGHQEF,599.0,130.0
BRAEBBMQHVUWMBJJ,1049.0,375.0
BRAEFR6JWFJZQZTH,1000.0,299.0
BRAE6AV3YVDFJZH3,489.0,219.0
BRAEDUXKUZUEP7GX,849.0,229.0
BRAEE6YMYZ4D5YGS,1000.0,399.0
BRAEDXUVZPX2RVVP,899.0,279.0
BRAE3RFCGHJGVJ9Y,1299.0,149.0
BRAE7FNDQBZGKKMR,799.0,239.0
BRAEDQDFVRGZBEEY,949.0,289.0
BRAEBHDVJYAKK44M,1199.0,499.0
BRAEBBMQYPYSHJZN,849.0,225.0
BRAEDH76Q44DNY23,999.0,414.0
BRAEBHDVGGJWNFAM,1199.0,499.0
BRAE8QNFJPKUJVJM,649.0,299.0
BRAEYPGFGBRMAEZA,600.0,225.0
BRAEDTP7YHBYWYG5,949.0,289.0
BRAEAZEFXGVCTJJN,979.0,389.0
BRAEAW9HSZNM5URR,1099.0,309.0
BRAE2Z9VKVUEJWZQ,649.0,249.0
BRAECKHYCMEGREDE,949.0,300.0
BRAE3TSHPTKBVBHK,499.0,119.0
BRAE7FNDFAB2PRQD,849.0,349.0
BRADM8DWHUGKNUE7,1099.0,384.0
BRAEBCTWGWYRWXHC,949.0,349.0
BRAE8WPSVX3UZDGV,800.0,349.0
BRAECKHYRHKCKCKK,949.0,300.0
BRAEB2S8XN46C9HZ,999.0,399.0
BRAEDQEDVZT2TZ8A,949.0,289.0
BRAEFR6JFJY6HBWB,1000.0,299.0
BRAEAM6PF9YRAWWQ,399.0,149.0
BRAEB2ZTZ4WCHZJ4,649.0,131.0
BRAE785RYFT8WTHK,1700.0,550.0
BRAE74BRGZGWZPCR,400.0,169.0
BRAEBBYRWHYKY7CM,799.0,176.0
BRAE6YVWQJNHHHGG,1199.0,259.0
BRAEBXRBYGYKC76H,499.0,195.0
BRAE3TSHYHHD8ZK5,499.0,129.0
BRAEDT7SZXA7TC4H,780.0,299.0
BRAEE6KRWZZGZKHX,1400.0,399.0
BRAE45XPZZABDMGH,599.0,240.0
BRAE8GDGSKTVFQZE,280.0,120.0
BRAEDTPHWGSGJY6C,999.0,399.0
BRAE8EHTPC3P248W,480.0,175.0
BRAE59YTMB36ZVFG,999.0,349.0
BRAE9QZUSEZAXPXE,1200.0,299.0
BRAE8JUHJB794RZY,1800.0,499.0
BRAE6Z79P4B94Y4T,230.0,99.0
BRAE74BRKHMECBHJ,600.0,249.0
BRAE8RSARNSJMZFH,849.0,379.0
BRAE8EHTGUTM8CX2,720.0,253.0
BRAE7YF6VHPYRVVB,647.0,284.0
BRAEAR7W79EXRGKM,600.0,270.0
BRAE8QNFYDHPVZBQ,649.0,289.0
BRAECFKHZBXHH5SS,799.0,349.0
BRAE5RZ6UGSFD9HE,1199.0,420.0
BRAEY7CD5UFJN9HS,189.0,179.0
BRAE8RSAVHEWMGZA,849.0,379.0
BRAE6ZCHHPFNBYNU,420.0,179.0
BRAEDQDFHD8EME7D,799.0,199.0
BRAEDQFRZAAEWCDT,949.0,289.0
BRAE3RFCXFYJQ9B2,1299.0,149.0
BRAE6FMZXSZWA2QY,1199.0,299.0
BRAE3TSHZCY2FJZY,499.0,139.0
BRAE9C3MZZ7SKKSH,560.0,210.0
BRAEDSGAJWXTPRPR,1049.0,379.0
BRAE6Y46TF8JCF3W,649.0,249.0
BRAE7YF6E3PH9JGW,779.0,340.0
BRAEB2S8RRCWFJST,999.0,399.0
BRAE3WVQGWYEUEZ4,369.0,154.0
BRAECFAREVYWQSQG,700.0,330.0
BRAE8QNFWA34HGDX,649.0,299.0
BRAEDNFGGHAFHEY4,576.0,249.0
BRAEEERRZPZMPJHK,850.0,399.0
BRAEA6Z4CTERPC7Q,1199.0,399.0
BRAEDTGQMXYVF7NB,1350.0,499.0
BRAED8GVYPBJ7HEX,699.0,299.0
BRAE6ZCKDZGD7FBN,600.0,249.0
BRAE8TFHVT8HVK7M,899.0,389.0
BRAEAR7WHKJ9GDVQ,600.0,270.0
BRAE89GGWTZ4BMNZ,1000.0,299.0
BRAEB2S8YKHN8KUE,999.0,399.0
BRAE6FZQNYTSJXGH,1199.0,260.0
BRAE8TFHW3BPZZFF,849.0,379.0
BRAEDNX2NHZX5PKN,1199.0,499.0
BRAECTFYRN4C9FU5,849.0,225.0
BRADWDT4ZDKGNZDN,999.0,999.0
BRAEDSGAEC85ASFT,1049.0,379.0
BRAECTFYVHHKMV9H,749.0,199.0
BRAE7YF6YZHQNQND,647.0,284.0
BRAE84GGENBAJ5DX,549.0,249.0
BRAECKHYUV7F5SCW,949.0,300.0
BRAEAHFYFKDVDY8F,1299.0,499.0
BRAE4VPRDU98VEKK,799.0,149.0
BRAEDACGYPAN2S54,999.0,414.0
BRAE57EHYXEMH88T,1000.0,299.0
BRAEBUG2K3G2JYAQ,998.0,449.0
BRAE3WVQPYSZ54FF,799.0,299.0
BRAE4ZWYGGWFKUM3,799.0,149.0
BRAE8WYHXBEEPGDQ,1200.0,399.0
BRAEAW9HUCVYHBHE,1099.0,309.0
BRAEDNX2EZCH7MHY,1199.0,499.0
BRAEDSGARUBYJAMY,1049.0,379.0
BRAEE6YMWYEU6MYY,1000.0,399.0
BRAECGQ4MPF8GPWY,899.0,399.0
BRAEAEGMZCHVXWXU,1299.0,449.0
BRAEBBMQZHSZNF4N,749.0,176.0
BRAEBBMQYFFFZAMV,949.0,290.0
BRAEAW9GTSBFUC5J,999.0,279.0
BRAE8QNFZZYMJ3N8,649.0,299.0
BRAE3P8YRJ69HFQT,1199.0,149.0
BRAEYMFCWUSF3U9B,600.0,270.0
BRAEBADVXZ2HFJC8,1200.0,550.0
BRAE5RZ6ZZKSKZ6H,1199.0,319.0
BRAEBBMQWK9K65UU,849.0,225.0
BRAE2M4QWF2FVMH5,649.0,249.0
BRAEB9SJZKCAY5SY,1299.0,299.0
BRAEA8YRYKKKV4GG,1299.0,430.0
BRAEAR7WHGZHMF4B,600.0,270.0
BRAECFAQXWGHUZDQ,700.0,299.0
BRAEA8YRRGJJWVHB,1299.0,410.0
BRAEBBYRUSRHZD34,849.0,225.0
BRAE8RSARJGFTKQU,849.0,379.0
BRAECCJJSZWYYSPC,749.0,349.0
BRAE73KF3DUPGFG7,899.0,899.0
BRAE7YF6G9YYGF6H,779.0,340.0
BRAEDQF7KGNJ2EEW,999.0,320.0
BRAEB2S8XHF9P96G,999.0,399.0
BRAEDQEERYSR3RU3,949.0,289.0
BRAEB2S8ZUHV9YEA,999.0,399.0
BRAEBCY3ZGPMZFVG,1499.0,399.0
BRADM8DWSRMPPNNX,1199.0,419.0
BRAEBBMQY4T7DFH6,899.0,249.0
BRAECBDFRF28VVRH,1200.0,299.0
BRAE8QNFTWMUSPGW,649.0,299.0
BRAE3TSHUSJJYKM7,499.0,59.0
BRAEBBYRXQSD8NZX,899.0,300.0
BRAEDZ7TZNFQTXZA,850.0,399.0
BRAEDX66GWPY6KJ9,850.0,399.0
BRAECTFYXYAYHWBA,949.0,429.0
BRAEARZHQNHABRFZ,1140.0,489.0
BRAE9RDQYNWZBYJF,1000.0,399.0
BRAEDH76SYADSDNZ,999.0,398.0
BRAE6YVWSVSHF7FF,1199.0,260.0
BRAEDFNHCHMDHCYR,899.0,298.0
BRAE3TSHYZTHHE2F,499.0,79.0
BRAE8WYHNGG7ZXPM,900.0,349.0
BRAE3CYXV4JGWEDA,499.0,214.0
BRAEFR6J6SY3F6PS,1000.0,299.0
BRAE6AV3PYGAVCYZ,489.0,219.0
BRAE7DNYSXZSXG9S,790.0,790.0
BRAEFR6JQN598YXG,1000.0,299.0
BRAE5VAWPKE5WV8M,1199.0,235.0
BRAECPQ5WSV6GHBZ,999.0,299.0
BRAEB2ZTZHAVBBHM,499.0,129.0
BRAE8WYHWCEBHWRR,1100.0,349.0
BRAECKHYSXQD8ZMC,849.0,225.0
BRAE8UZGGRVBCEHM,280.0,120.0
BRAEA7GBCCF5TVAF,1199.0,435.0
BRAECKHYJ8HGVGHG,949.0,300.0
BRAEA2E7XHZHG2AG,1499.0,599.0
BRAEDNX2NKMJFZ74,1199.0,499.0
BRAEDQFRZ7UQU92F,949.0,289.0
BRAEDSKCUGGMCWVT,799.0,225.0
BRAE3WVQTK27MVHW,799.0,299.0
BRAEB2S8MG7CUVXE,999.0,399.0
BRADWDT4T8HG5GKV,899.0,899.0
BRAEAM5DR9NS5XPE,799.0,349.0
BRAE9RDPFQQHHNNE,1000.0,399.0
BRAECBDFRXGMZ9TW,1200.0,299.0
BRAE74BRNMBXXFHD,400.0,169.0
BRAEDQEEYYH4WRQK,949.0,289.0
BRAEDQDFDUH5HBQF,799.0,199.0
BRAEBXRBYHGJJ8KT,499.0,190.0
BRAE3TSHUYHPFM4Q,499.0,149.0
BRAEE6YMRVXF3HNV,1200.0,399.0
BRAEE6YMXCYYK2P7,1000.0,349.0
BRAECGWNZT65KRMS,899.0,269.0
BRAE7T3WRRVYQQEG,600.0,199.0
BRAE5F3KGW3JVKJH,999.0,149.0
BRAEFR6JZXBQ9NJK,1000.0,299.0
BRAEDSKC33TQAGG2,749.0,176.0
BRAEDQDFZ2VBSSHZ,949.0,289.0
BRAEDTPDZSCRZCYG,949.0,289.0
BRAEE6YMVEZJ7HSY,1000.0,399.0
BRAE4A6VTDX9SC2C,309.0,99.0
BRAEBBMQQ37GW3CZ,849.0,225.0
BRAE3TSHVWYHGGWH,499.0,69.0
BRAE8QNFYSZZNGED,599.0,279.0
BRAEA5MZ4C3JY6KE,1000.0,349.0
BRAEB2ZTUJJFFQTE,599.0,139.0
BRAEBXRBH28AMHPF,499.0,190.0
BRAEBBMQWBGB5ZFQ,949.0,300.0
BRAECJ7STGGUPS8T,899.0,399.0
BRAECKHYYXBSHAYX,949.0,300.0
BRAE6KWFPZWJ2FHH,999.0,399.0
BRAEDUVZUVNNFF3F,576.0,249.0
BRAE5VAWXNJUNHHH,1199.0,270.0
BRAEDGM29GWJ3VTA,899.0,429.0
BRAEDTPGCGG4CXHW,999.0,399.0
BRAE3TSHYTS4FCU4,499.0,79.0
BRAEFR6JYG2HBVSS,1000.0,299.0
BRAECFANR8THVRRX,499.0,199.0
BRAEAR7WGKJBUFYA,600.0,270.0
BRAECKHXSXKEWZXX,949.0,300.0
BRAE9WYKXQZKSEHP,800.0,349.0
BRAEA7W7HPFRZUJG,430.0,175.0
BRAEA64BEBJJA2RP,900.0,349.0
BRAE5VAW47VVDGGM,1199.0,259.0
BRAE3TSHZ2XFSNUT,499.0,109.0
BRAEBCY3ZDMZYZZ9,1649.0,449.0
BRAEARHGWNZZEZ7B,1780.0,490.0
BRAEB2S8TG98KYGJ,999.0,399.0
BRAE8WPSSY2KCAJY,800.0,349.0
BRADM8DWS52HEGJV,949.0,332.0
BRAEB2S864RAFB3D,999.0,399.0
BRAECZZTSHGQZXDB,899.0,425.0
BRAEDSKBGHUFJGM3,699.0,250.0
BRAEDZ9GVZHWZ5BG,850.0,399.0
BRAECFHWXY3FYUYW,799.0,349.0
BRAEECVXMVJYYZMG,850.0,399.0
BRAE5PKZBZGYZEMH,1800.0,550.0
BRAEDG6K2F9ZJKZF,899.0,414.0
BRAE6ZCHDGWRDHCW,630.0,259.0
BRAE5PKZGX8HNT8Z,1200.0,375.0
BRAE9WYJFSFM26GJ,900.0,399.0
BRAEDTPHBRK7YTYE,999.0,399.0
BRAE8EHTWXMGVQUS,480.0,175.0
BRAECKHY8AG2JFGJ,849.0,225.0
BRAEYFDEH7WZVJVG,390.0,189.0
BRAEBFHFVGD9BSHC,2999.0,349.0
BRAE3Y4ZZZJHJVHV,1000.0,399.0
BRAEDAGAXDE6PK4Y,899.0,379.0
BRAE6ZCKYZGRPDWS,400.0,169.0
BRAEBUHTHHJDHGHE,998.0,449.0
BRAEE8SJFYFW6ZNF,399.0,160.0
BRAE2HNUAGVFHDPP,900.0,339.0
BRAEAYBGDDTBG4HW,1299.0,549.0
BRAECSZGZZUWXVUN,875.0,875.0
BRAEAR7W3CQPHFMK,600.0,270.0
BRAE8EHTRTZGVNVH,720.0,253.0
BRAEAW9GXHHAJARP,999.0,299.0
BRAEAW9MMDZAXGN5,1099.0,309.0
BRAE4F8NS3Y6ZYEK,1200.0,499.0
BRAEDQFRK3PYUHSZ,799.0,199.0
BRAE5SRETZMB5QYH,1199.0,255.0
BRAE5F3KGHRU8H8D,999.0,149.0
BRAE8WPSH2EVXGBM,1600.0,499.0
BRAEAW9MGRA6XBHX,1199.0,409.0
BRAEA5MZ8VZHNGGH,800.0,329.0
BRAEYPGFGUPUHGGC,600.0,225.0
BRAEAW9GZEV7VXYE,1199.0,409.0
BRAECBUGKYS92MSZ,999.0,320.0
BRAEDSGAZMGQDKTJ,1049.0,379.0
BRAE8WYH2TFGZAQG,900.0,349.0
BRAED6G6TVPF94CV,999.0,410.0
BRAE6ZCHAQFRYMQY,420.0,179.0
BRAE3P8Y9JUGVAYY,1599.0,149.0
BRAECTFYX5WAPU8J,849.0,315.0
BRAEDSGQVKFWUWVQ,749.0,176.0
BRAEBBYRCKVHHG7Q,799.0,225.0
BRAECQGSPZ2KZUV3,899.0,349.0
BRAE8GB5JAERH83X,749.0,279.0
BRAEBBMQZFQES9ZQ,849.0,225.0
BRAE6AV3HNZX3TWR,489.0,219.0
BRAEAW9JPBZUGWHH,1099.0,309.0
BRAED6G63H64TSXJ,999.0,410.0
BRAEBCTWVRZYUSQV,949.0,349.0
BRAE8TFHWYCTDUM3,899.0,389.0
BRAEAR7WUYD3CZAT,600.0,270.0
BRAE3WVQHJWKQZHZ,799.0,299.0
BRAE7T3WADAJU4ZS,600.0,199.0
BRAE8EHTFDHPJYYE,480.0,175.0
BRAEBBMQZZF9A57T,899.0,275.0
BRAE8HMQVMEFHFTW,1800.0,499.0
BRAEE6YMYZYHKEEX,1000.0,349.0
BRAEAW9JZWKHMGUS,1199.0,429.0
BRAEDTQFE6HWKXXB,949.0,289.0
BRAEB2ZTREH4PXHV,799.0,179.0
BRAE7FNDZBHFZFKA,799.0,349.0
BRAE3TSHVGGGXRHT,499.0,99.0
BRAE8SMCGBASYHKZ,729.0,249.0
BRAEYMFDHAQBDMZH,600.0,270.0
BRAEBCY3YXNXGCZX,1499.0,389.0
BRAEDSKCZJHTVZNZ,799.0,225.0
BRAEDAGAZ52EHAFB,899.0,399.0
BRAEDQDFGYCZUFEJ,949.0,289.0
BRAEBBMQJ9ARUWCH,849.0,225.0
BRAE7MMGS2FKH4MJ,1250.0,579.0
BRAE4VPRFQXBHFKN,799.0,149.0
BRAEFSFYYUGGQTKQ,1000.0,299.0
BRAEB2ZTVYY3UKWA,799.0,200.0
BRAECKHYZGUPRPFB,949.0,300.0
BRADWZ4K9GN5VCM9,899.0,899.0
BRAECKHYDVMUMAKF,949.0,300.0
BRAEB2ZTYSMJGXZD,799.0,179.0
BRAE2NF6TGZHV9ZZ,599.0,130.0
BRAEDFYYZUQJBTEH,999.0,410.0
BRAEBBMQYEW8WQHW,1049.0,375.0
BRAEDUXKWTYRBXZH,949.0,299.0
BRAECFARHCG7P8WT,700.0,330.0
BRAEYFDFDG5VFF6K,1170.0,429.0
BRAE8RSAJKCPQ4WP,899.0,399.0
BRAEAW9KZHABYUAW,1099.0,309.0
BRAE5VAWWRZGG3Z9,1199.0,189.0
BRAEDQEDVYJV64GV,949.0,289.0
BRAE6Y462EZP7QWA,649.0,229.0
BRAE6YVWFYHZRV5Z,1199.0,189.0
BRAEFDMGHGNN3RQP,375.0,170.0
BRAE9Y5V963WTTNW,1199.0,449.0
BRAE9WYKK8ZK3YNN,900.0,399.0
BRAEDSGBTTMMSZZM,1049.0,379.0
BRAE8VUUYMWAYSCK,549.0,269.0
BRAEB2ZTZGEU7KZK,499.0,122.0
BRAE8WYHSZHPCHVN,800.0,329.0
BRAE9C3HQTDHK7HA,560.0,210.0
BRAECA2JWQJZFHUU,999.0,399.0
BRAEDSG92FGZZXCT,399.0,160.0
BRAEB2ZTXQQTYTEP,799.0,189.0
BRAE89DEZBEU4GAF,1200.0,299.0
BRAEA7GBQR7ZZN4K,1199.0,449.0
BRAE2NF6XZZJ6EXG,599.0,99.0
BRAE7Y46JXZJHN47,367.0,127.0
BRAE8QNFYM2WQKT7,599.0,279.0
BRAEDQEDX6TBQYWG,949.0,289.0
BRAECVGYZGZT5VU5,1199.0,549.0
BRAE8TFHZJ6A2FFZ,849.0,379.0
BRAEDSKCC3ZH4XUH,799.0,225.0
BRAE3Y3FFZGZFKZN,1299.0,499.0
BRAE9RWN5MUASAYE,1000.0,399.0
BRAE5SCSA8E5WMKE,1199.0,259.0
BRAE6ZCH3RHJ4QD8,210.0,94.0
BRAEB9SJUP6T68FB,1299.0,299.0
BRAE6AV3ZZQHKDCN,499.0,204.0
BRAECKHYS3JCH8GW,849.0,225.0
BRAE3TSHZ6VEKQUG,499.0,129.0
BRAE2Z9VJ8B8FAD2,649.0,249.0
BRAEBHDVTHNZBHVD,1199.0,499.0
BRAEBBYRYTEEDDA9,799.0,200.0
BRAEDTPHGH6YPH3D,999.0,399.0
BRAEDGDZRDQYGF5B,657.0,657.0
BRAE3WVQFNXCNJFS,799.0,299.0
BRAE9TBZWWACJHJ8,899.0,279.0
BRAECTFYYHQPFG4Q,949.0,300.0
BRAEFSFYTXZ4FCDR,1000.0,299.0
BRAE6ZCHV2ZAA9US,200.0,92.0
BRAE75HSN6B5RA9V,1299.0,499.0
BRAEAQMAYGFHYNTA,999.0,299.0
BRAE3SGZAU6XAJUQ,999.0,149.0
BRAE3P8Y8UVRY43K,999.0,149.0
BRAEDQDFPNUQGUVG,799.0,199.0
BRAEDTNZZRXBHZGZ,649.0,159.0
BRAEBBMQWZYHZFGE,799.0,210.0
BRAE3TSHZ6SGEP9H,499.0,109.0
BRAEBBMQPYJXYNNM,799.0,210.0
BRAEBKJSM3VVBFZF,999.0,319.0
BRAE6FMZZJR7VTMT,1199.0,132.0
BRAE6DR3GPCCYGRF,599.0,232.0
BRAEB96BZWFCDVY3,799.0,349.0
BRAEDSGAXHHMZKWB,1049.0,379.0
BRAE8AEYGVPNYWG9,799.0,349.0
BRAE8TFHXNFSGZHZ,849.0,379.0
BRAEADGMYB8K8YRP,430.0,175.0
BRAE7YF6QANCRAZV,647.0,284.0
BRAEBGGVYKJZAZYV,899.0,399.0
BRAE7Y46YKB4RZJP,367.0,127.0
BRAE3TSHUUUJSXXN,499.0,109.0
BRAE8WYH2QMRQCMZ,1600.0,449.0
BRAE9WYJXR43VESQ,900.0,399.0
BRAEAW9JPQUGRWNB,1099.0,309.0
BRAEDUXKYEZXQAXS,849.0,229.0
BRAEDGM2BGZJHGJG,999.0,499.0
BRAEAW9KYQJFSCNE,999.0,349.0
BRAE5F3KHNJPAZ8M,999.0,149.0
BRAE8WYHU8JTPAJ3,700.0,329.0
BRAE3TSHZGWGT6WP,499.0,99.0
BRAEFR6JJMRAYM9X,1000.0,299.0
BRAE6FMZTRTKVXU6,1199.0,270.0
BRAE6FMZCV82TEFT,1199.0,270.0
BRAEDGM2QC7HVAJ3,899.0,429.0
BRAEAQMASWQEFZHF,999.0,299.0
BRAE5Y3XK4HGX4Z9,800.0,349.0
BRAEBBYRYZBKQRKA,1049.0,400.0
BRAE6NZAJEGY7GZ8,799.0,299.0
BRAEY6JXWCMQ7B5H,999.0,199.0
BRAEB9SJMFKF39ZW,1299.0,299.0
BRAEE6YMGMKH7DCZ,1000.0,399.0
BRAEA64BMYASNDZQ,1000.0,349.0
BRAEB2S8RZZRXMT3,999.0,399.0
BRAECZZTYYEJX348,899.0,425.0
BRAE9Z5TFXB7466Z,1199.0,420.0
BRAE7GU9K3E2PWGC,1700.0,550.0
BRAEDUQPBEFTCBQB,540.0,249.0
BRAE6Z79ZEURU5ZN,230.0,99.0
BRAEDQFRZS9QFYTQ,949.0,289.0
BRAE5VA9GBGW7M7K,1700.0,550.0
BRAEE6YMKFPSHPY3,900.0,329.0
BRAEDSGAX4ZS3NGZ,1049.0,379.0
BRAEDQEEVBWB4FPB,949.0,289.0
BRAEBGGV7537NF3Q,899.0,399.0
BRAE4VPRPHT9SYZZ,999.0,149.0
BRAE3UG9NGHDQZZE,499.0,214.0
BRAE5RWPM4DYMPYM,1199.0,259.0
BRAECU9BZKE6THSU,1199.0,549.0
BRAEE6YMYDZCTFHT,1000.0,349.0
BRAEE4UZZVMJUGE3,599.0,140.0
BRAEYJY2VKPB8JNJ,450.0,199.0
BRAECBDFTKQCNMKT,1200.0,299.0
BRAE86C6TR2DCC7C,1000.0,299.0
BRAEBBMQYZVDHGF4,849.0,225.0
BRAEE4H4ZFDXCBYG,1100.0,399.0
BRAEE6KRMT9BD2RK,1000.0,349.0
BRAEDFYYKNGBGPF3,999.0,410.0
BRAECFAQRUQMTZYG,500.0,199.0
BRAEBUHTTCZKDPTC,998.0,449.0
BRAEBCY3V4ZR8UUU,1749.0,469.0
BRAE8TFHGXKFFMAQ,849.0,379.0
BRAE8AJZW5QBNWAZ,1000.0,299.0
BRAE7KQVU8Z2TVVS,800.0,329.0
BRAE6NZAQBHWZNMT,799.0,333.0
BRAEBFX5KTUHCZM7,1399.0,379.0
BRAE44SUWY4R349F,309.0,125.0
BRAE8TFHWZZBMKHJ,849.0,379.0
BRAEBBYRVF9MHJHU,1049.0,419.0
BRAECBDFYG5VGUZG,1200.0,299.0
BRAEDZ7TZDZC6KGE,850.0,399.0
BRAEB9SJGNPZSFVH,1299.0,349.0
BRAECFARCCEGEQFX,700.0,330.0
BRAEAW9HT2EUZD3X,1099.0,329.0
BRAEBUSEVYYEGQ2Z,799.0,369.0
BRAEAZKPYGWG793Z,1149.0,574.0
BRAE8QNFYKPG2H2P,599.0,279.0
BRAE3TSHZWSBH2UD,499.0,109.0
BRAEDNX2TYZYQQZ2,1199.0,499.0
BRAEDAGAVCAR68GM,899.0,379.0
BRAE3Y4ZP6GF4JKT,750.0,299.0
BRAE8X2ZZMYUZGGU,749.0,349.0
BRAECHF3WZHZBQX2,749.0,349.0
BRAEBCY3JXSJFNZH,1449.0,379.0
BRAE4YXVJ86CZF6F,999.0,149.0
BRAEA5MZDQKHUQCT,1000.0,349.0
BRAE5VA9VWFCZYGW,1700.0,550.0
BRAEB9ZNSUGGSFQV,799.0,349.0
BRAEBBYRZTYAKPGZ,949.0,326.0
BRAEDQEECHRPH6RJ,949.0,289.0
BRAEBB6TT8GKVG8A,1099.0,320.0
BRAEBUGYUB8GWBSF,998.0,449.0
BRAE3TSHYGDRV2UC,499.0,99.0
BRAEBBYRZFEEYTMJ,1049.0,419.0
BRAE7SQFYXAPZUSV,1000.0,399.0
BRAEDQEETE3Y2CZJ,949.0,289.0
BRAEY6JXZJFUHUKZ,999.0,199.0
BRAEDSGAZRJTXRCR,1049.0,379.0
BRAEDTP5YKZBKWKH,799.0,179.0
BRAEB2S8ZBZV9YZA,999.0,399.0
BRAEFR6JZYHZNSGG,1000.0,299.0
BRAECCDUHY5DYWFW,399.0,160.0
BRAEYPGFSSP2NZKF,300.0,129.0
BRAEDSGAV4DREETW,1049.0,379.0
BRAECYGGHKKZD95P,799.0,399.0
BRAECKHXSH9D29FG,849.0,225.0
BRAE8X2ZW4ZPDQ7A,749.0,349.0
BRAE5F3KVH2EGHEA,999.0,149.0
BRAE3TSHVMCW7NDZ,499.0,69.0
BRAEAREZG4Z6ZFK9,1780.0,490.0
BRAEBP5JJA24D2YS,999.0,320.0
BRAE7NMEGDDHG3EX,999.0,349.0
BRAEDNX2TYQFYRBX,1199.0,499.0
BRAEDSKCWKYCKRY4,799.0,225.0
BRAE8EHTNDJHDDAD,480.0,175.0
BRAEAW9JYPVFC2NH,1099.0,329.0
BRAECGQ4YCUZ7HSW,899.0,399.0
BRAE5VAWGFY3SGKJ,1199.0,255.0
BRAEBBMQYTTTFUNW,899.0,249.0
BRAEBCY3ZUQRSPG6,1299.0,349.0
BRAEB2ZTTWEGF3DD,599.0,139.0
BRAEAW9HUAWTZGSH,1099.0,309.0
BRAE5VAWWGYS2PZS,1199.0,235.0
BRAECFANXY3DJ4XT,499.0,199.0
BRAE5RWPQAHEHQDM,1199.0,500.0
BRAEARZHZU3F3YGY,1140.0,489.0
BRAEB2ZTYW2ZVNAZ,799.0,179.0
BRAE7FE2XT7AF8ZH,1700.0,500.0
BRAEFSFYYZCMTSXG,1000.0,299.0
BRAE6ZCKXPSQC5E8,630.0,259.0
BRAECBVGHCB2FN49,999.0,320.0
BRAE6ZCKXEFXKU5Z,630.0,259.0
BRAE4A6UCHSWTURJ,309.0,99.0
BRAECTFYYHAUWR3A,949.0,429.0
BRAEDUXKP5AK3JZN,849.0,229.0
BRAECRHEHYDVDRTG,899.0,349.0
BRAE7FNDZG77GEZH,799.0,339.0
BRAECGQ4GW73HJFV,899.0,399.0
BRAEAW9GSGECY8BM,999.0,299.0
BRAE5PKZFXE3MT9C,1200.0,399.0
BRAE6HUHPGFHGEER,1299.0,479.0
BRAEBCY3TP8GZGQP,1749.0,469.0
BRAEDSGAGF5TUZZA,1049.0,379.0
BRAEBHDVYFH5AWYH,1199.0,499.0
BRAE8QNFAGPYHZ8U,649.0,279.0
BRAE825JNJFFJYSU,650.0,299.0
BRAEYMFDYDYVJASW,900.0,399.0
BRAEDASWQDSYNUV3,999.0,420.0
BRAE3TSHXZXFNWXX,499.0,99.0
BRAE8WYHFEGXPYBZ,800.0,349.0
BRAEB5BUYYSV9TEQ,999.0,320.0
BRAE2NF6E8SVUPTD,599.0,99.0
BRAE8EHSRMHEPSH8,720.0,253.0
BRAE73KFJGNSP2NP,899.0,809.0
BRAEAW9JYHEGPXHJ,1199.0,429.0
BRAE9WNZYBZPXK2X,650.0,250.0
BRAEDQFRTQFYPJ2Y,949.0,289.0
BRAE2NF7GHGHTURG,599.0,99.0
BRAEDSENZ9WFTCES,499.0,130.0
BRAE2GWBKZZTD3VH,500.0,225.0
BRAE7DRSNFESBUYT,749.0,299.0
BRAEBBMQYHRSZ5JC,899.0,249.0
BRAE4S2FYF4RN49J,999.0,149.0
BRAEDSGAUQ3PBVSZ,1049.0,379.0
BRAEBBYRZ5P654US,849.0,225.0
BRAECKHYYMVKTB69,849.0,225.0
BRAE3TSHXCW47UBB,499.0,129.0
BRAE3WVQZZUJA4JW,799.0,299.0
BRAE4ZWYUAZGNUCH,799.0,149.0
BRAEE5HR7UM4CZ7D,576.0,249.0
BRAEDH76V3J4FBWQ,527.0,234.0
BRAEBXRB8GFZ6HM6,499.0,180.0
BRAE3TSHZWH8YWED,499.0,129.0
BRAE44SUCTAAMU87,309.0,125.0
BRAECQGS8RZDBQXM,899.0,349.0
BRAE5PKZ8QXFHWGK,359.0,149.0
BRAEB2S8QFFZQXX3,999.0,399.0
BRAEYPGFQHKW4H2R,600.0,225.0
BRAECTFYNT95TVUG,849.0,225.0
BRAE2NF6YG24FGDW,599.0,99.0
BRAE7YF6BSPFHFNY,779.0,340.0
BRAE8QNFFGWGG5MY,649.0,299.0
BRAEBG4ZBVZDWG8M,899.0,399.0
BRAEAC839PBQV9KF,710.0,710.0
BRAEBUHXKDBWRMCK,998.0,449.0
BRAEYFDGSY9S9ZDW,390.0,189.0
BRAECTFYWXNWKP7H,949.0,429.0
BRAE8QNFXVZPJUVW,649.0,289.0
BRAE8WPSG4FMHFXF,800.0,329.0
BRAEDY6WXTGYRBPP,850.0,399.0
BRAE3WVQHHRQFRTY,799.0,299.0
BRAE8EHTZYYGGETT,720.0,253.0
BRAEB2ZTHH74ZRAY,799.0,200.0
BRAEDSGBYBCSHYYV,1049.0,379.0
BRAEDAGAYXGBGKT6,899.0,379.0
BRAEDWFWYRESJHMA,699.0,250.0
BRAEB2ZTY87EADHY,799.0,189.0
BRAEE4H4XNG34W5Q,1100.0,399.0
BRAE5RWPSMVFKPBA,1199.0,183.0
BRAE5PKZGT7AMYZJ,1200.0,399.0
BRAE7KQVPUDRKNMC,700.0,249.0
BRAE7EQZAZJKTPGA,875.0,379.0
BRAEDQEDXQCTHXVN,949.0,289.0
BRAEFUKZUHFRJGHZ,1000.0,299.0
BRAEAW9MTDZZZBH9,1099.0,309.0
BRAE8WYHYFUPDTF6,800.0,349.0
BRAEDSH2GSCZN4XF,599.0,200.0
BRAEE3HEHFEYSXRZ,299.0,135.0
BRAEDQFRUZRVYKMG,799.0,199.0
BRAE7YF6F8EF7UQB,647.0,284.0
BRAEBUHTGYAWKXZZ,998.0,449.0
BRAEDGQFWPFGVPNF,650.0,299.0
BRAE8NW7AM5HDEYY,649.0,279.0
BRAE8TFHUMHZHXBA,899.0,389.0
BRAE6Z79CG9ZH75H,200.0,94.0
BRAE8WYHATSZEN7Y,950.0,349.0
BRAECKHYM8BYAKHR,949.0,300.0
BRAEBUHTPZGHB6HG,998.0,449.0
BRAEAM5DBZYWHVQQ,799.0,349.0
BRAEB2S8TUWDVEZQ,999.0,399.0
BRAE8EHTYSUXSHEM,480.0,175.0
BRAE8RSAZYGGHF4E,899.0,399.0
BRAE4NMVJVB4DADP,999.0,149.0
BRAEDSHQ6X5YYX6N,450.0,130.0
BRAEDQEDZ5HPXCY8,949.0,289.0
BRAE94E6UEQBCDQB,999.0,399.0
BRAECFAQGK4HYFU8,700.0,299.0
BRAEE4P4QGQ9ZVVA,599.0,140.0
BRAEAW9KX7TZYZQZ,1099.0,309.0
BRAECC9JFBY5YSEY,399.0,160.0
BRAEDSKCWEGTHHYV,799.0,225.0
BRAE3P8YHGJF5WUZ,999.0,149.0
BRAEBPZ4HJG4SU8W,799.0,375.0
BRAEB3KBY393GUHA,225.0,95.0
BRAECTFYHQPDUUFE,849.0,225.0
BRAE3TSHUSSFTGHN,499.0,139.0
BRAECBDFZAEZYD2Y,1200.0,299.0
BRAECPQ5PYVGGJJ6,999.0,299.0
BRAEDSGAUHHVUBZW,1049.0,379.0
BRAEB9ZNEHJHNXNK,799.0,349.0
BRAEDT7SDETZENWB,780.0,299.0
BRAEBBMQMWJVG9CV,1049.0,375.0
BRAEDTNZZN4ER8JN,649.0,159.0
BRAE4DJMZCWYGDJU,399.0,160.0
BRAEAQMARHSMTKGK,999.0,299.0
BRAECTFYXKNAVFAN,849.0,315.0
BRAEFSFZUEM8Y5DT,1000.0,299.0
BRAE3TSHZGQRFVWZ,499.0,89.0
BRAE8UZGRKACSJCN,280.0,120.0
BRAE8HMQATXFHFGZ,1800.0,499.0
BRAEDSGAWGRCQSFG,1049.0,379.0
BRAECDH5F9C6ZEAZ,950.0,399.0
BRAE7MBPXVNMGP6M,749.0,299.0
BRAEBKJSNVGDG4DP,999.0,320.0
BRAEDQFRZEEGC49E,949.0,289.0
BRAECKHXJZVGVNCN,849.0,225.0
BRAE3TSHZXUEX7FP,499.0,119.0
BRAEA6JNPRJKFZKB,1199.0,349.0
BRAEARZHZD84GVFH,990.0,459.0
BRAE8WYHNJ2B2ZEJ,1100.0,349.0
BRAECTFYGGGQMX29,949.0,300.0
BRAEE6KRPHT5HG5K,1100.0,349.0
BRAEDTPDPUHWK3TB,999.0,399.0
BRAE6KWFGZFXKPPB,999.0,399.0
BRAEBGGVWFN7UPH9,899.0,399.0
BRAEBB6TWYYGKYQC,1099.0,320.0
BRAE6BR2Z7YZWPFW,599.0,255.0
BRAEBXRBXYDKYPKB,499.0,190.0
BRAEYJY2TJHHRQMP,450.0,199.0
BRAEA6XVDPGFYZJD,450.0,160.0
BRAE2NF6S8WKV2FE,599.0,99.0
BRAE3TSHWZREUJAC,499.0,149.0
BRAE9RWNB6FQT6QV,1000.0,399.0
BRAE8EHTVDGHZ64T,720.0,253.0
BRAE5F3KGVA8WAJH,999.0,149.0
BRAECJ7SUPN7VHUV,899.0,399.0
BRAE785RNE5MEKUB,1700.0,550.0
BRAE8QNFWUQY5TRZ,599.0,279.0
BRAEA6GHYPAZXZ26,1100.0,399.0
BRAE8QNFXTYRF3ZG,649.0,289.0
BRAEBBYRUYDHCZNG,899.0,275.0
BRAEAZEFZYER5JHJ,1407.0,557.0
BRAEAHEHDB9H3E65,1299.0,499.0
BRAEDGM2YE58PGPV,899.0,429.0
BRAEBXRBBYZTETKN,499.0,190.0
BRAE8WPSGGK9DQHX,900.0,329.0
BRAEA5MZMPW2UACQ,650.0,299.0
BRAEDSKC3YRYJZCR,799.0,225.0
BRAE3TSHYRVTD8GA,499.0,139.0
BRAECTFYYDMZSW4F,649.0,149.0
BRAEDTP5NRWSAYZN,799.0,179.0
BRAEDZA3NRVADE2H,699.0,249.0
BRAEFR6JUMNFA5MT,1000.0,299.0
BRAEDVX7X6EYZSWH,1080.0,349.0
BRAE6ZCKBUYE9PTV,400.0,169.0
BRAE8JZ7KCUB2GMZ,1000.0,299.0
BRAE6NZAZK77HXZK,799.0,349.0
BRAEE6YMKVVFEMUD,1000.0,399.0
BRAE3TSHXZQHKPGE,499.0,109.0
BRAE3P8YB385MSKN,999.0,149.0
BRAEAW9JWMHKNZY3,1199.0,409.0
BRAEDSGAZGGTE4RY,1049.0,379.0
BRAEBB6TVMUSA3VW,1099.0,319.0
BRAEAZE23UATU5MQ,979.0,389.0
BRAE8JUGGJMMETKY,1800.0,499.0
BRAEE3RMMRRFQ9AD,699.0,180.0
BRAEE6YMRNMG7YRH,1000.0,349.0
BRAEAW9KHRZXG9FM,999.0,349.0
BRAE7DRSPHX2WNCU,749.0,299.0
BRAEE6YMBUAGK2FH,1000.0,399.0
BRAE3TSHZ6KZBBZH,499.0,59.0
BRAE74BREFRNXRYB,400.0,169.0
BRAEDSKCPTZTAU8H,799.0,225.0
BRAEDUXKWHZFVQN7,849.0,229.0
BRAECDJHWVKPHJKN,950.0,399.0
BRAEDH6PP3XMBGB3,899.0,429.0
BRAEDT7STGZCKHEB,1170.0,399.0
BRAEDNX2FRTHKCFV,1199.0,499.0
BRAE6FZPPGFFGCGH,1199.0,259.0
BRAEBBMQZUG8NQ9N,999.0,349.0
BRAEBBMQZFKXN5CP,949.0,300.0
BRAE825JCAURQBJN,650.0,299.0
BRAE7YF6ARDAG6QZ,647.0,284.0
BRAECKHXYZZN8EYN,849.0,225.0
BRAE6FWZK7QUQ5CE,599.0,132.0
BRAEE845FYG5ZVM3,399.0,160.0
BRAE8ZY3HYHEFWV5,699.0,309.0
BRAECFARH6PZ4J4W,700.0,330.0
BRAE3WYC8XAGUZ37,1198.0,299.0
BRAEBBYRZKNYWP6G,1049.0,419.0
BRAE3TSHYZHBYFBU,499.0,69.0
BRAEBJGZ6FPZVXVQ,999.0,320.0
BRAE3TSHZSW8GTUH,499.0,109.0
BRAE5PKZHJF5SVEK,359.0,149.0
BRAE3ZDEXD5ZC83N,1299.0,149.0
BRAECTFYNB9FRDVA,749.0,199.0
BRAEBHDVMHWWJ72Z,1199.0,499.0
BRAECSFFZ7BJCSSF,399.0,160.0
BRAE4WV2JQMENGSZ,999.0,149.0
BRAECKHYSHDEQJCM,849.0,225.0
BRAE5F3KRPHGNQE6,999.0,149.0
BRAEYPGFHHPDR7HG,300.0,129.0
BRAEBMWVSDWZYNK8,999.0,320.0
BRAE74BRVJGNHFYY,400.0,169.0
BRAEBCY3NAPXYDJR,1799.0,499.0
BRAE9G83CUBM56TA,325.0,130.0
BRAE5VAWKA95NBFY,1199.0,259.0
BRAEBJGPRAZZTECS,999.0,320.0
BRAECFAQZAWM878K,700.0,299.0
BRAEAZEFXHCKE3RG,1407.0,557.0
BRAEE6YMF9A2ZR9Z,1200.0,399.0
BRAE2NF6XGU42KGQ,599.0,99.0
BRADM8DWKXXJDEHW,1199.0,419.0
BRAE6FMZZVJVEHAZ,1199.0,189.0
BRAEA5MZF4TEZZPH,800.0,329.0
BRAEDSGAZES3SRZ8,1049.0,379.0
BRAECTFYZNFZW7Z4,949.0,429.0
BRAE8UZGKMFVSG2B,280.0,120.0
BRAE4GF4X3VZZC9K,700.0,299.0
BRAE9WYKVTCZYNUB,900.0,399.0
BRAEBBMQZJWQQFEE,849.0,239.0
BRAE5F3KHHPXDMUR,999.0,149.0
BRAEDZA3KZVHZZHZ,699.0,249.0
BRAECKHZ4YHNTMDF,949.0,300.0
BRAE8GDGHT3MHKG3,280.0,120.0
BRAEARZHZF7HFYM6,990.0,459.0
BRAEDQDFSDVTSSWK,799.0,199.0
BRAE9G83ZYF7H56E,325.0,130.0
BRAEBBMQRDXU4TEU,799.0,200.0
BRAEE6YMMWFFJNB9,800.0,329.0
BRAE9WYJBZXY4KNZ,900.0,399.0
BRAE6AV3FZNGNTXH,489.0,219.0
BRAEBBYRZDGSGYSP,899.0,300.0
BRAE6FWNYYKS3JHM,599.0,290.0
BRAE89F4YRG7QDZ3,1700.0,449.0
BRAEAR7WGUYDH65R,600.0,270.0
BRAEBBMQZHVKMYN5,849.0,225.0
BRAEDSGAYPJFXJJ5,1049.0,379.0
BRAEDQEEVBYWYSAY,949.0,289.0
BRAEBHCHY6VVRNRQ,399.0,155.0
BRAEBPZQKBRNMRVF,799.0,375.0
BRAEA8YRZQASBTRC,1299.0,410.0
BRAEDNX2YFFFVD3A,1199.0,499.0
BRAE3TSHYYHHMDRN,499.0,119.0
BRAEDVY9CDHT6N3Y,630.0,249.0
BRAE2NF6QBUFMJTU,599.0,99.0
BRAE6YVWZ6KH2ZBQ,1199.0,259.0
BRAE2GWB6GSSCFGT,500.0,225.0
BRAEFR6JQSYHGMZH,1000.0,299.0
BRAEE6YMK83RB9MZ,1000.0,399.0
BRAE84GGFUDNKESF,549.0,249.0
BRAE3P8YWVZGNYZH,999.0,149.0
BRAEDUVYSGGGHVSG,999.0,380.0
BRAECKHZWAGBVZXH,949.0,300.0
BRAE8GC4MJY5ZMYV,1299.0,279.0
BRAE3TSHXZFRYAZQ,499.0,79.0
BRAE2M4Q4QTNHTWF,649.0,249.0
BRAEBG4ZXJNSXVNM,899.0,399.0
BRAE4DHZEAPXQVRG,359.0,119.0
BRAE3TSHUMQCTK6G,499.0,109.0
BRAECTFYBT6YHYE3,849.0,225.0
BRAE2NF6S2ZYBQWQ,599.0,130.0
BRAEDNX22GWY32WA,1199.0,499.0
BRAECFAQRHZFSURE,700.0,330.0
BRAEBGGVUBG9FPVK,899.0,399.0
BRAE4DHZEBCG6YAN,359.0,139.0
BRAEB2S8SVFDT9HA,999.0,399.0
BRAEDSGBTD4QUYFH,1049.0,379.0
BRAE4DJMYZQ2QGKZ,399.0,160.0
BRAECKHZRU4RZKQH,849.0,225.0
BRAEE6YMSYPNCUX3,1000.0,399.0
BRAE6Z79C9EBYNGJ,230.0,99.0
BRAEDSKCYE7BNKZ4,749.0,176.0
BRAEBBMQZH8Y56XN,899.0,249.0
BRAEFR6J5FJ4FUZY,1000.0,299.0
BRAE8RSAZXKACNQJ,649.0,289.0
BRAE8RSAHXUVA9FQ,849.0,379.0
BRAEDSKCJJUEVC6B,799.0,225.0
BRAE77MQQGG9VQVK,1700.0,550.0
BRAE3UG9P8GJXZ2X,499.0,214.0
BRAE3TSHZQDVSGYY,499.0,169.0
BRAE8RSAVVGKRBK9,899.0,389.0
BRAEB2S8BDF5SNTG,999.0,399.0
BRAEDW63EGE5VDXG,599.0,220.0
BRAE74BRYKNFVGQE,600.0,249.0
BRAEBBMQZBZHCFAJ,899.0,275.0
BRAEBEW7YKJHDGQH,1399.0,379.0
BRAE3TSHZRMGEHDM,499.0,149.0
BRAE5PKZVZBDQWUR,359.0,149.0
BRAEBCY3WXYZEGBU,1599.0,429.0
BRAEE6YMYJYHJNUB,1300.0,399.0
BRAECFANGAPEZZGN,499.0,199.0
BRAE9WYKXCX8YVUM,900.0,399.0
BRAEBD44CXFHNAHF,899.0,420.0
BRAE785SVQSRBGYC,1700.0,550.0
BRAEBBMQZH4YRHXN,799.0,200.0
BRAEEG6TFTNVFCRM,540.0,249.0
BRAECBXJJYYERAHY,999.0,320.0
BRAEDAGATZZKMRNY,999.0,429.0
BRAEDSKCGHHJTHB3,799.0,225.0
BRAEDSGBVFHNY67Q,1049.0,379.0
BRAEYYZQKBWFUQQR,649.0,649.0
BRAE2NF6JA5GUEXG,699.0,130.0
BRAEB2S8R7ZPBVS6,999.0,399.0
BRAEB2S89JZEYYGW,999.0,399.0
BRAEBYMGFCDFCEJX,399.0,169.0
BRAEBYZFHMGHXZ2X,875.0,875.0
BRAE3TSHXQXHZFZH,499.0,89.0
BRAE3P8YJEQSSANK,1299.0,149.0
BRAEE6YMKGHQ4C4K,1000.0,399.0
BRAEDZA3928VGSMW,699.0,249.0
BRAE8WYHUZ9STG8Y,900.0,349.0
BRAE8TFH9J4PHP2Q,849.0,379.0
TOPEDVVFYEQAF5FZ,1399.0,499.0
TOPEAKYKZKRHPMHX,699.0,299.0
TOPEA6CKCHFHTUZ9,1199.0,479.0
TOPDU2HZGVTAAQJW,699.0,315.0
TOPE4DS8VQC2KCD8,899.0,299.0
TOPDUETDZYPSNUMU,549.0,219.0
TOPEAFG4YEQSH5TT,699.0,249.0
TOPECJAMAHQZNZ8Z,1199.0,399.0
TOPEBZYTWUYMJXSG,499.0,249.0
TOPEBF3XZXYGUTST,1200.0,499.0
TOPDTH8EEUDZRKBK,899.0,359.0
TOPE9T8FXVBGHGQS,1496.0,399.0
TOPECB4EZYHC6C3B,999.0,399.0
TOPEC8AAGCHQZWSD,899.0,359.0
TOPDQPJKSNPKSQW4,899.0,405.0
TOPE5FA7KRE3UKFR,799.0,319.0
TOPEA8HNSZB8VGUR,549.0,274.0
TOPEA6CKYDBYRNHQ,999.0,399.0
TOPDUA67ZZCSGN5G,999.0,450.0
TOPECDETUGGJHVZC,1299.0,449.0
TOPE7732NHGQKXF2,590.0,260.0
TOPE4HXDZHPR9K2C,899.0,359.0
TOPE2K6AZC4ZZAJK,1050.0,420.0
TOPEDN39ZNHGEREZ,875.0,425.0
TOPE9KJE9PVJJZZC,800.0,399.0
TOPE5FA7JSYNEBW9,999.0,399.0
TOPEE3W5Z2FHBNNT,615.0,299.0
TOPE8JZ8HB5XW6SZ,850.0,425.0
TOPEYQHGTHDHSJNM,999.0,449.0
TOPE89Q5Z7BNNYKS,799.0,319.0
TOPE8AYJV5KUZ6F9,999.0,399.0
TOPECJZ4ZDXQZB4A,1199.0,499.0
TOPEYJZ7PUP4YRP3,1575.0,479.0
TOPE89Q4SYQXFGXF,899.0,359.0
TOPE5FA76AAGXYTE,699.0,279.0
TOPE9KJEYHXXNBGC,800.0,349.0
TOPEB96CYHMPMDKH,799.0,365.0
TOPECJAYU9HYX3FA,1199.0,499.0
TOPEA6CKSH7G8GHE,999.0,399.0
TOPE7NFYYJMKFVAR,899.0,359.0
TOPDQAUYZKH2GDTM,3299.0,494.0
TOPDYTMFQNAGZVNG,1099.0,495.0
TOPE6Y9ZZ6TJ48YC,999.0,449.0
DRPE3N3WWNJHVVNN,725.0,549.0
ACCEGP52WRHFURYZ,999.0,249.0
KTAEGPBZFPCGGFKZ,1499.0,1049.0
SWDEGZMPYQGNEBHG,2400.0,959.0
PHFEGJGHPSYKMHES,2999.0,1299.0
SOPEJ7SCRS3SKFGP,250.0,230.0
BRFEHWGA3B6YEWNG,399.0,299.0
TROEGN9YGAHHAZSA,1500.0,599.0
BRFEFY5ARFYRXFNP,420.0,420.0
TROEGRPC3SKZDGHT,749.0,749.0
TROEGNRFM8FCZHHM,1000.0,450.0
TROEGV53XXBZ9VZE,999.0,399.0
CRNEJBGHW2PRYTTY,799.0,463.0
CRNEJBGHV7SAEGPA,799.0,499.0
CRNEJB4NBT9BTM84,799.0,475.0
CRNEJB4NE9FYSGBR,799.0,475.0
SHOEJBSZ8FS9SNJR,1799.0,899.0
HMBEJCMHHYWQZKYF,4200.0,1449.0
HMBEJCMZWYWFFFSD,3300.0,1199.0
SHOEJCKBGJGZQJHN,1999.0,1370.0
SHOEJBFPSSWMUWQG,1299.0,1299.0
PSUEJA2HRBPYHA6K,1025.0,900.0
HMBEJCX8SZF7FBKZ,3499.0,1599.0
HMBEJCMHTNACPYR2,4800.0,1699.0
SHOEJBSQUQYAHG2M,1799.0,899.0
SHOEJBV8FAV6DNWW,1199.0,899.0
HMBEJCMMQR2JHFVP,2200.0,999.0
WTBEJ9RTQQMB9VYE,399.0,149.0
HMBEJCMZQDYHM2CX,3300.0,1199.0
SHOEJBV86XSWMZ78,1199.0,899.0
HMBEJCMHJRMUNPCZ,8400.0,2399.0
SHOEJDYYRGWZZBM6,3000.0,1199.0
HMBEJCMHKH4CGC7C,3300.0,1199.0
HMBEJCMH78VJF3M8,3300.0,1199.0
KRTEJ9GHTVHHGQHM,3600.0,1376.0
HMBEJCMHXNY6SVVY,4200.0,1449.0
HMBEJCX8VBJG7HHM,3499.0,1599.0
SNDEJCWXXFWQRCJU,899.0,499.0
KRTEJCZ4M7FD3NJS,1250.0,590.0
SHOEHY9AUJMC8YD9,1299.0,1299.0
PLLEHQV78ZFHTE7X,2499.0,1399.0
SHOEHYEXVYZRGMGJ,799.0,399.0
SHOEHY9DYP2HYTSZ,1299.0,1299.0
BCHEHYUH8K4NQBJD,2800.0,1550.0
BOLEHUEBRTVCGWMK,899.0,899.0
SRTEGUA8AG9HYTAH,849.0,849.0
GOGEHYHHWSGGVY5D,7690.0,7690.0
PLLEHQTTGJSKEGXQ,2499.0,1399.0
GOGEHYHYGRZFMC9D,7690.0,7690.0
SHOEHYEYZUBMK8F2,799.0,399.0
SHOEHYA2U4D2FDGE,1299.0,1299.0
SHOEHX7JCNXWHWHZ,1200.0,599.0
GOGEHYHYSYZARTWY,8490.0,8490.0
SHOEHYBHTYSXZJYZ,1399.0,1399.0
SHOEHXFAMFH3PDHY,1399.0,1399.0
BOTEDSEN9ZSFUUAQ,2099.0,628.0
SHOEHXFAM2NDZBHW,1399.0,1399.0
TUNEHU6D7SFN7SYY,1499.0,999.0
SHOEHXDTDYJFDHT3,1399.0,1399.0
EMSEDSHQGFK6TF5F,350.0,280.0
SRTEHXSHU8DXFRYM,1499.0,499.0
PLLEHQUGEB6D5FCX,2499.0,1399.0
SRTEHVURZFRUZUCZ,1995.0,1995.0
BOTEA8TGKVHDTSNW,1999.0,1010.0
PLLEHQW7BYQDVKAY,2499.0,1399.0
SHOEHYEAJCGEP5UQ,1399.0,1399.0
BCHEHYUKDZZPZBH2,425.0,300.0
SRTEHZJXEJBSFBTD,1199.0,599.0
SHOEHYFPMCNDPKZG,1299.0,1299.0
SHOEHX7CGSEMUENU,999.0,399.0
SHOEHYFFPUHAKYYZ,1600.0,1600.0
SHOEHX7GDMXQPSC4,1200.0,599.0
BCHEHYUHTSPKFRGF,3250.0,1800.0
BOTEHDHNKZ9V6XMF,699.0,299.0
SHOEHUFGKDNFFY6H,1499.0,299.0
SHOEHUFGSQFWDWHF,1499.0,299.0
SHOEHYEZYBEEC2EE,799.0,399.0
SWIEHF23HGR3ZRFG,1099.0,1099.0
BCHEHYUHMUT6XFCQ,2900.0,1600.0
PLLEHQTXADABGDSZ,2499.0,1399.0
GOGEHZ5P6TWYBFXB,2097.0,650.0
SHOEHYEY6GJVURAS,799.0,399.0
BCHEHYUHBEVHSFU7,3750.0,1750.0
SHOEHX7C49VUXDRQ,999.0,399.0
SRTEHHD7AE757FTH,1199.0,599.0
SHOEHXHVYRDGRZG3,699.0,499.0
SHOEHX7DSTYYNJYX,999.0,399.0
GOGEHZ5P5XDZ2UZF,1398.0,450.0
SHOEHXHV4SZCQB65,699.0,499.0
SHOEHXFXHX4ZCUX2,1299.0,1299.0
TUNEHYGZXC4FMSTE,990.0,740.0
BCHEHYMBZQ8ABUUY,1599.0,185.0
SHOEHXHVTBYRCTYN,699.0,499.0
SHOEHXDTBMN9RHSF,1399.0,1399.0
SHOEHYEX8J32HYWR,799.0,399.0
GOGEHYHYQZGYDMWW,6690.0,6690.0
COBEHXSBRUAHEQCZ,798.0,399.0
EMSEDSHQHJX3AHHW,450.0,410.0
BCHEHYUHYR9HASY5,4800.0,2650.0
GOGEHZ5PKPZJG38Y,1398.0,450.0
SHOEHYEZ73SMT8HR,799.0,399.0
SHOEHYF3Y7MJFWM8,1299.0,1299.0
PLLEHQWA23AWQQJH,2499.0,1399.0
EMSEDSHQ3VU6T8Y2,350.0,280.0
BOTEEMN6NM57HSBU,999.0,549.0
BOTEHZDGPGFHVQWJ,599.0,399.0
PLLEHQVCWUAFATP5,2499.0,1399.0
CPTEHYUFK6PFP5ZB,30000.0,19052.0
NSTE3HZ2FZZQF6ZC,960.0,960.0
JEAEGBX2FBDMZK2N,850.0,599.0
WSCEFE4RZ8FRPQTD,2695.0,1347.0
STFE9EQ8MZRNQMJF,1999.0,1600.0
BBCDPFZM6V585ZZE,2950.0,2950.0
SHIE3YW8AGHPXQZZ,3690.0,2460.0
TOPECXPZYRFRGQJE,999.0,399.0
INKECA5VFTCGF77E,3600.0,3000.0
SHIE3QDHP5RDGMZY,3250.0,2860.0
TOPDYAZZNRQMQABE,799.0,400.0
INKDYGGGBYXZXYBZ,6000.0,1390.0
STFDA3Q4YWEEHH2N,1199.0,1099.0
SHIEA3GY4Q2NHPXA,4999.0,3999.0
TOPEDAKWHHVYGDSA,999.0,749.0
SWCEBFUBFYZ9QHKG,499.0,250.0
STFE9EQ8NNHPV9TC,1599.0,1039.0
SHIEEJG9RRDUH9XG,4731.0,3500.0
BOLEDQ9GWZHESQF8,405.0,405.0
GRAEDCRWFFYQVH2E,8999.0,3999.0
BLKEBEUNFFPSFKHE,653.0,299.0
TOPE3UPGVATFRPWM,599.0,300.0
SHIE3QDH6Z4KU5TY,3125.0,2750.0
SFFEGJHUECHGZMZS,169.0,149.0
TSHEGBY8XG8JKVTH,999.0,269.0
TROEG3VYGVSB9F5H,2599.0,1899.0
TOPEHZMKZ67ZYXYX,1200.0,1200.0
TSHEG57SNQEHD97V,849.0,849.0
SHOEHTXAFGDFHJEV,1699.0,559.0
TOPEGKDCHFWS4HRY,875.0,465.0
TSHEGBWFQABQT9T8,999.0,299.0
ACCEGCAVVG6GQ8P5,399.0,169.0
TSHEGCZTUAZAYE7G,425.0,295.0
TSHEGEXDHEZVCAMT,699.0,489.0
SHOEGFWHNAKBNYHR,1699.0,559.0
SFFEGJZHZPYSE7YD,499.0,229.0
SHOEHZMMPFYUGBGD,499.0,499.0
SHOEGEV4TDKWVMAD,259.0,259.0
TOPEGJZHGZFSGCM8,875.0,525.0
TOPEHZMKMYHYGQ9S,1150.0,1150.0
JEAEGFC4YZBVHGZF,1199.0,839.0
SFFEGF6KWKBUFUYY,1999.0,899.0
SFFEGF6KZ9PPM4SN,1999.0,899.0
JEAEGE5FAM35DZFD,1999.0,1399.0
TOPEGGA4KWAXGTG7,499.0,299.0
ACCEGKG4S4B7QGGT,799.0,549.0
SHOEHGZSKETHAVGH,1799.0,479.0
JEAEGGED6PZQCGTQ,1510.0,480.0
TOPEHZMHATUCNGNA,1150.0,1150.0
TOPEGHZ7ARZWUVFS,1690.0,1690.0
SHOEEQNJETZKM4PZ,499.0,449.0
ACCEG7DAYFG48SSH,700.0,500.0
TROEHGFYZTGCAUM9,2295.0,1606.0
SFFEGEZ5FYEMHHQW,999.0,299.0
TOPEG7HZXTEJMTZH,999.0,549.0
TSHEGJY6YDEWBYBA,1099.0,599.0
JEAEGFMZGYXJMJ3N,2000.0,619.0
SFFEGKYYDWTZTEQC,399.0,399.0
TSHEGHHNH8AEGG7V,499.0,255.0
TROEGJZZFZ4QJBAW,2295.0,1606.0
TSHEG57QP6AKHGDK,999.0,999.0
ACCEGCATKHNRXUHW,399.0,169.0
JEAEGF6NVGBFHSHH,1065.0,850.0
TOPEGHZ6VKKVGYNR,1420.0,1420.0
TSHEG57GACSGRQGM,1599.0,1599.0
ACCEGCAVGGPQPH84,399.0,169.0
TOPEGHM2EZYHWUEW,3390.0,3390.0
SFFEGJHS8Z7DSTH3,169.0,149.0
TOPEHZMKVW9USEK9,1200.0,1200.0
JEAEGGED554UU4NE,1520.0,480.0
JEAEGFC4HJDZB9UC,1299.0,909.0
SFFEGJZKQY3CBFJG,499.0,229.0
TSHEGEFHBFVF5QZH,425.0,295.0
JEAEGF9YVSQTNMQC,1550.0,930.0
TSHEGGCKYG5GGGMU,599.0,399.0
SFFEGJZQHKNFMPG6,499.0,499.0
TSHEGWZMNCAZ7YGU,710.0,610.0
TSHEGGCM94YSHMF7,599.0,399.0
SFFEGGPCZJ5D8D6C,499.0,229.0
TOPEGGA6H622PCDF,499.0,299.0
JEAEGFMQ5V7ZTYZ8,2000.0,619.0
JEAEGE8RGZSSSHXZ,1299.0,899.0
SHOEHU78QSSGMYKN,360.0,360.0
JEAEGE5F2DTDJKCZ,1999.0,1399.0
SFFEGEZCEJRG9HVF,999.0,299.0
SFFEG7FXSSCPUMFQ,749.0,299.0
TWCEGJZKVYZHNE6Z,499.0,249.0
SFFEGGJYFJWAV4HV,249.0,249.0
TSHEG7EFGACPSGP5,349.0,249.0
TSHEGWZHWNF3WTPR,810.0,710.0
PENEGJY8STATFZHY,1490.0,1490.0
TOPEHXA27XJFNSGV,699.0,699.0
TOPEGGRKYNFMGHSX,1299.0,835.0
SHOEHVZPEFK8DAWV,499.0,499.0
TSHEGGCHFAHRFARC,599.0,399.0
ACCEGCAVP2NZEETM,399.0,169.0
JEAEGEFMHBQGU5NF,999.0,525.0
SFFEGGGRKZETXKTF,499.0,229.0
TOPEGKGVSGWJWGUJ,875.0,425.0
ACCEGCASDTW8AW4G,399.0,169.0
SFFEGJCHXGHYYYZG,499.0,199.0
TROEHYUVAJ6NBBAE,1050.0,469.0
TOPEGDSGWHT5F8EK,1099.0,699.0
TOPEHZMHJHEMRDHY,1150.0,1150.0
SWTEGXQFZY95SKG7,2499.0,2499.0
TSHEG57TG27P9EZM,849.0,849.0
ACCEGG7KUYJWDUUG,220.0,220.0
TOPE9CVXB8S6VD8S,1299.0,699.0
TOPEHWDGQD9NR6QD,999.0,849.0
JEAEGE8Q8GXYFTGU,1499.0,1099.0
ECOEH4BXGVMBYEMG,180.0,90.0
ECOEH3DPYUSTWUE6,599.0,249.0
ACCEGYP2TMX2NUPH,899.0,269.0
MAHEDFPZVKF79JVQ,355.0,355.0
CPCEH2BTEYRFXHP5,1000.0,500.0
PTLEH3D3VTGUCQBK,1599.0,599.0
ACCEGYP259YXZJ4H,899.0,269.0
CPCEH2BTJ5EBZUUB,1000.0,500.0
SHIEHFCXNRGJYZS5,289.0,216.0
BOLEDTCXKEZP9MVG,545.0,545.0
SUDEGVG6PJKDGW2Z,1699.0,899.0
CPCEH2BSP6A9CJWV,1000.0,500.0
SUDEGVGYPKQSBP8T,1699.0,899.0
SUDEGVG4VNMYZWXT,1699.0,899.0
ACCEGYP28HFF9ATP,899.0,269.0
PTLEH3DFPH3CST4J,1599.0,599.0
ACCEGYP2U9GYXRBX,899.0,269.0
ACCEGYP2FYTWVKUB,899.0,269.0
CPCEH2BTCQSH457P,1000.0,500.0
CPCEH2BTGHQUMH2H,1000.0,500.0
CGCEEFZSURUGRCUG,6000.0,4500.0
ACCEETKC9MMAFHTA,2499.0,210.0
PTLEH3DYPNM44GPW,1599.0,599.0
SUDEGVG7EFJAEQZE,1699.0,899.0
PTLEH3ECEWH2STEX,1599.0,599.0
PTSEDAZU69CBFF2M,555.0,555.0
CPCEH2BTGUYS5XJB,1000.0,500.0
CPCEH2BSUG9QVGHJ,1000.0,500.0
SUDEGVG6YTPMYPU4,1699.0,899.0
PSIEF4ATFU6QYETN,280.0,260.0
PTLEH3DFKNJRHR94,1599.0,599.0
ACCEGYP28HSG3DMK,899.0,269.0
ACCEGYPF35GBXNGB,899.0,269.0
SUDEGVG2XUU2ABG5,1699.0,899.0
SUDEGVFZUHWSGM6M,1699.0,1099.0
ECOEFYFCC2BUSBN5,999.0,499.0
PTSEDHS7WZ5HCWZW,385.0,385.0
PTLEH3DYAVGBG555,1599.0,599.0
VAREGUMXHVBZYZ7K,3999.0,2799.0
ACCEGYP2ZNGRUETZ,899.0,269.0
ACCEGYP2DUKTZP9H,899.0,269.0
PTLEH3DFRABEVGNV,1599.0,599.0
SUDEGVG3EJVEE8XZ,1699.0,899.0
ACCEGYP2E2U5ZMGQ,899.0,269.0
SHOEGWYE7DGMFGC8,1199.0,399.0
SHOEGWYAGF5VNFDX,1199.0,399.0
SHOEGWXXQFGNVUG8,1199.0,399.0
SHOEG7FXJFJDFPBD,999.0,380.0
SHOEGWYGYKCCFGWH,1199.0,399.0
SHIEGXWV6FAXR4YN,1225.0,795.0
GCBEGY2PHUY2VVUH,700.0,399.0
SHIEGWTYGF2TFDPP,1399.0,639.0
LTNEHQSPYGMPTZVV,999.0,550.0
BRFEHS8Y72WAUKHZ,139.0,139.0
VASEHGT4M8S5H94Y,1600.0,960.0
JCKEBSD2QTXR3BYH,9250.0,3500.0
SGLEJXH9NYYU7QSV,499.0,117.0
SHOEJWAYZBFHTGBS,1199.0,899.0
DIAEJUCFZTY2VHUP,499.0,225.0
SFFEJUBUUFGT6TYA,499.0,249.0
FSEEJS6CT2TZFJUU,299.0,195.0
BALEEZ2A4SWPXJU4,1349.0,719.0
FSEEJVNPNZHCXNNK,5518.0,5242.0
DIAEJUCFTK5BAXKH,499.0,225.0
TSHEJT3KMFBGZVMZ,799.0,449.0
BALEGAR5KQXZZV73,1150.0,1150.0
SGLEJXKXAXRAYRKM,900.0,269.0
SGLEJXKXJHNJJTWH,899.0,269.0
SGLEJVK2HYHA4F46,1799.0,296.0
DIAEJUC9YZ7ZQZYG,499.0,225.0
DIAEJUCFHWGHUQFP,499.0,225.0
DIAEJUCFFWRXYACA,499.0,225.0
SGLEJJCJQFS9Z9BS,599.0,199.0
SGLEJXMTFUK7ZNEG,799.0,319.0
DIAEJUCFPWJYHFVH,499.0,225.0
SGLEJXES7SFDGVU4,999.0,219.0
BALEEZ2BZZ3ZT99G,1499.0,809.0
ACCEJWJKZAGJFWCB,1999.0,999.0
DIAEJUCYZ4UQXQTN,499.0,225.0
SWDEJXHBHWTUXCXS,3795.0,1475.0
SRTEJXHYXVAGCYRT,1295.0,1295.0
DIAEJUCFEAC9EUUT,499.0,225.0
SHOEJVGTSYMHYFBX,1399.0,719.0
SGLEJXMTFPXKBRHN,750.0,299.0
SGLEJVKF8UNGUJYG,1799.0,296.0
LCHEGN3ZCKYJENY2,2400.0,1079.0
SWDEJXHARNREQZVK,2995.0,1275.0
KHREJWM2NDAMPG7J,799.0,350.0
FSEEJVNPCDNP3QGG,3790.0,3600.0
HACEJXFJZ5HSR8QT,699.0,226.0
ELTEJXM48D3HAUFB,19500.0,17550.0
FSEEJVNPKJZ6GZPY,1470.0,1396.0
DIAEJUCEZNKKK4FK,499.0,225.0
SGLEJXKYZEGPHSEA,900.0,269.0
SWDEJWDGXNYEXPXF,1995.0,1795.0
TSHEJTYSMSXX8ZDM,799.0,359.0
DIAEJUCEEG8XUYZF,499.0,225.0
SHOEJKRFZ5B2AZZZ,999.0,499.0
SGLEJJCW6JYDJZKH,699.0,299.0
TSHEJCQ2VWZAKZJ4,1899.0,549.0
SHOEJKDT4DRYHFEN,2488.0,1741.0
ACBEHDUB7GGNTQSN,1245.0,1120.0
RNGEHFDYGPHZ3HGA,349.0,299.0
RNGEH4G46M4DTFSM,2666.0,1066.0
TOPEGWUTW6GWYSBE,1699.0,899.0
TOPEHAG3MXHB55EU,699.0,279.0
ACBEHDU8AZDTXQ5J,1945.0,1750.0
RNGEH8WN5KNHEFWJ,13903.0,9733.0
RNGEHFDYKFNM4UWZ,349.0,299.0
ACBEHDUBH8GTD2UC,1045.0,940.0
ACBEHDUASPTC7JBZ,895.0,805.0
TOPEGZAJGX493RKR,999.0,549.0
ACBEHDU9PG5BSYYM,895.0,805.0
ACBEHDUATE73ZUFF,995.0,895.0
TOPEGZAECT2CMGNZ,999.0,449.0
TOPEGWURCXSZMQ6H,1699.0,899.0
RNGEHFDYHVSR3SMH,449.0,399.0
RNGEH9Z2H9EDXZ9Y,799.0,649.0
ACBEHDU9Z9DGZP9Z,1945.0,1750.0
ADPEFWFYB39SBAGE,500.0,225.0
ACBEHDUBQHXTPAVK,1045.0,940.0
CLDE34YVWAJ8ZN6R,1195.0,495.0
DREE9G29SX3EENC9,1499.0,674.0
SHOECZH5WGBZHZES,1199.0,399.0
DREEFJFQVFKAUFHH,1690.0,844.0
SHOE4AE68PRQSYF2,999.0,499.0
DREE4Q5MMZ9BZZ6Y,3900.0,800.0
SHOE2FQDMSCWNPHG,1599.0,799.0
DREEAJTKNPH2HBDZ,1859.0,829.0
SHOE39Q6PDKHYY2F,1398.0,499.0
DREE664ZRNGWSDAA,1795.0,879.0
SHOEBDTHZDHFPHHG,1899.0,1899.0
DREEC88GXMHEQMRN,1399.0,979.0
PDKE9C4FPDFDQSUW,799.0,419.0
DREE9CPNYFZP9HRA,1599.0,799.0
MNKDSZQR3NAMFTDQ,280.0,212.0
DREEYGCXYYZHDGDZ,999.0,999.0
SHOE8VP932WXGCZV,999.0,449.0
DREE7ZG9S7JJAZEG,1300.0,659.0
SHOE2T3QZZNGVPYD,1499.0,1049.0
DREDUKH4YHWHURG3,998.0,998.0
SHOE794VVTGBADKW,899.0,499.0
DREDPSWBYRPGWXJ7,1600.0,800.0
DREE7B6YJ2ZHHPMN,1399.0,699.0
SHOE2PQ42ENPZEYJ,1799.0,999.0
DREEFYYFD6YWGBFZ,1149.0,804.0
JEAE6P3YHQZQGF3Z,920.0,920.0
DREE74XGZFU3T8TH,1195.0,776.0
SHOED6C5ZGCBKTP2,1499.0,1099.0
DREE6TGFWYMBAJMF,1299.0,779.0
SHOECUZVNVUQ8CJF,1599.0,800.0
DREE7AZZQNEE9ZVG,1599.0,959.0
SHOECFFWRJYBTPHY,1299.0,899.0
DREECFPUWHXZFKKM,1299.0,999.0
DREDRCRHDXQNK4RB,1429.0,999.0
SHODXQRRGKZ74U9M,1199.0,399.0
DREEAVB2QKSZN4HH,1149.0,804.0
MNKEACEYYP8HF2JF,675.0,645.0
DREEAJZTXE4GCAHP,1865.0,839.0
MNKE24MA8KWPREQT,180.0,180.0
SHODZKAZZGGBSXFD,2580.0,599.0
SHODWK97XBSQGJVX,1699.0,499.0
SHOED65YZH7RQQTW,2295.0,2295.0
SHOE6XNZ7WS4ZQXH,999.0,549.0
HKHE62MHWS8ANGXU,499.0,195.0
SHOEAP3QYFUR6QQB,999.0,499.0
SHOECVMMYCMGFZZP,2295.0,1199.0
SHOECNQAQT4QK6UA,1690.0,1690.0
SHOECP78YDYPYPSE,1149.0,499.0
SHOECGUPWQRCNAHR,695.0,595.0
SHODX5QPXCXZZQHC,499.0,499.0
MNKE8ZWFT44GRURB,250.0,125.0
SHOECQFGWPRF3BAY,1790.0,1790.0
SHOE9T33EJDNTZ68,499.0,349.0
SHOE3TJTTBRB86GG,599.0,499.0
SHOECM4BZBFCRWTY,2499.0,999.0
SHOE2PQ6ZNUVUQJN,1599.0,799.0
SHODZ5YHTEHZTR3V,3999.0,2599.0
SHOE5QZYBEWT53HQ,799.0,399.0
SUOEBWCHKAPGTVBJ,750.0,600.0
SHOECQQFYNSCRFBR,1999.0,999.0
SHOE6PEHVTQKMYQK,1499.0,599.0
CLDE2YKDGCRWRWMF,1195.0,895.0
SHOE2VC3UPHYRARN,1300.0,1050.0
SHOE2MCJC5DUUBTY,1590.0,1590.0
SHOE4CJXZ28HE7EH,999.0,499.0
SHOE794UZZSQHGZ9,699.0,499.0
SHOE6KNBNJ98N78B,1999.0,999.0
SHOE6QGAYFFMBWG6,1800.0,1099.0
SHOECH3WZHFCVZWU,1899.0,1699.0
SHOE6QGATWATFY5J,1800.0,1099.0
SHOEYVXVYAVXACCW,399.0,399.0
HKHE62MHFXUB85ZE,499.0,199.0
SHOE44ZFTHMTAB6C,1499.0,585.0
SHOEAPT3RUN6RAJ2,699.0,399.0
SHOECZNMUNRVGQ7H,1199.0,499.0
MNKDZKF6WYMMF2M5,580.0,580.0
SHOE8PYFWPQCZUCR,1999.0,699.0
SHOEAMEVQ7ZNVUJZ,1999.0,1900.0
MNKEYGQMJHGZ4ZRX,298.0,169.0
HKHE57EHTMJCH5FT,999.0,349.0
SHODWMHGWGPPVTD5,1899.0,1899.0
SHOEFAJ5M668K6ZQ,1499.0,750.0
SHOECEP6JGWHYNXG,499.0,399.0
PDKE9C4FSP77MRRF,799.0,419.0
SHOE652MJRRMFBEF,1795.0,599.0
HKHE5QUYGQAWURCP,899.0,399.0
SHOEAMZZNMJH4UZM,1349.0,474.0
SHOEYSUKSZNTJPJN,899.0,499.0
MNKE75M6XXECTDK6,999.0,299.0
SHOE3MYBTPZVTGYM,1099.0,399.0
SHODPH4GZWVXE5RB,1899.0,999.0
SHOE4K54VP44KTZK,1100.0,880.0
SHOEY8RMVZV3UY3A,499.0,499.0
SHOEBGDMZFGMWGSD,699.0,599.0
SHOE6XNZAFUF2SHZ,999.0,549.0
MNKE79DWUUQVSBZF,999.0,790.0
SHOEBGHJZB2UKFC4,2699.0,2565.0
SHOEBQ8UW6G2HEVG,1399.0,698.0
SHOEBBWKYRZHMMZN,849.0,749.0
SHOED65Z2TDCFZHB,1995.0,1995.0
SHOEAUABZ9EJC7YC,1890.0,1890.0
SHOE2PQ4TFG9X8GF,1999.0,1299.0
SHODYGFWEWCG6S88,599.0,499.0
PDKE9C4F8TDFKHMK,799.0,369.0
MNKDZSMXADGFZD3C,510.0,510.0
SHOEFAJ5NAGQCG8H,1599.0,800.0
SHOE66V8UMNGZKYM,1299.0,599.0
SHOEAGUMMWFABHUT,799.0,499.0
MNKE5YG7USVVTPCZ,999.0,444.0
SHOE652MZ4HZGAZ3,895.0,445.0
MNKE7VFJG9PCYHRU,1395.0,1116.0
SHOEB57FWHZKQZYE,1449.0,799.0
SHOEAF2JY9XKZTRG,1890.0,1323.0
SHOEC89GW4YEXFHG,1695.0,1295.0
SHOEC89HYNZUDXRY,1695.0,1295.0
SLMEDD5NV2ET25RZ,699.0,449.0
MNKDNW49THH74PVT,499.0,265.0
SHOEBGDMKUF33QYC,699.0,599.0
SHODZDAE6FKCC8AH,1095.0,548.0
SHOEC89YJYEHBW2C,1695.0,1295.0
SHOEBG79YJZD9C33,1099.0,699.0
CLDE26U5N2TSHREG,449.0,199.0
SHOECZNMZ6PJHHM8,1199.0,499.0
JEAE2KFRBNFZFWE6,899.0,539.0
SHOE6ZVUSR95HF6P,1800.0,1440.0
SHOE4QFHZWCZGCMB,999.0,349.0
SHOEAVPFUVHJJRHT,1000.0,769.0
SHOE6VH5FY6TXG62,1999.0,799.0
SHOECQQFS9D6CFNC,1799.0,899.0
SHOECFAQWZSP3SS2,999.0,499.0
SHOEFDVVFH5WUUMN,999.0,950.0
CLDE9Y64GKDGAAUG,400.0,195.0
SHOEBBYTYEFP5WGN,799.0,699.0
MUGEB7J7SENGQCZK,599.0,225.0
MUGEACY8NCCXXWJZ,458.0,199.0
MUGEAGGKQMGVUVJT,499.0,199.0
MUGEBFGY3VGMSTZE,650.0,299.0
MUGE9WYRNFEG66S2,599.0,199.0
MUGEACY8CMZT54ZX,458.0,199.0
MUGEBFGFM3GRXXKW,650.0,299.0
MUGEBFGFYPAT5BQE,650.0,299.0
MUGEAGGKCDCUHPYQ,499.0,199.0
MUGEACY8SSF8HCAN,650.0,299.0
MUGE8S9K9YBFCGQV,499.0,175.0
MUGEACY8Z6ARBSVS,458.0,199.0
MUGECEVF6QB99RWA,599.0,225.0
MUGEACY8MFV9ZDB3,650.0,299.0
MUGE4PXNXSEFGFZU,599.0,225.0
MUGEAGGKNFZUGFN7,499.0,199.0
MUGEAGGKPVFMRCXU,499.0,199.0
MUGE9P6DJGVZHRMV,599.0,225.0
MUGEAGGKXFT23YYH,499.0,199.0
MUGEAGGKWW34AFH6,499.0,199.0
MUGEAGGKFYN8F5TT,499.0,199.0
MUGEACY8W2UBMYUQ,650.0,299.0
MUGE9ZVGGRKZBUUA,350.0,250.0
MUGEACY8H9R9ENVT,458.0,199.0
MUGEAGGKHSCYMGZG,499.0,199.0
MUGEAGGKURWPVVSW,499.0,199.0
MUGE6SYU8QAKS7UH,499.0,175.0
MUGEBJ7XD5GRWVX8,499.0,175.0
MUGEACY8MGYM6PEF,650.0,299.0
MUGEAGGKPUYPSZAG,499.0,199.0
MUGEACY8Z8Y3EDRZ,650.0,299.0
MUGE8S9KB8DUER6P,499.0,175.0
MUGECJZ23GD5PE6C,599.0,225.0
MUGEAGGKYUB8SYA5,499.0,199.0
MUGEACY8FADKRHPW,650.0,299.0
MUGEAGGKTJMC9FZB,499.0,199.0
MUGEB3GZGGCPWCVH,699.0,275.0
MUGEACY8EVX5VAMD,650.0,299.0
MUGEAGGKYT9UPZRG,499.0,199.0
MUGEAGGKUPW5Y43K,499.0,199.0
MUGE99BWHAB47HZC,599.0,225.0
MUGEAGGKKZBHTBHW,499.0,199.0
MUGE92Z4SGPZP3JJ,599.0,225.0
MUGEACY8Q3ZYSYXZ,650.0,299.0
MUGEACY8ZGC54WNC,458.0,199.0
MUGE9HRR6HVCRPZT,699.0,275.0
MUGECEVF5ZYJRXMM,599.0,225.0
MUGEAGGKZFGYHZ4Y,499.0,199.0
MUGEACY8Q7ZYSTN8,650.0,299.0
MUGEB7J7RZDRUQH9,699.0,275.0
MUGEAGGKPSZSWZMJ,499.0,199.0
MUGEBFGFYWQRWYDN,650.0,299.0
MUGEB3GZ5HYHGBQT,699.0,275.0
MUGEBFGY5KP33HSX,650.0,299.0
MUGEACY8VZZANNTE,650.0,299.0
MUGEAGGKZTAYHVFZ,499.0,199.0
MUGEACY87DHFDDZC,650.0,299.0
MUGEACY8DDWFGRUA,458.0,199.0
MUGEBFGFRVWCKPVT,650.0,299.0
MUGEACY7ZZGGMC6E,458.0,199.0
MUGEAGGKNHYU6HGM,499.0,199.0
MUGEAGGKMUGXQ2YH,499.0,199.0
MUGEAGGKXFJDBZ9Q,499.0,199.0
MUGEAGGKK6ZZUYKP,499.0,199.0
MUGE8VY8KMSMAMFT,350.0,250.0
MUGEAGGKHEM6SGPP,499.0,199.0
MUGECEVFZVB49B8S,599.0,225.0
MUGEAGGKUQE2HYPZ,499.0,199.0
MUGEAGGKZEFKTZ8U,499.0,199.0
MUGE6A5HVZYHMHKW,499.0,175.0
MUGEAGGKZFD7ME7F,499.0,199.0
MUGE5HG8AZTFDZ4T,499.0,175.0
MUGEACY8CHWAPQK2,650.0,299.0
MUGEB7J7VYQXGFM3,599.0,225.0
MUGEACY87HGZAZSU,650.0,299.0
MUGE6A5HP6TG9YCQ,499.0,175.0
MUGEACY8F4ZAFQNJ,650.0,299.0
MUGEBFGFSYVB3FF3,650.0,299.0
MUGEACY8MJHFFY3P,650.0,299.0
MUGEBFGY3ZYAPFYR,650.0,299.0
MUGEAGGKHFAM4YZG,499.0,199.0
MUGEAGGKMRZABCNZ,499.0,199.0
MUGE9P6DGMCWBWJH,599.0,225.0
MUGEAGGKYSMHGRMH,499.0,199.0
MUGE9HRRXMEBTYR2,599.0,225.0
MUGEAGGKNHCZKE2Q,499.0,199.0
MUGE6A5HZQ564AWG,499.0,175.0
MUGECEVFZHZHYBZV,599.0,225.0
MUGEAGGKVNSUCWUG,499.0,199.0
MUGEAGGKSGCWPFTG,499.0,199.0
MUGEACY8MDQCWAGH,650.0,299.0
MUGECJZ2AHNZ2JHS,599.0,225.0
MUGE9WYRNRCC5W65,499.0,149.0
MUGE6A5HZUJ924WH,499.0,175.0
MUGEBFGFYPNW7GQ8,650.0,299.0
MUGE5HG8VVGMBN5M,499.0,125.0
MUGEBFGF6ZUHKH4C,650.0,299.0
MUGEB7J7GMQTWDP6,499.0,175.0
MUGEBFGFMTNYY7X3,650.0,299.0
MUGEAGGKZSXJZXBB,499.0,199.0
MUGEAGGKFB4NSF9K,499.0,199.0
MUGE6ZDZUCAYFRFF,499.0,175.0
MUGE6A5HYZZVG5Y3,499.0,175.0
MUGEACY8ZBCGS2ZF,458.0,199.0
MUGEAGGKKDAXEA36,499.0,199.0
MUGEACY8VQRMM4FX,650.0,299.0
MUGE7DUFGUZDQMTQ,499.0,175.0
MUGEBFGF6PBQ2R3K,650.0,299.0
MUGEACY8CDCZTUMD,650.0,299.0
MUGE5HG8FG7YJHMD,499.0,175.0
MUGEBFGFT2CSSGVM,650.0,299.0
MUGE7DUFB3MZZN79,499.0,175.0
MUGEAGGKJZYHANSX,499.0,199.0
MUGEAGGKZFYBUMP9,499.0,199.0
MUGEAGGKRHSXEGCV,499.0,199.0
MUGEBFGFHDYGW4JJ,650.0,299.0
MUGEACY8DDVJ8QAD,458.0,199.0
MUGEAGGKY7DVDTYA,499.0,199.0
MUGEAGGKMTYUFAGC,499.0,199.0
MUGEBFGFEN9A5EGR,650.0,299.0
MUGEACY878BAUCUH,650.0,299.0
MUGEYYXFMBHPJT9F,350.0,350.0
MUGECEVF4WG8JSZ9,599.0,225.0
MUGEACY8TXR6HT5K,458.0,199.0
MUGE92Z4ZTV8UZYN,599.0,225.0
MUGEBFGY49MKHHRT,650.0,299.0
MUGEAGGKWSZ6EVSR,499.0,199.0
MUGECEVFM93JBPEW,599.0,225.0
MUGEAGGKQM37W42E,499.0,199.0
MUGEAGGKHU2G6PT8,499.0,199.0
MUGE8DTSSBPHDZWA,499.0,175.0
MUGE8DAUVTATCUYH,499.0,175.0
MUGEAGGKYWKB6YGX,499.0,199.0
MUGEB7J7SPWJTRDC,599.0,225.0
MUGE8TQEZKAD9WVN,350.0,250.0
MUGE99BWGDNEWEN4,599.0,225.0
MUGEAGGKSMSZVEAB,499.0,199.0
MUGEBFGFDQYJG5TW,650.0,299.0
MUGE8S9KPQFMXRFD,499.0,175.0
MUGEBFGFEFPRH8F5,650.0,299.0
MUGE9RHN8PQP28CJ,599.0,225.0
MUGEACY8Z6RG3GPV,650.0,299.0
MUGEAGGKJFYH6GRS,499.0,199.0
MUGECEVF7HGA3QMQ,699.0,275.0
MUGECEVFBPUAPF8B,599.0,225.0
MUGEACY8HBSWCCWV,650.0,299.0
MUGE9HRRWZBDVHZ6,699.0,275.0
MUGECEVFKB5RER6P,599.0,225.0
MUGEACY87HUCUYCD,650.0,299.0
MUGEAGGKFYCFTBUJ,499.0,199.0
MUGEBFGFHNSEBGMC,650.0,299.0
MUGEAGGKFBTYPN4Z,499.0,349.0
MUGEAGGKGVE5CCWZ,499.0,199.0
MUGEAGGKXF2KF4HN,499.0,199.0
MUGEACY8H6E6FMA7,650.0,299.0
MUGEBFGFD5FRUUVP,650.0,299.0
MUGEACY7ZZV9QVBZ,458.0,199.0
MUGEAGGKSHGYYQ4F,499.0,199.0
MUGE75ZZ3G2NGKXZ,499.0,175.0
MUGEAGGKZTMNHZPF,499.0,199.0
MUGEACY8VKKQ6GJ4,650.0,299.0
MUGEACY8EXQKEZ8J,650.0,299.0
MUGE5HG8G63YKHFB,499.0,175.0
MUGE8KXYGZ4F9EED,499.0,175.0
MUGEACY7ZZA9PFAY,650.0,299.0
MUGEBFGFRPNWGQTD,650.0,299.0
MUGE75ZZ2ZYSR3TR,499.0,175.0
MUGE7DUFEC3VUZMF,499.0,175.0
MUGEB7J7TTV5URK4,599.0,225.0
MUGEAGGKY5XARAEB,499.0,199.0
MUGE8F5RDEYMH4YH,499.0,175.0
MUGE6ZDZRKBKEHPF,499.0,175.0
MUGEAGGKJFVYQGDF,499.0,199.0
MUGE9HRRGGXQ8XUN,499.0,175.0
MUGEAGGKGEQBSTZA,499.0,199.0
MUGEACY8HGXBNPB7,650.0,299.0
MUGEACY7ZZFGP7BM,458.0,199.0
MUGEBFGFYM5T6KNW,650.0,299.0
MUGEB3GZ4ZYHF24Z,599.0,225.0
MUGE9HRRKMGKHMRT,699.0,275.0
MUGE8VY8HZAM3ZRK,350.0,250.0
MUGEACY8TXGZFHKY,458.0,199.0
MUGE8NZC8ZHZPNFF,350.0,250.0
MUGEBFGFM2AZHHWR,650.0,299.0
MUGE9P6DPPNA4TUS,599.0,225.0
MUGE7DUF6GBTUQDD,499.0,175.0
MUGEACY82SGHCHYY,458.0,199.0
MUGEBJ7XJRQDMWYY,599.0,225.0
MUGE8DAUSNCVD2QG,499.0,175.0
MUGECEVFKZHBDRWM,499.0,175.0
MUGEACY8SWZV9NGD,650.0,299.0
MUGECEVFMCXPZFS4,599.0,225.0
MUGE9HRRBJMYQVGR,499.0,175.0
MUGE5PZ6NQHW7GZY,599.0,225.0
MUGEBFGFHRH5VVKH,650.0,299.0
MUGEBFGFRUMZGKNN,650.0,299.0
MUGEBFGF4ZDPGTZZ,650.0,299.0
MUGE5PZ6HEKU5YN8,699.0,299.0
MUGEAGGKRHDTRJNH,499.0,199.0
MUGEACY8EWA937QD,650.0,299.0
MUGEACY8QGADG5VG,650.0,299.0
MUGEAGGKGFVFMJQY,499.0,199.0
MUGEAGGKVTMZWUMP,499.0,199.0
MUGEBFGFHPWKY8BB,650.0,299.0
MUGEBJ7XHH5AVZV7,599.0,225.0
MUGEAYHPFEWRVJH6,599.0,225.0
MUGEBFGF6FCZ8YQH,650.0,299.0
MUGEACY82GPXUBAC,458.0,199.0
MUGEBJ7XJHMCGNV9,499.0,175.0
MUGEBFGFGZJZGMG6,650.0,299.0
MUGEBFGY3HVWBKY4,650.0,299.0
MUGE94E88NSTANZT,599.0,225.0
MUGE8S9KNUVSQZ73,499.0,175.0
MUGE7DUFF4VTYCQM,499.0,175.0
MUGEBJ7XKJDMNXY3,599.0,225.0
MUGE6ZDZRGWDC9NF,499.0,175.0
MUGEAGGKTPKSHZJY,499.0,199.0
MUGEACY86QBJGTZA,650.0,299.0
MUGEACY8QGGEP9E7,650.0,299.0
MUGEAGGKZTK4ASHX,499.0,199.0
MUGEAGGKTQPXHFGA,499.0,199.0
MUGEAWE5MZRRG5GY,599.0,225.0
MUGEAGGKKZ6KHFRG,499.0,199.0
MUGEAGGKDCJHRYBY,499.0,199.0
MUGEACY8H8FYGHNS,458.0,199.0
MUGEBFGF6MDQGHBG,650.0,299.0
MUGEAGGKVTBAE89D,499.0,199.0
MUGE99KFBXHBGGXN,499.0,175.0
MUGE9P6DZDPPYJRY,699.0,275.0
MUGEBFGFCWPFX4SZ,650.0,299.0
MUGEAYHP2YTXUDBB,499.0,175.0
MUGE92Z4VKWKGEXX,599.0,225.0
MUGE6S9YXRP8MRQC,499.0,175.0
MUGEACY8U2HXTXZ3,458.0,199.0
MUGEAGGKGSPGYPHT,499.0,199.0
MUGEBFGFKNEDH8MG,650.0,299.0
MUGEBJ7XBXMRUHQC,499.0,175.0
MUGEBJ7XAFVH25VD,499.0,175.0
MUGE9HRRTTGNEANM,499.0,175.0
MUGEACY8ZGEDWKGZ,458.0,199.0
MUGEACY8MKDRNBFH,458.0,199.0
MUGEACY8W2UXHW65,650.0,299.0
MUGEAGGKJM5GUWQH,499.0,349.0
MUGEB7J7GPWUH6Q5,499.0,175.0
MUGECJZ2DTFF8KJA,599.0,225.0
MUGEACY8QAHZFFXV,650.0,299.0
MUGEAGGKEGCPWWPN,499.0,199.0
MUGEYYXFNGQ6A3FP,400.0,301.0
MUGEBJ7XHN9UYUH9,599.0,225.0
MUGECEVFKRPQN87Q,499.0,175.0
MUGEAGGKY8BGZWSU,499.0,199.0
MUGEACY8HJB2956S,650.0,299.0
MUGE6S9YZ25CHZRN,499.0,175.0
MUGEAGGKRGWGGBTW,499.0,199.0
MUGEAGGKWXSMFARQ,499.0,199.0
MUGEAGGKQJUUP2AN,499.0,199.0
MUGEAGGKKZ7ADH6X,499.0,199.0
MUGEBFGFM83MRVN7,650.0,299.0
MUGE6SYUDDPPJDKT,499.0,175.0
MUGE8DAUYGPWG9AE,499.0,175.0
MUGEBFGFYQPGRQ7Z,650.0,299.0
MUGE6SYUHXASZBRF,499.0,175.0
CRNEYTNBFPY5ZMHV,899.0,719.0
CRTECN2QUHHJZNY8,3150.0,1350.0
PACEAYZANXQFKGZ3,950.0,470.0
SHIECSRFZCQRERTJ,1190.0,580.0
CRTECN2QSXEHJHR5,4900.0,1599.0
SHIE2XDXQA5SDTYP,5950.0,4900.0
SHIE5C2HZK2RARWA,1400.0,775.0
CRTECN2QTABUHTNB,4900.0,1599.0
CRTECN2QS6YHKQ3G,4900.0,1599.0
SHIEA6YUZCDGZUCG,319.0,180.0
PACECMKUR6SNQFNZ,399.0,299.0
CRTECN2QZSZMM3YJ,4900.0,1599.0
CRTECN2QVMFZFNGC,4900.0,1599.0
PACDZNJRS8AHZVEV,399.0,289.0
CRTECN2QZUNXDN4E,4200.0,1380.0
CRTECN2QUTVCTHHS,2800.0,920.0
CRTECN2QUAPZZ8QC,4900.0,1599.0
CRTECN2QZCEEGDZN,2800.0,920.0
CRTECYY4DCRARYG9,5500.0,3399.0
CRTECN2QUQHGT6C5,4900.0,1599.0
SHIE5U6NBCUHQZTS,999.0,450.0
CRTECN2QZGCRKMXQ,4200.0,1380.0
SHIE9HH3AFF2GXZD,390.0,340.0
CRTECN2QWCYXHPGQ,4900.0,1599.0
CRTECN2QXZ3GQWH8,2450.0,920.0
CRTECN2QZFP2GCCK,4900.0,1599.0
PACE3RJYU2NZQRX8,1200.0,1200.0
SHIE9J6P8QHDZWXF,9400.0,7049.0
PACEFVZZMCGNBACQ,995.0,499.0
CRTECN2QZVEY2YUK,4900.0,1599.0
SHIEFFFPMFH8SZZM,499.0,499.0
CRTECN2QYKW7S3P5,4200.0,1380.0
SHIECY9ZQ2MGG5PX,1699.0,699.0
CRTECN2QSWVMMX4U,4900.0,1599.0
CRTECN2QZGVPNAXC,4900.0,1599.0
SHIE3FHYRRQGFFXN,11900.0,8900.0
SHIEBZB4U7BKYJTU,6500.0,5700.0
CRTECN2QXMDCFAGM,3150.0,1350.0
SHIE7ZWAT8HEHBZX,1500.0,799.0
SHIE7DFNYZC6YWTT,980.0,549.0
CRTECN2QTV27RUUA,4900.0,1599.0
SHIE8WYNTGEU8JDA,1989.0,799.0
CRTECN2QUHKRMZSA,4200.0,1380.0
CRTECN2QSHK4DF6T,4200.0,1380.0
CRTECN2QXMHMRSER,4900.0,1599.0
CRTECYY4GWBEETBG,5500.0,3399.0
CRTEB774NHSDW3DV,3200.0,2250.0
SHIE6WXTWZ2U4RH9,2300.0,499.0
CRTECN2QYATYF94A,4200.0,1380.0
PACEC89YGNYZCMC4,900.0,350.0
CRTECN2QUAMRBWUE,4200.0,1380.0
CRTECN2QV9AZBYNG,3150.0,1350.0
PACE43HFHGWUEV48,1298.0,649.0
CRTECN2QSBZA5YHQ,4900.0,1599.0
CRTECN2QZ7XUGBR6,2800.0,920.0
CRTECN2QWRCAFXNG,4900.0,1599.0
CRTECN2QXZCWFWHR,2800.0,920.0
CRTECN2QSX6JZKKJ,4900.0,1599.0
PACED7HVHJQHDZQC,250.0,45.0
CRTECN2QV3NVJVJY,4900.0,1599.0
CRTECN2QUCD97JY3,4200.0,1380.0
CRTECN2RGCYZVWF3,4900.0,1599.0
CRTECN2QUHEXQ5BG,4900.0,1599.0
CRTECN2QX4FC2UAC,4200.0,1380.0
CRTECUWZXMV2YZ9G,3699.0,1799.0
PACE472CMNPGQY2W,499.0,183.0
CRTECN2QZBHHAG3M,2800.0,920.0
CRTECN2QZGHCJHW8,2450.0,920.0
SHIE8VY9ZH4ZCBMQ,1099.0,499.0
CRTECN2QS5JJAFVP,4200.0,1380.0
CRTECN2QX3VH7RD5,4900.0,1599.0
CRTECYY4VY3MU5HR,5500.0,3399.0
CRTECN2QXMXFUYRD,4900.0,1599.0
CRTECN2QX6RSYSRG,4900.0,1599.0
CRTECN2RCWZTMS2F,4900.0,1599.0
PACDZUDMCHKDHGXA,749.0,469.0
SHIE2FH7KUFTCZUH,1050.0,890.0
CRTECN2QZ3XEUPTT,4200.0,1379.0
SHIE24NXDDSGDSWP,850.0,650.0
PACE7QHJGYKXGM5W,199.0,55.0
CRTECN2QZUD25VFN,4900.0,1599.0
CRTECN2QSSHFDJS5,3150.0,1350.0
CRTE8389ZZJS6W9E,1259.0,474.0
CRTECN2QZMHUEG89,4900.0,1599.0
CRTECN2RQJGXB54U,4900.0,1599.0
CRTECN2QZD4WXYG8,2450.0,920.0
CRTECN2QXCYG6CUA,4900.0,1599.0
SHIECKYBQQNHZFZD,1118.0,497.0
CRTECN2QSTZHJTKF,3150.0,1350.0
CRTECN2QT4YABNGQ,4900.0,1599.0
SHIEBZB4QFCBMVXD,15700.0,14900.0
SHIEBQ8WJJ2GQBAE,1135.0,1112.0
SHIEBCQZFENB4BGC,800.0,599.0
SHIE6ZSBWKWVVNB2,1599.0,699.0
CRTECN2QXQK3RMVY,3150.0,1350.0
PACE95FMAFXHZB5C,399.0,190.0
SHIE7VEF53ZMHGMS,1299.0,1099.0
CRTECN2QSUHUEZZD,4900.0,1599.0
CRTECN2QXZFWR9H4,4200.0,1380.0
CRTECN2QZNXTGGXG,3150.0,1350.0
SHIECFMCY2YUZGMR,744.0,744.0
SHIE6ZSBG9YAZZHF,1599.0,699.0
SHIEBZ7UE4BXMK98,2499.0,2199.0
CRTECN2QXZUFSGHZ,2800.0,920.0
SHIEAT33F8AZFEFS,9200.0,6440.0
CRTEA7HASSJUVUUV,2250.0,1490.0
SHIE8WYNMSSUJHNC,1330.0,699.0
SHIE7DFNAFTC6R6M,1450.0,649.0
CRTECN2QTCCU8MZM,2800.0,920.0
SHIE9J6PXUGTQMCH,1400.0,1050.0
CRTECN2QXASYJJDQ,4900.0,1599.0
SHIEBTT2SZQJKGDM,999.0,899.0
PACEBNG37K3MXNBQ,299.0,145.0
CRTECN2QZBYREFGP,4900.0,1599.0
CRTECN2QUFRSFG5H,2450.0,920.0
CRTECN2QXRTJXCCY,4900.0,1599.0
PACEAU9GVDACRKUV,499.0,139.0
CRTECN2QYUDAZJ8T,2800.0,920.0
SHIECJ45TFDT4EPB,3999.0,3399.0
SHIE7ZWANZAZ7R6Z,1500.0,799.0
CRTECN2QVB3PB5HX,4200.0,1380.0
CRTECN2QZZACHGYQ,4900.0,1599.0
SHIE7DFN2AGNFUUS,1050.0,419.0
CRTECN2QUBBV3FGY,4900.0,1599.0
CRTECN2QSGYM2NU4,4900.0,1599.0
SHIECFNXZ7W9GVYZ,2499.0,999.0
SHIEBZB4SXXAG6TH,7000.0,6500.0
CRTECN2QTYMM5RGZ,4900.0,1599.0
CRTECN2QV6YRPQDX,4900.0,1599.0
CRTECN2QZ8T7W8B5,4900.0,1599.0
CRTECN2QVZJQWJAC,4900.0,1599.0
CRTEA7HAJDHDXA9G,2250.0,1490.0
CRTECN2QZJRD88NM,4200.0,1380.0
CRTECN2QZ5JKBMTA,4900.0,1599.0
CRTECN2QZ6QDMMCG,4900.0,1599.0
PACE4YPWNTHM9YXZ,349.0,249.0
SHIE9J6PUWBGKCAJ,1100.0,850.0
PACEB2XUZJWEY8BH,650.0,399.0
CRTECN2QUPEM5TEE,4900.0,1599.0
PACECFGASDHF8RQU,299.0,147.0
CRTECN2QYZXQGFHE,4900.0,1599.0
PACEB2XNEBZTJZZG,575.0,375.0
CRTEA7HAZZEFHSGX,2250.0,1490.0
CRTECN2QYRY2KWZF,4900.0,1599.0
SHIE2XDXPYYGJJZN,12900.0,8900.0
CRTECN2QUCSMF4SX,4200.0,1380.0
CRTECN2QWFYBKKJZ,2800.0,920.0
CRTECN2QXU2DFRMM,4900.0,1599.0
SHIE39QJZY3BNW3A,2235.0,1490.0
CRTECN2QTK6FRYHR,4900.0,1599.0
CRTECN2QTVFBZGYM,2800.0,920.0
SHIE9FMZAH4U4H6Z,8650.0,6485.0
SHIE8N77ZEBQHFWU,5059.0,4051.0
CRTECN2QUHW9VFFT,4900.0,1599.0
CRTECN2QW9FYDQFY,3150.0,1350.0
SHIE8QE6RMNSGPAU,1675.0,989.0
CRTECN2R6SGHFHGJ,2450.0,920.0
CRTECN2QZZW6JVNQ,4900.0,1599.0
CRTEB774DZGQJXV8,2250.0,1460.0
CRTECN2QXZUD8FBP,3150.0,1350.0
CRTECN2QY22FBGAU,2450.0,920.0
CRTECN2QVCPVUNEA,2450.0,920.0
SHIEC8ATXGYEJ4GD,6599.0,6599.0
CRTECN2QYXNQ52NN,4200.0,1380.0
CRTEB774ABFYBNPU,2250.0,1460.0
CRTEB774ZH4FDG9P,2600.0,1750.0
CRTECN2QWVXB3XQZ,2800.0,920.0
SHIE55GT4JDKEGZQ,679.0,399.0
PACDZTD7Z9T2GVGT,595.0,470.0
SHIE3GPARBJ4SBCG,4500.0,4200.0
CRTECN2QXXNYW7QY,4900.0,1599.0
CRTECN2QV7YZBUY5,4900.0,1599.0
CRTECN2QYUK3TPHZ,4200.0,1380.0
SHIE9J6ZRMDMGTF9,6400.0,4795.0
PACE66XREPHDU3NH,1199.0,699.0
SHIE7VFYJHKGMXUR,1548.0,1348.0
PACE5Y8Y44TKZ7RM,450.0,279.0
JUMEBKQJUZHCZHHM,625.0,625.0
SHIDYZAYRM4KKJGR,1250.0,638.0
SHIE9FMPWV8U4RWX,8250.0,6185.0
PACE7ZNHBP4FASAQ,299.0,249.0
CRTECN2QVSCZAQEA,3150.0,1350.0
CRTECN2QXKTZAR2Z,4200.0,1380.0
CRTECN2QSGDEJKFV,4900.0,1599.0
SHIE6G75RNDQSGUQ,2500.0,1800.0
CRTECN2QUYTHVFJM,4900.0,1599.0
CRTECN2QXBKG9MZF,4900.0,1599.0
CRTECN2QWDZFQESG,4900.0,1599.0
SHIEBTT2R6Q2VBY6,1199.0,999.0
CRTECN2QZZFAB3ZP,4900.0,1599.0
CRTECN2QYJVTVEH9,4900.0,1599.0
SHIEFZ2GJGAHATFG,7680.0,7680.0
SHIEBTT2Y5CEXB4V,1199.0,999.0
CRTECN2QWHGBRQE3,3150.0,1350.0
SHIEBJH8XQ2TEASA,7800.0,6500.0
CRTECN2QYSAMMGRW,4900.0,1599.0
CRTEA7HA7X3CW7YQ,2250.0,1490.0
CRTECN2RTNAPQ9UC,4900.0,1599.0
CRTEA7HAQQCGTPFU,2250.0,1490.0
CRTECN2QYCZPHYHH,4900.0,1599.0
SHIEAPEAHUWDHSDH,599.0,349.0
SHIE7MGDAS5B4JEY,999.0,650.0
PACE43HFHCYGHYFK,1298.0,649.0
SHIEBY8ZUB5HYBAG,4599.0,4099.0
SHIECSPA5TZMFSS6,940.0,410.0
CRTECN2QXB8H2ZMM,4900.0,1599.0
PACE5AKC3NFGMDJZ,1275.0,528.0
CRTECN2QZ97PHXN9,2800.0,920.0
CRTECN2RCNAMYX2E,4200.0,1380.0
CRTECN2QYTYASGCP,4900.0,1599.0
CRTECN2QZVH3J8PV,4900.0,1599.0
CRTEB774JMYWBRMV,2400.0,1650.0
PACE3P9ASGJSV5KW,199.0,120.0
CRTECN2QSN7HAXRJ,4900.0,1599.0
CRTECN2RZRH6FTYZ,4200.0,1380.0
CRTECN2QZ6S5X2QN,4900.0,1599.0
CRTECN2QZJZTTSAS,2450.0,920.0
SHIE7DFNVCR8KUGP,1450.0,519.0
CRTEA7HAXMYFVGXX,2400.0,1890.0
CRTECN2QWEDYMDNQ,2800.0,920.0
CRTECN2QZWHEJRGA,4900.0,1599.0
CRTEB774VG87VGWC,2250.0,1460.0
CRTECN2QYGHXNZ2Q,4900.0,1599.0
CRTECN2QWPZM7GRF,4900.0,1599.0
CRTECN2QTWFJ2ZMT,2800.0,920.0
SHIE5HBGWKWJWFRA,1799.0,1529.0
PACE26UZUHFGYYHZ,799.0,799.0
CRTECN2QXMRMSVSN,4900.0,1599.0
SHIE9FMPNPC7ZGGZ,6500.0,4869.0
SHIE7G263EDTSDU5,1599.0,375.0
SHIE9YHZYHSXX5UZ,2399.0,1199.0
CRTECN2QXYAX58QU,2450.0,920.0
CRTECN2QVVTNPXXN,4900.0,1599.0
CRTECN2QXXUH8MPZ,2800.0,920.0
CRTECN2QYU3XZ9GY,4900.0,1599.0
SHIE9FMPNEERARRX,3800.0,2849.0
CRTECN2QZZKPWSKP,4900.0,1599.0
CRTEB774Q8HJYPMB,2800.0,1860.0
CRTECN2QUCNBTHBF,4900.0,1599.0
SHIE9KPJYFHMQCQN,599.0,499.0
SHIE7BZ9XWCHEYPG,6799.0,5099.0
PACEAVZ3TFG7CAHS,250.0,199.0
CRTECN2QZZ9WFURB,4900.0,1599.0
CRTECN2QXYBNFZGT,2800.0,920.0
CRTECN2QVSZXUG7X,4900.0,1599.0
SHIEBTT2PX3XCFHU,799.0,649.0
CRTECN2QVDE3BWFH,4200.0,1380.0
CRTECN2QX3NUEBHS,4200.0,1380.0
CRTECN2QYGDGKFAC,2800.0,920.0
SHIEBCQZGGKHEKSZ,1475.0,1105.0
CRTECN2QYC2EM7ZR,2450.0,920.0
SHIE9FMP2BGPTKNG,6500.0,4874.0
SHIEBZB44JP2JZNG,5000.0,4200.0
CRTECN2QUZBANWHU,4900.0,1599.0
SHIE5EF4YXZHTNFZ,2499.0,1699.0
CRTECN2QSEGRVM3E,4900.0,1599.0
CRTECN2QZTEAZZ5C,4900.0,1599.0
CRTECN2QYNCSMYNX,3150.0,1350.0
CRTECN2QXRSMGFP5,4900.0,1599.0
CRTECN2QYV9WPJUC,2800.0,920.0
SHIE9FMP3RBSYMEV,7400.0,5549.0
CRTECN2QS7YHAKV2,4900.0,1599.0
CRTECN2QXX4WFQXD,4900.0,1599.0
CRTECN2QSUQYVYZY,4900.0,1599.0
CRTECN2QZNWFT9PT,4900.0,1599.0
SHIE9J6PZPTRFV4Z,1000.0,750.0
CRTECN2QURQHDFH3,4200.0,1380.0
SHIECRUMGA5TCBVG,889.0,370.0
SHIEAREZZWVXUBQT,599.0,399.0
CRTECN2QUHSMUMPZ,4900.0,1599.0
CRTECN2QZCEGWXEH,2450.0,920.0
CRTECN2QTQQNYTF2,4200.0,1380.0
CRTECN2QZFEYWTMM,4900.0,1599.0
CRTE4DY4YV6KZCSK,3250.0,3200.0
CRTECN2QUZD9W38N,2800.0,920.0
CRTEB774SG3R4RPP,2600.0,1750.0
SHIEAPE9AZ79HFJZ,599.0,349.0
CRTECN2QXAPEWXSF,4200.0,1380.0
SHIEBZB4JHGWHX5Z,5900.0,5000.0
CRTECN2QS6EBXAGP,4900.0,1599.0
CRTECN2QVHMQP5AW,3150.0,1350.0
SHIECMYEYQSZ7RJJ,799.0,599.0
CRTECN2QZFNFMRNG,4900.0,1599.0
CRTECN2QUBFBECYZ,4900.0,1599.0
SHIE8BUQYZXJKKZM,1605.0,1284.0
SHIE93F2DYWFVQNG,999.0,425.0
SHIE9J6PVG9ZE9M5,2750.0,2069.0
JUMEBKQJVM2V3AHY,595.0,595.0
CRTECN2QW6NBTNGC,4900.0,1599.0
CRTECN2QTUGVFTJ8,3150.0,1350.0
SHIE5HBGDYSHVA5R,1999.0,1999.0
CRTECN2QVUET9PQ8,4900.0,1599.0
CRTECN2QTNHHPAZ5,4200.0,1380.0
SHIEC8ASQEPSK7FZ,1799.0,1799.0
CRTECN2QSMDUQRJ5,4900.0,1599.0
CRTECN2QWQNYZJ5M,4900.0,1599.0
CRTECN2QSYYSDGCF,4900.0,1599.0
CRTECN2QWSVZAX9V,3150.0,1350.0
CRTECN2QUFVCKWYA,4900.0,1599.0
CRTECN2QTQQD8BEH,4900.0,1599.0
SHIE6ZHNFS9S8FTX,1866.0,1399.0
SHIEBCQZBRDR89FY,1000.0,749.0
SHIEBZB4JM2ZDFGM,6800.0,6100.0
CRTECN2QSGCA6CSF,2800.0,920.0
CRTECN2QSGYJCCVA,3150.0,1350.0
CRTECN2QZPDCTFB9,3150.0,1350.0
CRTECN2QYZJJW7GR,2450.0,920.0
SHIE45Q6SJGSMHTN,799.0,399.0
CRTECN2QVH5KUGW4,4200.0,1380.0
CRTECN2QWZYM5ZGQ,4900.0,1599.0
CRTECN2QZZF7VZMM,4900.0,1599.0
CRTECN2QSEPYCPAB,4900.0,1599.0
CRTECN2QSMFM2UCX,4900.0,1599.0
CRTECN2QV6QBDUNB,4900.0,1599.0
CRTECN2QZZGFGKSZ,4900.0,1599.0
PACE7RRFT47PZGPU,199.0,89.0
CRTECN2QXC7HYKPG,4200.0,1380.0
SHIE93F2TFZXQHFG,599.0,249.0
NKCE7VKYXCHJK82V,799.0,350.0
CRTECN2QWWAZZX58,4900.0,1599.0
CRTECN2QZXFVEPGG,4200.0,1380.0
NKCDUPYYAYFNFBDR,295.0,148.0
NKCDU4RZFXSK2JVU,410.0,369.0
CRTECN2QXH4N9WZS,2800.0,920.0
NKCE5QSZPBG9THXZ,699.0,199.0
PACE5M34GBFNK4F3,1599.0,999.0
CRTECN2QVWJWMJ9B,4900.0,1599.0
NKCE8P4VG2KHZHFR,500.0,399.0
NKCED2ZGYUHRCCHF,999.0,499.0
NKCE7MMGPQRJ3PEH,550.0,399.0
CRTECN2QZMZWZGGY,4900.0,1599.0
NKCDWBPZSA7CTXH9,640.0,440.0
NKCDZK5DAXGQZMWA,550.0,220.0
CRTECN2QV33YCZYX,3150.0,1350.0
NKCDZHF7TKGY8BAX,400.0,381.0
CRTECN2QYGAGSCUU,4900.0,1599.0
NKCEYGTGWXYAFMET,2100.0,475.0
CRTECN2QZG83YQGY,2450.0,920.0
NKCEAPCXCP8GZG5Y,1800.0,599.0
PACEC9Y274RMYH8J,210.0,150.0
NKCE59YWJCKFZFQS,1980.0,445.0
CRTECN2QTHZGY88Z,4200.0,1380.0
NKCDU4RZURUGSZZ6,379.0,189.0
CRTECN2QZ8CWZEFZ,4900.0,1599.0
NKCEF2RFAPHSHZZZ,449.0,329.0
NKCE7MBR6VAQEUMP,469.0,320.0
CRTECN2QUZSRCEN4,2800.0,920.0
PACECF9NDZG39YPR,750.0,180.0
NKCECG6ZH5MJT4B9,549.0,479.0
CRTECN2QZ8AAVTRS,4200.0,1380.0
NKCED53EQTZ6R4WQ,599.0,599.0
CRTEA7HAATHHK6EA,3500.0,2750.0
NKCE2W3WYQZ7TCRA,499.0,499.0
NKCE7MMGF4PPGNA6,650.0,450.0
SHIE9J6PYBXBYHRZ,2000.0,1499.0
NKCEAPCV5FV9UXPX,439.0,329.0
CRTECN2QUSZGGH6Q,2800.0,920.0
NKCEAPCXWPYPSY8M,1200.0,999.0
PACEY7H2KGPAHCCA,1099.0,1099.0
NKCEAFM7PNFKNZSH,450.0,420.0
SHIEBTT27V3NTDKK,799.0,699.0
NKCDY8S8GPZEFQFC,490.0,446.0
CRTECN2QZ5BPGNFM,4900.0,1599.0
NKCEBZNZHR3BSEE7,459.0,289.0
CRTECN2QTPZCMCQD,4900.0,1599.0
PACEC9FJHX2ZJJFM,500.0,180.0
NKCE72Y8YMHGMTV5,689.0,499.0
CRTECN2QYCUNFSZE,4900.0,1599.0
NKCE3HG8FDBHK5GX,1699.0,449.0
CRTECN2QYNFWAQHM,2800.0,920.0
SHIEBY82RSB2G96V,3699.0,3299.0
NKCE69P8PC5VR7NY,2760.0,828.0
NKCE7RPMHY8PUCQT,1499.0,675.0
NKCDXV8PPAKY6W3F,380.0,380.0
SHIE7DFN7FEZEQJE,1520.0,489.0
NKCDU4RZNVATGYZZ,499.0,310.0
CRTECN2QXUBGMWSE,3150.0,1350.0
NKCE4TV42BHDP63U,1650.0,649.0
CRTECN2QZZTXU2FZ,4900.0,1599.0
NKCDU4RZGHA8VYRE,390.0,390.0
NKCE7MMGDBM6ZYT5,699.0,399.0
CRTECN2QYZYQPHUH,3150.0,1350.0
CRTECN2QTCW9VDKR,4900.0,1599.0
NKCDU4RZKBJG8DXA,499.0,401.0
NKCE7MMG7YSJCBZG,775.0,399.0
NKCDWBPZTRZJTVR2,360.0,360.0
CRTECN2QUT9HQH2T,3150.0,1350.0
CRTEB774BTFUHHVA,3500.0,2650.0
NKCDWHFRDMFWMSYT,449.0,399.0
PACEBHCUHAYSM8PF,399.0,79.0
NKCE6GKJTFMH5P4N,2904.0,871.0
PACEBDFU4SN2D5SA,299.0,199.0
NKCE7MMGF9C62JPD,399.0,235.0
NKCEYM3BHZHMYT7Q,1259.0,469.0
SHIEBQ8W6KQHQG6J,1285.0,1257.0
NKCDYQ3RHYREHHYV,390.0,390.0
NKCE9G2BFAENKCYZ,469.0,299.0
SHIEBZB4NSHCQTXA,13500.0,12500.0
NKCE3HVUZFME6PYN,300.0,255.0
CRTECN2QTH5UTZFQ,4900.0,1599.0
NKCE4DHEYVPKDMKC,1200.0,599.0
CRTECN2QTBFPEZWQ,3150.0,1350.0
NKCDZK5DNMVQHGWH,650.0,450.0
NKCE88AHTZYY9ATK,550.0,350.0
CRTECN2QYYWUXHRP,2450.0,920.0
CRTECN2QS6ZFWPEY,4900.0,1599.0
NKCDWBPZSXKPM7HU,460.0,380.0
PACECFGDM9KCZWFH,750.0,180.0
CRTECN2QYYQD8ZZ9,4900.0,1599.0
NKCE7MMGMSXFYC7B,450.0,230.0
CRTECN2QSAF6BKNC,3150.0,1350.0
SHIEA4AH26DDUBJN,1500.0,999.0
NKCE8P4WBDWVSFRY,299.0,299.0
PACE66XRMSZZGZ3C,1199.0,499.0
NKCE8HVPP6NNZHVC,500.0,358.0
CRTECN2QSGWBHY9F,4200.0,1380.0
NKCE59YWGAXY6Q4B,1980.0,445.0
CRTECN2QVTFGBGZR,2450.0,920.0
NKCE5YFQWQUZGC4Y,699.0,299.0
NKCE2HYGFAMEHAY3,809.0,459.0
NKCDUPYYDF2YRXGX,395.0,198.0
NKCE8NHGCZETZQF4,1600.0,800.0
CRTECN2RRRSAH7JT,4900.0,1599.0
NKCE73KHF8KTYMRQ,315.0,315.0
CRTEA7HAHHCSHCEM,2600.0,1790.0
NKCE5DGMHZTD8HQX,2100.0,475.0
NKCEFMZUJEWN3HXY,470.0,414.0
NKCEB3PRFEV5BERA,2000.0,1000.0
CRTECN2QWTSFHZ25,2800.0,920.0
NKCE3HG8WGXGA6JD,1499.0,449.0
SHIE7MMKBRXEWKYQ,999.0,650.0
NKCE9HUUZHNMPMMZ,450.0,185.0
CRTECN2QWAXDGXMW,2800.0,920.0
SHIE9ZYZQBKZQMWD,999.0,329.0
NKCE9WBFBMAHAYDN,699.0,350.0
CRTE8ZZWHBBQ736Q,7250.0,6999.0
NKCE6GKJSUMNEHFQ,1704.0,511.0
CRTECN2RCH9CG4SA,2800.0,920.0
NKCDYTPJHF8ZCYQC,749.0,375.0
CRTECN2QXKXTKNRF,4900.0,1599.0
NKCE9TBZD2EGXYJ3,599.0,309.0
CRTEB774ZFD3FGHQ,3500.0,2250.0
NKCEAPCYJZYZXDKZ,1800.0,699.0
NKCEA4CAWGKJ5SBV,238.0,238.0
CRTECN2QXHMJ87BG,4900.0,1599.0
NKCDYQ3R3YGZZYGB,410.0,410.0
CRTEA7HAPG9RZMQD,2800.0,1850.0
SHIECYFWJWCCHHQS,5549.0,4199.0
NKCE7MMG4PWWHFM7,450.0,299.0
NKCE9HF3FP4FFSQY,900.0,215.0
SHIDYPABZUZ7PZVW,560.0,504.0
CRTEB774NVQBZKJ8,2250.0,1460.0
SHIEBMJJEU2PJKCV,999.0,599.0
CRTECN2QWVFTBZZS,4900.0,1599.0
NKCEFAG9U4ZHRHKU,290.0,273.0
NKCDU4RZCR2FGCCU,309.0,219.0
NKCDU4RZESHQBS8M,240.0,219.0
SHIEB7957MQBWGV3,899.0,239.0
NKCEAPCWZTGKKMGW,419.0,251.0
SHIEYZF6UHDUDHN5,1799.0,1799.0
NKCE7MBRFZQHBGY4,469.0,320.0
NKCE59YWU3HTQS7Q,1800.0,400.0
CRTECN2QSHR5JJUU,4200.0,1380.0
CRTECN2QZFVWFX3S,4200.0,1380.0
NKCECG6ZNH9NXFFH,519.0,319.0
NKCDWHFQ2ZBKQHGP,399.0,299.0
PACEBEW6FSE32PDY,299.0,129.0
NKCEFG3DBZ4EX4SJ,499.0,325.0
NKCE7MMGJFGJVC7Q,399.0,300.0
CRTECN2QYZCRHWD5,4900.0,1599.0
NKCE7A3XXTTBHHC6,329.0,299.0
PACE5VYX8NDTBXK4,450.0,199.0
NKCE6KGHUMC3DZNK,599.0,479.0
NKCE9G2BR2E6HF5X,539.0,377.0
CRTECN2QVBDPEQQ2,4200.0,1380.0
NKCEAFM7SFBNX7H5,400.0,378.0
NKCE64Z4NGBHNAY7,469.0,381.0
CRTECN2QWAGCHYGC,4900.0,1599.0
NKCE88AHK5UXRBUB,1000.0,499.0
NKCDXEGWMHJ75BFV,520.0,369.0
SHIE7TUJZATVAYVB,999.0,650.0
NKCE69P8PMETSMRH,1947.0,584.0
CRTECN2QYY7GUF8P,4200.0,1380.0
SHIE952JNG6M6JWE,600.0,450.0
NKCDYRHGDS3PFHWZ,599.0,299.0
NKCE996SQR4MGZSC,450.0,380.0
SHIEA6YVKUQUKCYG,1299.0,830.0
NKCDU4RZXFGBQBBP,460.0,380.0
CRTECN2RQZWBSP9W,4900.0,1599.0
NKCE7NFFJUFHDAQZ,350.0,350.0
CRTECN2QT5HKHZ8F,4200.0,1380.0
NKCEBGJZSBED3DYZ,2500.0,999.0
NKCE5EF4H8C5MCGD,889.0,414.0
NKCE48ZUZRC4WGDQ,329.0,219.0
CRTECN2QZMHEU2J3,4900.0,1599.0
NKCE5V95W2BFNBCZ,2495.0,499.0
CRTECN2QVHHZ5THC,4200.0,1380.0
NKCDU4RZZAMFHSQY,429.0,219.0
CRTECN2QV7UF7NXV,4200.0,1380.0
NKCECW7BHZZHMDQZ,602.0,399.0
CRTECN2QZYZK9WYV,2800.0,920.0
NKCEYTXEPHXSXDKM,500.0,200.0
NKCE5DGMNUMHKYTG,2100.0,475.0
CRTECN2QW6EFJMKK,4900.0,1599.0
NKCE7MMGWBZPZJSZ,450.0,199.0
SHIE8C5NBQV5QWCH,4725.0,2499.0
CRTEA7HAWQSZBKU3,2250.0,1490.0
NKCDWBPZ42YGY39Q,270.0,190.0
CRTECN2QUPEJS8BA,4900.0,1599.0
NKCED2ZG8GMNMMSF,999.0,499.0
SHIE7VFYMZMDGAEQ,1299.0,1099.0
NKCEA4CA9UBYFDZ4,315.0,315.0
CRTECN2QZZSR4ZVH,4900.0,1599.0
NKCDXEGW7APJ97YS,420.0,420.0
SHIED4DW3GRFK8MJ,4000.0,1100.0
NKCEBGPNHHCBGME2,1699.0,559.0
CRTECN2QY2WRVENS,2800.0,920.0
NKCE7VKYZ8PEGCG8,799.0,350.0
CRTECN2QZKYVAKTZ,4900.0,1599.0
NKCE8HVPRWTY5JET,399.0,299.0
NKCDYQ3RHXH4Z3ZY,390.0,390.0
CRTECN2QVCCD9PHT,2450.0,920.0
NKCE9HF3S2HTC8FB,1200.0,235.0
NKCE93H2ZTHJGFVS,2599.0,655.0
CRTECN2QTXDSJSGE,4900.0,1599.0
NKCDYQ3RTESTNSWS,390.0,390.0
PACE5VYXKSZZ8GKF,450.0,199.0
NKCE8E6YSG2KQEGD,649.0,389.0
NKCE8JMCMGCHCYDG,399.0,249.0
CRTECN2QVQSG3VFW,2800.0,920.0
CRTECN2QWM2RYWZ6,2450.0,920.0
NKCEAFYZHHMHTEPZ,400.0,355.0
CRTECN2QY9DJX5HV,4200.0,1380.0
NKCDS6WDYRB8EAVU,770.0,538.0
CRTECN2QYN7XKPUA,4200.0,1380.0
NKCE69P8DBYVCSBY,2448.0,734.0
SHIE6ZSBGF3GZZFF,1599.0,699.0
NKCE7NEFGT96CYZB,999.0,799.0
NKCEA4CAPHDH5TJT,400.0,400.0
PACEFRBMZZFZYGPW,299.0,279.0
NKCEFMZUTUZPHVH4,470.0,470.0
CRTECN2RFMUGEFRZ,4900.0,1599.0
CRTECN2QYU4SJADV,4900.0,1599.0
NKCE2YCPMYGTHDKD,349.0,177.0
NKCEDFNHMTWNTVHA,1100.0,449.0
CRTECN2QUGVQGSCG,4900.0,1599.0
NKCE9G2AM36WW4MX,349.0,252.0
NKCDWBPZEBRJRYH5,310.0,270.0
NKCEYYX9FZWBEGQF,630.0,315.0
NKCE9YCYENZFFFEK,700.0,169.0
CRTECN2QX928WWVE,4900.0,1599.0
NKCECWKZZWHHAHQH,695.0,395.0
CRTECN2QUHGCHPEB,3150.0,1350.0
NKCDYQ3RC997MHB9,390.0,300.0
CRTECN2QZW4NNYTU,4900.0,1599.0
NKCDWBPZZSYWKHE9,360.0,310.0
CRTECN2QZATWNKPC,2800.0,920.0
NKCECYNZ8HHZHY3N,527.0,349.0
SHIE8VY9ZYWPUBWV,963.0,429.0
NKCDXYFHHPBSYJDZ,399.0,199.0
CRTECN2QZ7HCCY8G,4900.0,1599.0
NKCE72Y8D7XCYQ7H,689.0,499.0
CRTECN2QY8BEJVAB,4900.0,1599.0
NKCDYNY37JPBGBVM,919.0,399.0
CRTECN2QWCYT99YB,4900.0,1599.0
NKCDWBPZJHAADM2P,510.0,410.0
PACE5P38T4FEUHZC,199.0,69.0
NKCEFG3DFKHHWBEX,499.0,299.0
CRTECN2QZ7SRYYE4,4900.0,1599.0
NKCE5DGMUGHTVMW5,2100.0,475.0
CRTECN2QSNJJDVRM,4200.0,1380.0
NKCDW898UNJX5BWE,715.0,660.0
NKCE9WYZQGRFHPCH,898.0,449.0
SHIEBYA7DVARZBKB,4999.0,4699.0
NKCE88AHRYCG8JUV,1000.0,499.0
CRTECN2QWV4QEM9Z,4900.0,1599.0
NKCDU4RZRCZGVHZC,499.0,401.0
SHIEBKMSYJFA9XZT,5700.0,4559.0
NKCE5QSZQQHZXFGT,699.0,299.0
CRTECN2QTXQGCGBG,4900.0,1599.0
NKCDU4RZEF8CK7JP,460.0,370.0
NKCDZFJMFNZUKXH3,400.0,381.0
CRTECN2RQTBXZCNG,4900.0,1599.0
NKCE93HATS55JCZD,549.0,349.0
CRTECN2QUHGUJNDZ,4900.0,1599.0
NKCDYQ3RHWWSMGHX,390.0,365.0
CRTECN2QZBHAB3XV,2800.0,920.0
NKCE3HVU4WDF4APE,350.0,255.0
CRTECN2QXRHY9NAY,2800.0,920.0
NKCEA4CAHBSWN3E5,365.0,365.0
CRTECN2QUTDWFYGA,4900.0,1599.0
NKCE9YTVCNQEPEJR,800.0,399.0
SHIEAMGZDAP7FWG5,1999.0,648.0
NKCDYQ3RWDH8JQBB,780.0,486.0
PACEBQ5THBFZZYUX,190.0,99.0
NKCE89MSGZ7NVZ7D,499.0,399.0
NKCEYGTGJ65HSJ9Y,1000.0,300.0
CRTECN2QSXKNSX8Z,4900.0,1599.0
CRTECN2QXHEYVVTX,4200.0,1380.0
NKCDZHF7GVHHGZRJ,490.0,490.0
CRTECN2QTVAGYNZ6,4900.0,1599.0
NKCE7MMGS2GMVHJT,450.0,399.0
NKCE9HF3TENMYXZY,900.0,235.0
CRTECN2QWKHRNPTF,4900.0,1599.0
NKCEFMZUGH4NG7F6,470.0,414.0
NKCE9ZWYQQT6JHZM,500.0,195.0
NKCEASN6V7MJ482Y,529.0,389.0
CRTECN2QYTPHK5YQ,4900.0,1599.0
CRTECN2QYZ3GZKVR,4900.0,1599.0
NKCE6KGHAFGPZTUB,579.0,369.0
CRTECN2QXC68CTUM,4900.0,1599.0
NKCDZHF7YJM5HBFP,170.0,159.0
SHIEARR3VTUDSNFD,249.0,199.0
NKCE3GNVPGUYY8AZ,1980.0,470.0
CRTECN2QYUWCFPSX,2450.0,920.0
CRTECN2QVZBGHGHS,4900.0,1599.0
NKCDV9SXP4JGZDKK,999.0,999.0
CRTECN2QZAQWXEKU,2450.0,920.0
NKCDWBPZCHZEYT7S,300.0,260.0
NKCE7VKYTANNFZ32,650.0,319.0
PACE4NXHHGTHK3QC,2352.0,2352.0
CRTECYY4ZHUZ6HNT,5500.0,3399.0
NKCEYM3BFYJ5N5KC,540.0,495.0
CRTECN2QYBMG69TE,4900.0,1599.0
CRTECN2QWCEDQ7SD,4900.0,1599.0
NKCE64Z4VZXKHB4E,639.0,409.0
SHIEYZ3F3QWMYNEC,2000.0,1499.0
NKCE7PZPRZFYKW3M,589.0,390.0
NKCE5W33FFA87YDE,400.0,150.0
CRTECN2QV2PZUHXS,4900.0,1599.0
NKCEC9FMCGECBZZT,1820.0,905.0
CRTECN2QYGGUZ9HW,4900.0,1599.0
NKCE5GJ3YZQ8UFUR,289.0,159.0
SHIEARR3DXE2SXRF,379.0,299.0
NKCEC8AZQUFGUXGH,459.0,289.0
CRTECN2QXUGAJF8Y,2450.0,920.0
CRTECN2QVHVZHUBG,4200.0,1380.0
NKCE5W339WJ23R7Z,400.0,140.0
NKCEC9FM6ZZGB5A8,1624.0,807.0
CRTECN2QYGNHSDFH,2800.0,920.0
NKCE996SVQZKHQ44,475.0,425.0
CRTECYY42XCUKHNA,5500.0,3399.0
NKCE8Z4NFFDSA8MQ,349.0,175.0
CRTECN2QXZ9ETCGB,4900.0,1599.0
NKCEYYX9HJWJXAA8,540.0,495.0
NKCE9TBYPBNJYZRS,319.0,269.0
CRTECN2QTWZHNKN2,4900.0,1599.0
NKCDXYFHNXGS6MSE,399.0,250.0
CRTECN2QVAZYUD83,2450.0,920.0
NKCEAHPFWCZQQBAG,1799.0,559.0
CRTECN2QXNUBBSP9,4900.0,1599.0
NKCE5YA9TWAJGE2W,500.0,150.0
CRTECN2QZ2HFUHH5,2800.0,920.0
NKCE9G2BHRUF9TWB,469.0,299.0
CRTECUWZGQQEHYSC,3699.0,1799.0
NKCE6ADEFJSNNB89,439.0,263.0
SHIE7BZ9CHKNXZJU,9999.0,7499.0
NKCEB48YDSYVUMWV,539.0,449.0
CRTECN2QYGW6AUVX,2800.0,920.0
NKCE7PZPGKY8MDYG,649.0,430.0
PACEB7GGJXVVDZFZ,199.0,149.0
NKCE9EJKNEJR2EUG,599.0,459.0
CRTECN2QUAQVZREG,4900.0,1599.0
NKCE9G2B2HUEGNWZ,469.0,359.0
NKCECW7BSTZBHH6R,602.0,399.0
CRTECN2QTGFWHYBY,4900.0,1599.0
NKCEBZNZPEGUZA5Q,509.0,399.0
NKCEA4CAMNKWVXTG,265.0,265.0
NKCDU4RZPDSUYCAA,530.0,440.0
JUMECNJURHHGKSXR,1099.0,100.0
NKCDWBPZNZU5K2QZ,410.0,410.0
SHIE3FHYZYD3JHQD,8500.0,8500.0
NKCE8HVPHGWPPMQJ,399.0,348.0
NKCDWBPZQANZRF5M,360.0,360.0
CRTECN2QVE4KYGWY,4900.0,1599.0
SHIEAVD8TGQQYYKW,850.0,650.0
NKCDYQ3RMTJXVBDV,480.0,294.0
CRTECN2QU9XUVRDQ,4900.0,1599.0
NKCE7S69FPFG9S5C,1299.0,250.0
CRTECN2QVHHW6MH6,3150.0,1350.0
NKCDWBPZAJH88YAZ,390.0,390.0
NKCEBUG27RHUXNBY,539.0,431.0
CRTECN2QY8X3MMJ5,4900.0,1599.0
SHIEAW8RHVJNER3B,2999.0,1505.0
NKCDY8S8V6PEAGHZ,469.0,469.0
SHIECKYBNNY2BNZD,1107.0,498.0
NKCE9QTMY3BFZCQD,870.0,512.0
CRTECN2QWVBQNTHQ,4200.0,1380.0
NKCE5GJ3HYMV7BBP,289.0,159.0
SHIEBZB49VZZQRKK,7000.0,6200.0
NKCDXU3QDCXYHZD4,800.0,280.0
NKCE9ZVGJQNZWRN4,529.0,389.0
CRTECN2QX53WHTKZ,2450.0,920.0
NKCE7UEX7BGCCZUY,650.0,399.0
PACECCBJ8ZNZMVSH,299.0,138.0
NKCEFGFUZURHNH6R,760.0,369.0
SHIECRY7XECHNFNH,810.0,395.0
NKCEAPCVJKG8J283,319.0,209.0
SHIEFZ2GWG8TBWSB,1250.0,1250.0
NKCE6KGHUEVNGVZJ,619.0,421.0
CRTECN2QTN6QNFW5,4900.0,1599.0
NKCE5WSJTHTHQFUG,400.0,150.0
CRTECN2QSWDGMGZZ,3150.0,1350.0
NKCE6ADEUEPXCHHK,439.0,263.0
SHIE9FMPQBGXGTTH,5000.0,3749.0
NKCE5SZMHUZVUSNM,399.0,399.0
CRTECN2QYBHA7QCU,4200.0,1380.0
SHIEBG6FHNFZ2TFP,799.0,345.0
NKCEAFM7XQDGVBZ6,450.0,399.0
SHIE2QTSH9UWXWRF,4650.0,4100.0
NKCE996SC35DYFMS,450.0,250.0
CRTECN2QVZZS3FER,4900.0,1599.0
NKCE9G2BZYKFA4UQ,469.0,299.0
CRTEA7HAHHRNYZEY,3000.0,2350.0
PACE43HFWFDSMPJC,1018.0,649.0
CRTECN2QXQCXHKC8,4200.0,1380.0
CRTECN2QTWDYRKGW,4900.0,1599.0
NKCE79CGHYMSS7GH,3200.0,579.0
NKCE9G2BJHZ4TGUX,519.0,419.0
NKCE9G2BYZGJGASJ,469.0,359.0
NKCDZHF7XRYPUWCG,230.0,230.0
NKCDZHF8BPUTBGVT,490.0,449.0
NKCE88AH5FPZNKKT,1000.0,499.0
NKCE79CGRVVPSCKY,2600.0,510.0
NKCE88AHVENFACHA,850.0,399.0
NKCDZBE883VXZTZM,690.0,400.0
CRTEB774SCZXFHBY,3200.0,2160.0
NKCEFAG9Y7ZHS6M7,315.0,315.0
NKCEANB7H8P6QY4K,350.0,315.0
CRTECN2RXDAKHZTW,4200.0,1380.0
NKCE9G2BMDFJMZDG,349.0,279.0
NKCDZJB8WUWBH49M,340.0,308.0
CRTECN2QUFY2YTJK,4900.0,1599.0
NKCEFUJPQ8SW7PES,1299.0,399.0
SHIEBCQZF8EQ3FSD,1450.0,1085.0
NKCE48ZU6EAYFSCM,1069.0,495.0
SHIEBY82HGZCTH5D,2499.0,2099.0
NKCEAFPJS8QQ93WM,899.0,199.0
CRTECN2QYTENUZJD,4900.0,1599.0
NKCE88AHPKA3KUNR,650.0,350.0
CRTECN2RCJRME9QG,4900.0,1599.0
NKCE5W33KFFZDSDY,500.0,150.0
NKCDU4RZFY7GYGHF,600.0,478.0
NKCE9TBYX8CUA2ZJ,579.0,463.0
NKCE8P4WFEFAGZYX,350.0,299.0
NKCE69P8JR2ENBAG,1848.0,554.0
NKCE8P4V9ZQCAYZN,650.0,499.0
NKCEYGTG8H79NJYY,1980.0,445.0
NKCDYTPJUHSAF2ZE,349.0,175.0
PACE43HF8JWNA2GY,1018.0,649.0
NKCEBGPNHGQFQWSU,1599.0,559.0
CRTECN2QYAWB9FPE,2800.0,920.0
NKCDXYFHPJ4UNFPU,399.0,299.0
SHIE6ZSBWP9DTDHZ,1599.0,699.0
SHIEC8ATMHEWET32,1799.0,1799.0
NKCEC9FM5A8PJSHZ,1736.0,863.0
CRTECN2QZHB5H9ZG,4200.0,1380.0
NKCE5YNTTNJHVHZT,399.0,378.0
CRTEB774JMGXVDNY,3500.0,2650.0
NKCE5QSZUY9GPHHA,699.0,218.0
CRTECN2QTMBHJTTR,2800.0,920.0
SHIECYFWYYZHU6NR,11999.0,9999.0
CRTECN2QVTBESP8F,2800.0,920.0
SHIECKYBUZCBZS8U,1107.0,498.0
NKCDU4RZHY9WW9FT,379.0,188.0
NKCDYHF8ZEK8ZM58,790.0,660.0
CRTECN2QZCKDYCTG,4900.0,1599.0
NKCDYQ3RX7K2GGT5,370.0,370.0
NKCDXEGW2ZEPHDEE,490.0,380.0
SHIECQHNRRBCFBFG,6799.0,6799.0
NKCED2ZGVXQE2UWP,999.0,499.0
CRTEA7HARUAWC7VG,2250.0,1490.0
NKCECZJQS73UZGX3,999.0,499.0
SHIE6ZSBWSCTKVTQ,1599.0,699.0
NKCDU4RZUQT8SNWM,530.0,495.0
CRTECN2QZJSZBWGH,4900.0,1599.0
NKCE8W9KCSRHGZEP,684.0,349.0
CRTECN2QZKY2A5EK,4900.0,1599.0
CRTECN2RDAKXQHYH,4900.0,1599.0
SHIEAMGZTB3VFZEV,1799.0,999.0
CRTECN2QYUBADBHF,4900.0,1599.0
SHIE9J6PAJGHYX6B,5000.0,3749.0
NKCE64Z48CHS9HS6,629.0,399.0
CRTECN2QZZHZH8H3,4900.0,1599.0
NKCE7NEFZM8NMRVM,999.0,250.0
CRTECN2QSUGUWEJM,4200.0,1380.0
NKCDXEGWJQZETGTY,490.0,490.0
NKCE5TFVQTKMUFHX,2245.0,449.0
CRTECN2QYAPXYKZM,4900.0,1599.0
CRTECN2QSDTHGBEH,4900.0,1599.0
NKCEFG3DZHASZNAJ,580.0,230.0
SHIE9J6PH5ZKV7YX,16500.0,12399.0
NKCE7HN9GNVBHPZ7,999.0,375.0
CRTECN2RH6EVCARZ,2450.0,920.0
NKCDYQ3RDP3YZHMD,390.0,390.0
NKCE9G2AFPSFBUBS,349.0,279.0
NKCE7MMGG37H9JWQ,825.0,320.0
NKCDZHF7YEHJM6JZ,499.0,279.0
NKCE6KGHKCZAYUHM,679.0,446.0
NKCE5EHJRGWCKXHR,500.0,375.0
NKCDWBPZZ9NQMAKA,360.0,310.0
NKCDYRHGERYFAFUM,599.0,299.0
NKCE9YTVHFEBDNCN,1000.0,499.0
NKCE5QSZKK7Z4R2M,699.0,349.0
CRTECN2R778GQBCY,4200.0,1380.0
CRTECN2QS6UTHZJG,4900.0,1599.0
PACEFVZZ2R8ZE5ZH,1495.0,749.0
CRTECN2QTXGXZPCN,4900.0,1599.0
CRTECN2RQKJZ58GG,4900.0,1599.0
CRTECN2QUBGAGPCK,4900.0,1599.0
CRTECN2QTUUGDYSY,2800.0,920.0
SHIEBXSH3GADDFBP,599.0,599.0
NKCE5UZHHXWT2KZY,400.0,140.0
CRTECN2QZH8B4DYY,4900.0,1599.0
NKCEBGJZEMQ4FK2F,2500.0,999.0
SHIEBCQZHBFMSFMK,1475.0,1105.0
NKCDY8S8ZPV4YA9S,290.0,290.0
SHIE6ZSBHDEBFCGM,1599.0,699.0
NKCDU4RZYJ4NC2FS,440.0,440.0
SHIECGQ7FMHSYNR6,3500.0,2800.0
NKCE2V6YBHPDKPJH,1099.0,399.0
CRTECN2QVWMACTQ2,4900.0,1599.0
NKCDU4RZJCR4DRHJ,210.0,200.0
CRTECN2QT3FKP88G,4900.0,1599.0
NKCDY8S8PH7ZAQYD,290.0,290.0
CRTECN2QXZJ2U9GY,4900.0,1599.0
NKCDXEGWFZXNVNAD,420.0,414.0
SHIE8HXEFKFNFMF5,5880.0,4704.0
SHIEBZ65HHFJFBYG,2499.0,2299.0
CRTECN2QVKZ4P6VP,4200.0,1380.0
NKCE7PZPWXTUK4TP,579.0,409.0
SHIECASQHFWX59GJ,799.0,549.0
NKCE7NEF8HEDE8XR,735.0,380.0
CRTECN2QYMHJKQ3G,4900.0,1599.0
NKCDWBPZVGWZ8V9C,280.0,250.0
NKCDU4RZ2GGYUJGM,420.0,350.0
CRTECN2QZFVWZMTY,4200.0,1380.0
NKCE9G2BJ3YUK4WE,349.0,279.0
CRTECN2QXHGGKHWV,4200.0,1380.0
NKCE2YCPMK7BM3HF,349.0,199.0
SHIE9J6PNZERGDK3,550.0,419.0
NKCEFG3C6TAZNNBY,499.0,245.0
CRTECN2QSEMZDCCH,2800.0,920.0
NKCE7MBRTAZB2DB5,469.0,320.0
SHIEAMGZFHYABMHB,1499.0,899.0
NKCE996SHH5JDJWY,650.0,499.0
SHIEC8ASWMWNWTKY,4499.0,4499.0
NKCECZH48UQYP6NY,999.0,499.0
NKCEFUJPGTTC7N9Z,800.0,250.0
CRTECN2QVZFZWKQS,4900.0,1599.0
NKCE48ZUDSVFZDZJ,769.0,414.0
SHIE8QE6TZTDVCGZ,2896.0,1240.0
NKCDWBPZGZJNYCCS,450.0,370.0
CRTECN2QVES5SGVH,3150.0,1350.0
NKCEYM3B6ZP3YSQQ,470.0,470.0
NKCDWSCCCDJHYHWA,715.0,660.0
CRTECN2QYKPMZGNZ,2800.0,920.0
NKCECWKZYKVUJ9HU,695.0,380.0
CRTECN2QZCGZSGK8,4900.0,1599.0
NKCE5QJJRX8KFDUX,2100.0,799.0
CRTECN2QYVBX5Y4W,3150.0,1350.0
NKCDTZCY25CBB7EV,400.0,321.0
CRTECN2QWDMVUA7T,2800.0,920.0
NKCDYQ3RHUN9GFG4,370.0,300.0
CRTECN2QUCRGWXHP,2800.0,920.0
NKCE8JXS2AAKUGGD,569.0,399.0
SHIE9J6PPZ44RZDK,550.0,419.0
SHIE9FMPPPMDUXVZ,3000.0,2249.0
SHIEB7A6NCNJNZJD,999.0,499.0
NKCE6P3FFZHHTYSR,225.0,195.0
CRTECN2R5JRYASA4,4900.0,1599.0
NKCE7MMGFRXGTAFZ,450.0,290.0
NKCDWBPZTNSZYNXP,360.0,310.0
CRTECN2QYHSS9UXH,4900.0,1599.0
NKCE82XZGTTQTBGN,1449.0,539.0
NKCDXHWZXNKGUYJN,800.0,200.0
CRTECN2QW3BAVYFG,4200.0,1380.0
NKCE5TFVVFYUPYHS,2495.0,499.0
NKCE7TZG9AG6F3YB,750.0,359.0
CRTECN2QYZBRHJZF,4200.0,1380.0
CRTECN2QWWAWVZKT,4900.0,1599.0
NKCE7MMGZ94AGG5H,660.0,430.0
CRTECN2QWJJWY8FU,2450.0,920.0
NKCECZGEKKRCXYAR,1499.0,555.0
NKCE5W33ZPTSRMMH,400.0,150.0
SHIEY382DC3J6MBU,350.0,192.0
NKCE6ADEKEGUHPCP,599.0,486.0
NKCE7MMGPQTPZZ4H,450.0,230.0
NKCEAPCWHHHAJHMT,469.0,339.0
CRTECN2QTMBYK9HQ,4900.0,1599.0
NKCDU4RZ7NQSCYDY,560.0,460.0
SHIE9YM2HQPKZKEF,2399.0,1199.0
NKCEFG3CQ6WZZMMY,580.0,230.0
CRTECN2QVP7WKETJ,3150.0,1350.0
NKCDYSR9FBBZPHNX,624.0,249.0
SHIE8QE6YQDMWHBZ,3659.0,1899.0
CRTECN2QXPXD8ZAU,3150.0,1350.0
NKCE7PZPZZGDSGBE,459.0,339.0
NKCE64Z4PHQRV7UG,579.0,495.0
PACEDFZPHQUZ9HET,499.0,299.0
NKCDZDEVFQCE79XP,1999.0,900.0
NKCE5YFQVB2YHRHE,4048.0,399.0
NKCDU4RZYKVHDKUB,230.0,230.0
SHIECRX5GAVFAKJ7,810.0,450.0
NKCDYQ3RPPERYA9W,390.0,390.0
SHIED9AKUTQZQ5ZK,1599.0,799.0
NKCE7MMG3KGDMZF5,525.0,390.0
NKCE7MMGUVXJRFFF,399.0,250.0
CRTECN2QXGFANZMN,4900.0,1599.0
NKCEBZNZ3QY6KYZ8,459.0,409.0
CRTECN2QXKEHU7BF,4900.0,1599.0
NKCE3Y6EKYJEFUYV,1675.0,799.0
CRTECN2QSVZAXMVG,4200.0,1380.0
NKCE7MMGSFZQQ7ZW,550.0,300.0
SHIECHC2G6B7JPTP,3190.0,1380.0
NKCDWBPZC3GKFFUD,400.0,365.0
CRTECN2QU7HVFHXU,4900.0,1599.0
CRTECN2QVV7UJQNH,4900.0,1599.0
NKCDTZCYCYJMUHBA,510.0,320.0
CRTECN2QYG5PEBZC,4200.0,1380.0
NKCEC8AZHBUEHH6Y,399.0,269.0
NKCEB3GZSB8GTXCT,1200.0,600.0
SHIE8WYNYRHSFCRR,1586.0,699.0
NKCE9ZPVFY3JRYQT,331.0,331.0
CRTECN2QVMHWASTG,4900.0,1599.0
NKCEYGTGCGQQZVSG,2100.0,475.0
CRTECN2QWA68UMF7,4900.0,1599.0
NKCE9G2AGZJCFWTD,319.0,189.0
NKCE8Z4N8DHRXGZE,499.0,369.0
CRTECUWZC4AEEVTQ,3699.0,1499.0
CRTECN2QVB8JB3WY,4900.0,1599.0
NKCE59YWFKVYJUN8,1980.0,445.0
SHIEBZ9Z6247XWQG,1499.0,1349.0
NKCE5W33EHKZKCGU,400.0,140.0
CRTECN2QSBAQ24DZ,4900.0,1599.0
FABE78FYGHF22FNE,199.0,169.0
NKCEFG3D8UWFGKGE,580.0,230.0
SHIE7ZWA4HYWCZS4,1000.0,749.0
PTPE4JYT3DUYHFTM,1799.0,1079.0
NKCE2YCPKAPWDH8C,349.0,199.0
CRTECN2QV3Z3GJ8V,4900.0,1599.0
FABE7C3TH3C8BXED,180.0,180.0
NKCDZHF7EZVQ8BUZ,400.0,400.0
ACCEBJBHE7HH67XN,999.0,388.0
SHIE8Q7P5XAGDZ4H,3700.0,1850.0
NKCE3H9SBZDGNHCX,1298.0,519.0
ACCEBHMUGKC35PRQ,899.0,236.0
NKCE2YCPAPGYFVZP,319.0,171.0
SHIE8HXEEX69GA9F,6545.0,5236.0
MFLDUKGX3Z2J5VH9,999.0,787.0
NKCDYHF8HKBHXYGY,990.0,860.0
SHIE4PZGEARGTGCP,1475.0,983.0
PTPE9JBECWZKSYJ4,1350.0,1071.0
CRTECN2QWPPMVZZ9,4900.0,1599.0
NKCED2ZGGAGZJEQF,999.0,499.0
ACCDZKG4GUTXGYQZ,799.0,390.0
SHIE55GTBQGB5QSZ,699.0,449.0
NKCDU4RZUTWXHYHC,489.0,245.0
NKCEC8AZYQCH5UC9,399.0,319.0
CRTECN2QY87NFGXH,4900.0,1599.0
CRTECN2RFNYC4GVK,4900.0,1599.0
FABE7ZDZCVMZGUB5,560.0,560.0
CRTECN2QUGBZ3KVA,4900.0,1599.0
PTPEY6JZN3K8Z5GA,1490.0,1267.0
NKCE7MBRTJSHD4MA,469.0,320.0
CRTECN2QYJGSFZMP,2800.0,920.0
PASE4CYWFKNMWMTZ,3990.0,1900.0
FABE789NPZ2HGFCR,199.0,169.0
NKCE5UZHWVVB7FCU,300.0,140.0
CRTECUWZ8GPZMZYY,3699.0,1499.0
PTPDZYCEDURXTYRF,1129.0,959.0
PACEBCKNZUYD9YGX,699.0,199.0
NKCE8P4WE4H3ZYVG,650.0,420.0
PACE632TFZZWFNDA,299.0,199.0
NKCDUYA5PQWDKMBZ,249.0,174.0
ACCE87C2Q7Y7YARB,499.0,224.0
CRTECN2QVCXYGEBW,3150.0,1350.0
NKCDU4RZDXGZHGGA,440.0,440.0
FABEB2TWGZNTNVYJ,1699.0,649.0
SHIE7CFT6W7DVEHG,999.0,350.0
NKCE8HVPVCZUHZG5,399.0,193.0
FABE88MH9NNKPM4H,1676.0,1299.0
CRTECN2QUSDGM2UT,4900.0,1599.0
NKCE7PZPHYKX3QXY,599.0,419.0
CRTECN2QSVPFJZTD,2450.0,920.0
CRTECN2QTH6YPGYF,4900.0,1599.0
FABEAAXUVGWACVBH,2699.0,1049.0
ACCED55XH9CPWYPM,999.0,699.0
NKCEBDPKPX8SAQX9,500.0,279.0
PTPE93ZFQMYVXCTJ,985.0,840.0
NKCDU4RZC2AFABJV,309.0,219.0
FABE9336ZKZVTZTB,666.0,299.0
NKCE9ZVGWWF4HSVH,629.0,419.0
ACCE5HSSFHVYZFGH,1799.0,1799.0
NKCDWBPZ9PWWVGN2,360.0,310.0
PTPECA9U69V9NBVN,650.0,585.0
SHIE9J6QKG4SD5WG,9250.0,6949.0
NKCEAPCVHF2FJTCN,319.0,207.0
PTPEYW8HMUYRPGAD,785.0,588.0
SHIECAYW3VZWGZGX,655.0,399.0
NKCE7MMG3GABMDY6,450.0,290.0
FABEADKAG5XYGZHK,2549.0,929.0
PACEY7PZX958DH5S,78.0,70.0
NKCE6GKJP3GD3CU2,1704.0,511.0
ACCE8VP6PZDUEYGP,599.0,249.0
NKCDU4RZTSAHGJU8,390.0,340.0
CRTECN2QSYVZPU4B,4900.0,1599.0
ACCE7NQEW82AW6HY,599.0,299.0
NKCDWBPZEYFAGCW5,490.0,400.0
SHIECH87SYGU7F8A,1950.0,1250.0
NKCE7MBR4QRBASDQ,469.0,299.0
ACCE73VFWU9JYKEF,399.0,145.0
SHIEC89JFZXDEF6Z,290.0,280.0
NKCDZFFRZEEMHAFJ,800.0,379.0
CRTECN2QUCRC6GWA,4200.0,1380.0
NKCEBYWTBUEBCND5,1200.0,499.0
SHIEAVD8XSPYY8TQ,750.0,600.0
ACCE63YUA7ZPMV33,774.0,410.0
NKCE9G2BGNV9RDXG,469.0,299.0
CRTECN2QSNACRXJZ,4900.0,1599.0
NKCE4UD5UZXQKUCX,999.0,454.0
ACCE5HFW5TFRJ2ZE,1399.0,1399.0
NKCDWBPZXBKBN8GT,400.0,381.0
CRTECN2QWTEBGJAJ,4900.0,1599.0
PTPE7R2F5GVPTERA,770.0,770.0
PACE8Q233TXREUHU,250.0,189.0
NKCEBZNZXXAKBVMW,459.0,319.0
PTPDXN7BGMQBZUTA,795.0,469.0
CRTECN2QYGBAQWZ3,4900.0,1599.0
FABE789N7XA5E9GY,199.0,169.0
CRTECN2QZNJG3SGV,4900.0,1599.0
SHIECJZEGBAHYG5N,999.0,599.0
NKCEBGJZYFZANJMA,2000.0,999.0
CRTECN2QVPG3DY7K,4900.0,1599.0
NKCECJPC5HBBSFKZ,499.0,150.0
PTPDVPEXZACXZW3H,759.0,759.0
NKCE5V95CDGRTE2F,2495.0,499.0
PTPEANGB8CAX4YKW,500.0,310.0
NKCEAPCVGBK8M7EF,319.0,255.0
NKCDYARBFFBQYKFH,650.0,260.0
CRTECN2QYJDGSWPA,4900.0,1599.0
FABE92NVVHWSKHAX,666.0,299.0
NKCE7MMGEGWYZ6WR,450.0,399.0
NKCE9HF3HDDZJ5G4,700.0,155.0
NKCE2W3WMZYFWMRP,889.0,399.0
MFLEFPYSFZHBRGFM,1049.0,629.0
ACCDZY24EZN3T4DU,1299.0,950.0
PTPEANCHNPTDUUQK,592.0,592.0
PTPDVPEXFUZNDZZH,2650.0,2350.0
NKCDYQ3RYDG2GMZB,390.0,390.0
NKCE8NHGSHWS56FH,1400.0,700.0
CRTECN2QSQX5H4GM,4900.0,1599.0
CRTECN2QVQQNZMRW,4900.0,1599.0
SHIEBZB4D4GDYYRS,11999.0,11400.0
SHIE7ZWAUZG6SUMF,1500.0,799.0
PTPE6NZAWWHNJHJ4,1100.0,715.0
CRTECN2QXFVVG5ET,2800.0,920.0
NKCEFG3CPRGZHZJR,650.0,450.0
PTPDVPEXYZGYEEFG,1333.0,1333.0
NKCDU4RZRCYAZHY7,600.0,470.0
CRTECN2QT6SYQFNP,3150.0,1350.0
NKCDXT2ZTXZEUZZU,800.0,240.0
FABE76TM39YR5FQK,199.0,169.0
CRTECN2QSSWVZGRC,4900.0,1599.0
CRTECN2QZVM6SHSJ,4900.0,1599.0
NKCE3Y6E4VQWEHZS,1399.0,699.0
CRTECN2QYKFNFXCZ,4200.0,1380.0
NKCDYQ3R8YYRXDCY,390.0,365.0
CRTEB774RSGGQZ9U,2600.0,1750.0
NKCEA4CAU4WH8RKF,235.0,235.0
CRTECN2QSZFWPZFY,4900.0,1599.0
CRTECN2QWCCYHCHR,2450.0,920.0
ACCE6FZPCZQ2HYJX,781.0,550.0
FABE92NVZGEQ4HY8,666.0,299.0
FABE92PZSEPSGZFK,666.0,299.0
ACCE93ZDRDSJD3RG,599.0,175.0
NKCDU4RZMJX3CHXA,600.0,470.0
PTPE4JYTPVYZ8ADY,1881.0,1170.0
PTPDZYCEXGZ8SKT2,899.0,769.0
NKCDYQ3RWGURBTAV,610.0,303.0
PTPE6GZRTJJCSURV,850.0,699.0
NKCE8HVPEPWAU2HF,299.0,199.0
NKCDU4RZCFTVHFDF,999.0,478.0
ACCEBUZ5YFCZFECG,999.0,399.0
NKCDXEGWS7VWXSEJ,440.0,340.0
PTPE8DY7YTE77PEB,2240.0,1560.0
NKCE5QSZBX87HFGC,699.0,499.0
NKCECZJRGGSJS5MP,1450.0,510.0
PTPDVPEXSVAC5GK7,1180.0,849.0
PTPEATF8HNUX8SGY,1885.0,750.0
FABE92NUCYX63B37,666.0,299.0
FABEAJUH4W8NUHSQ,1499.0,699.0
PTPDZY9JW3HSEPWC,1225.0,980.0
PTPDYHSYYYGQD8PC,570.0,456.0
ACCE6TJTRVGZSZGB,599.0,399.0
PTPEFJHGGFH7GA3Q,2145.0,965.0
WFTE7VE287YKGZAK,2825.0,2825.0
NKCDWBPZVFY7H9UY,630.0,352.0
NKCDU4RZGHFC9JKV,640.0,478.0
NKCDXEGWYKUWWGHF,440.0,440.0
NKCE79CGH6HQH4PG,3000.0,549.0
CRTE92XDZXRJ4ARM,5200.0,4800.0
NKCE88AHRCD7KNQT,1000.0,399.0
CRTECN2QZWN42H2A,4900.0,1599.0
CRTECN2QZSPZDNAR,4900.0,1599.0
NKCDWBPZ9RCXBSXH,300.0,284.0
CRTECN2QTVZWP3GY,4900.0,1599.0
NKCE9HF3QSE9CVSW,900.0,245.0
CRTECN2QTXCGYGNC,4900.0,1599.0
CRTECN2QVS6GJZHS,4900.0,1599.0
NKCE8HVPCYY37GHG,399.0,193.0
CRTECN2QVNAWZZHZ,3150.0,1350.0
FABE92NVJWFVRWTZ,666.0,299.0
SHIECUF3RFWBFCGA,1599.0,650.0
PTPECA2QYCZH8MBV,1499.0,1499.0
NKCDXH8TSVZPDYNH,800.0,240.0
CRTECN2QSHETEZRE,3150.0,1350.0
ACCE2WC8KXAKMNAF,599.0,399.0
NKCE7HN9XD8UDKHF,999.0,399.0
CRTECN2QZ4NY4SSZ,4900.0,1599.0
PTPDVPEXF8MZYKEW,1240.0,1116.0
NKCDWBPZEQGZJ4PC,450.0,370.0
ACCE5H2YFHX6HFTU,1399.0,1399.0
CRTECN2QVVZWDMVZ,4900.0,1599.0
SHIEFFFPDETWTWZR,299.0,299.0
FABE88MGTZAX5KGG,1418.0,1099.0
NKCEYTXEXPFNTD5Q,1000.0,275.0
CRTECN2QUVRBHDKG,2450.0,920.0
NKCE7MBRM6JAPEAX,469.0,320.0
PASEA46QFBTUGATC,1510.0,1510.0
CRTECN2QWWFMWSJD,2450.0,920.0
NKCDTMWRXGM27S27,699.0,489.0
PTPE62XBRHPBQDZS,4000.0,1584.0
CRTECN2R7EXGYGFZ,4900.0,1599.0
NKCDUYA5RGAGR4PY,499.0,349.0
ACCEAY5YHCXTV8XR,799.0,499.0
NKCE5YA9SPZ2RTBH,400.0,150.0
CRTECN2QZH9J6EHK,4900.0,1599.0
FABE92NVHZHSFHGT,666.0,299.0
NKCE88AHBHJZREXH,750.0,399.0
SHIECMGF5WTA2WGG,599.0,599.0
ACCE5H2YP2AA6RWX,1699.0,1699.0
NKCED2ZGYAP3UKJY,999.0,499.0
CRTECN2QVJBRMHRN,4900.0,1599.0
FABE93H9AGWMNDJR,666.0,299.0
NKCDU4RZ6D4PSU9Z,409.0,214.0
CRTECYY4HJPQG9Z4,6000.0,3674.0
CRTECN2QYMZVFQMR,2800.0,920.0
SHIEAREZNXQEJFYM,3845.0,1574.0
CRTECN2QZGUQPR93,4900.0,1599.0
CRTECN2QWCWNMAMC,4900.0,1599.0
SHIE7DFN8MFZKQUR,1650.0,949.0
CRTECN2QYZ9YX3JR,2450.0,920.0
CRTECN2QVB5MFPF8,4900.0,1599.0
SHIDYZAGTXAHCJ4G,680.0,680.0
CRTECN2QSARKNGNV,2800.0,920.0
CRTECN2QTARWPXSU,4900.0,1599.0
CRTECN2QWHKJ3PBU,4900.0,1599.0
SHIECCMNHQD5SZPZ,3500.0,3300.0
CRTECN2QTNDGT2VX,2450.0,920.0
NKCDXT2ZVFR6PFUM,1100.0,330.0
NKCE5QSZHGCBYBDJ,699.0,299.0
ACCEBEZZEQZ3SSAZ,499.0,89.0
PTPE2Y3XXK9XGJCZ,1385.0,999.0
NKCE88AHGVTQ6Z5G,500.0,300.0
ACCDQGVSDZ92ZWGW,599.0,399.0
ACCEA7PVQP8H27UH,599.0,199.0
PTPDVPEXSANDVSJQ,759.0,759.0
PITDPPMDFRXXQGNX,175.0,175.0
CRTECN2QWHUYBAQZ,3150.0,1350.0
FABE9335WGYU76AQ,666.0,299.0
FABEAJUHGG9Z7HU5,1499.0,699.0
PTPEY6JZGMWZF8H3,1010.0,858.0
FABE7D5ZSVVRPG75,449.0,329.0
PTPEDAU5YYUG6HXN,1155.0,1155.0
NKCDXM9Z6PBF6YYZ,420.0,414.0
NKCEAPCYFBP4UJ3V,1800.0,699.0
ACCE8C3YU6JDREMH,499.0,324.0
FABEAUYKQ8DJXJXQ,299.0,98.0
NKCDUPYY3XUKW6HX,995.0,498.0
FABE9336ASHQNQ2N,666.0,299.0
NKCE8SESMHF2VSRM,840.0,499.0
FABEBJGPTNUHZJAJ,1999.0,899.0
PTPEYCF7GZU2T54E,780.0,649.0
NKCE8JXSVC5Y3HWJ,524.0,262.0
NKCE9ZVGGGZXJMEP,450.0,419.0
NKCECZJQSWTUUGXK,999.0,499.0
NKCE2W3WYHE8SCJD,889.0,359.0
NKCE5YA94NVQ6TQ2,400.0,150.0
NKCDWBPZZ38YTQEM,360.0,310.0
NKCDU4RZHMGDBYYZ,510.0,310.0
NKCDWBPZXXH9WGJB,510.0,410.0
NKCE9HUUEEVGDGRT,500.0,180.0
NKCEBBEYU9Z3YNGT,2500.0,999.0
NKCE5UZHRWGARHGZ,400.0,120.0
CRTEA7HANEWK3TQ7,3200.0,2260.0
PTPE4YAN2DXZZGJY,1800.0,1000.0
NKCECZKQGZXVZ2RY,1499.0,555.0
FABEAJUHWGPHZUGU,1499.0,699.0
CRTECN2QVFHNA9J8,4900.0,1599.0
NKCEAPCWTPTXXREG,429.0,309.0
NKCEAPCYZAS9PERK,1800.0,699.0
SHIEY382SR75SXEY,6395.0,5436.0
MFLEYGFH8PFBVRDG,1199.0,1199.0
NKCDU4RZR83PHQG7,450.0,450.0
PTPE3KKXGM4XTGKF,1760.0,1045.0
CRTECN2QXQGJ7JZD,4900.0,1599.0
ACCE8DY6GCGZSNYJ,999.0,749.0
NKCE8SESAZ4K8HZC,800.0,449.0
CRTECN2QYGNYMVY8,4900.0,1599.0
NKCE7MBRAHWXZHAX,469.0,299.0
CRTECN2QW6KGNW8U,3150.0,1350.0
CRTECN2QZK6STGYV,4900.0,1599.0
NKCDU4RZGFYP7MUN,409.0,279.0
ACCECHF4VZYHA4XZ,2199.0,1599.0
NKCE6ADE87FFKYGK,439.0,292.0
CRTECN2QZFRKZPZU,4900.0,1599.0
NKCEDFNHWNPYWK5X,1100.0,449.0
BNGEB467ZXZZ4HWS,999.0,549.0
CRTECN2QUFMQFXSR,3150.0,1350.0
BNGEB467JXH6QER6,999.0,549.0
NKCDWHFRFMBFZCTY,550.0,399.0
CRTECN2QW9H2NWF2,4900.0,1599.0
FABE89GG6P8NUHXJ,199.0,169.0
NKCDU4RZUGXY7A3Z,530.0,430.0
CRTECN2QYASYFKGS,2450.0,920.0
NKCE9ZWYZAEAGVAK,500.0,185.0
FABE76TMSYZCTRZZ,199.0,169.0
NKCE8JXSHFBBQDKY,496.0,253.0
PTPDZYCE2H35GHG4,689.0,589.0
SHIEBY82QFGWNYTE,2999.0,2699.0
NKCE9336FXG94XTG,599.0,450.0
PTPE62XBPSEHCQCR,1155.0,549.0
CRTECN2QX4YHTJJR,2800.0,920.0
NKCDWBPZKKSXUEGQ,500.0,400.0
ACCEA66TZQRT23RN,550.0,110.0
CRTEA7HAC5HFBYGY,2500.0,2090.0
NKCEBBYSAMV3GRMV,2500.0,999.0
PTPEFMRKEBETGVNM,1110.0,721.0
NKCE88AHDPXRSJPE,1000.0,499.0
CRTECN2QUHHGEVPE,4900.0,1599.0
PTPE6TUDYK43Y8NJ,1134.0,1134.0
NKCDU4RZPGSGYY4Q,530.0,320.0
CRTECN2QVAZHBWTJ,4900.0,1599.0
PTPDYVTRGWG2GGHU,1140.0,1140.0
NKCEBBEYX8NWRXHA,2500.0,999.0
CRTECN2QY94MSFSY,4200.0,1380.0
ACCEAT6AZZJ6GRSQ,799.0,499.0
NKCEBGPNXQFXGSKS,1799.0,599.0
CRTECYY4GFDJFKBD,5500.0,3399.0
PTPEB88UTZRHHVXD,999.0,399.0
NKCEASN6ED2AZSGJ,529.0,389.0
PTPE2SSXSTFH6HYY,1245.0,934.0
CRTECN2RV7NHG8XK,2800.0,920.0
NKCE4894FKHVGPMN,809.0,414.0
PACE26UZFAH7U2Y4,865.0,865.0
FABE92NVWSKPDK8W,666.0,299.0
FABE7D5ZXCFGF5MX,199.0,169.0
NKCE9HF37STYM5KA,700.0,225.0
SHIE2FH7YTVDHFGT,695.0,595.0
ACCE74HCBUZZYH2X,999.0,425.0
NKCEBGJZGQH6HGDZ,2000.0,999.0
FABEAAXUASTJUUFH,2449.0,949.0
SHIE9J6PFGP9DZAH,1000.0,750.0
NKCDUYA5UMUYYJRH,499.0,349.0
SHIE6ZSBG6MQDHNX,1599.0,699.0
PTPEAPCXUNAJKUHZ,705.0,423.0
NKCE3HG8HGZG4JBR,1599.0,499.0
NKCDYARBMAARKGFZ,550.0,220.0
CRTECN2QYFYRSXTH,4900.0,1599.0
PTPEYPK3HFACCKAM,935.0,748.0
CRTECN2QU9FYCMKU,2800.0,920.0
NKCDU4RZYTKBTQPC,390.0,370.0
ACCEATGZU9QWN3XR,2099.0,1550.0
CRTECN2QXHYSFTHY,4200.0,1380.0
NKCE69P8G4ZRAUAF,2760.0,828.0
FABEADKAKVUX5XK4,2549.0,929.0
NKCE8E6YYVEUTNGY,669.0,478.0
PTPE9DXYPQUKBEKF,1290.0,759.0
CRTECN2QYRZDFBTB,4900.0,1599.0
NKCE7MMGGHXSGDBC,660.0,430.0
NKCE9G2B7GUUJ8HR,449.0,289.0
PTPDVPEXAA854NEY,1790.0,1350.0
CRTEA7HAEXGZ7HNU,2300.0,1490.0
NKCECHHZSUD4KNZF,539.0,479.0
PTPEYW8HNV6G9YYR,1510.0,1132.0
SHIE7MGDC6ECGFJ8,999.0,650.0
FABE88MH3NGH8MUD,1418.0,1099.0
NKCE7MMGFFZMNHWJ,399.0,250.0
SHIE4Q76YVE6GFHZ,9500.0,9500.0
ACCE6TJTBHE6YHDJ,1299.0,999.0
NKCDZHF7J4GGHHSG,499.0,339.0
CRTECN2QT3YKZBQC,4900.0,1599.0
PTPE34YJXKXZVTWK,895.0,625.0
NKCDZFJMRP2XBBTK,400.0,381.0
CRTECN2QUG8V4QCY,4900.0,1599.0
ACCE74HCM54BZFAX,499.0,149.0
NKCDXHWZHPXRF28E,800.0,250.0
PTPEAT32YEZ7G4BB,1340.0,710.0
PACEB9TYMS5FEHHY,999.0,319.0
NKCE8HYVR7NYBGQH,249.0,212.0
NKCE5YYYGNH7HGP3,599.0,235.0
PTPEATF85YZDHTZS,1450.0,585.0
CRTECN2QZAPZVBNY,2800.0,920.0
NKCDU4RZQRXJH4JF,430.0,360.0
FABEAAXUJ6T58S7A,2699.0,1049.0
NKCEAPCWCAGENWN7,439.0,299.0
PTPECS55TZUJUEJA,1510.0,1299.0
SHIECHC2SG8E3GS9,2949.0,1299.0
NKCE7PZPRVFVEXNW,429.0,343.0
SHIE5HZ5UWWXYXWV,2000.0,1499.0
PTPE5WB8Z2C6YYCQ,690.0,499.0
NKCDWBPZGZW7X3MH,520.0,420.0
CRTEA7HABNRWRZSV,2250.0,1490.0
ACCE4CYBAAGAFDTQ,999.0,599.0
NKCE7MMGNZ6FDGUS,750.0,399.0
NKCE64Z489PQN4U4,619.0,406.0
ACCE7ZK9GP3YCHBP,1299.0,1299.0
CRTECUWZDJRHRFNK,3699.0,1499.0
NKCEYYX9BC4NZN2K,460.0,414.0
ACCEA4DRT4BEY7TK,1250.0,1000.0
CRTEA7HAFUMPQNHJ,2250.0,1490.0
FABE92PZYN4SJGE2,666.0,299.0
NKCDYRHGP2UFXMT7,599.0,299.0
CRTECN2QZ7DHY6GV,2800.0,920.0
ACCE6FZPTNC3UGSG,781.0,550.0
NKCDYARBBBGJ3WGG,499.0,299.0
CRTECN2QVFSUG9FR,4900.0,1599.0
NKCE7Y2Y4BFFU9A4,224.0,89.0
CRTECN2QZBJCYUKR,4900.0,1599.0
ACCE8XUCYRB9ATHZ,1099.0,750.0
NKCE6P3FBGQDBMY9,225.0,195.0
ACCE6J23PMCFS9ST,399.0,170.0
NKCDWHFQF9DBHZVY,599.0,499.0
CRTECN2QUP86XBT7,4900.0,1599.0
PTPEA5DYMZTZWEZQ,920.0,920.0
NKCE8M88W94MUBBZ,1980.0,445.0
CRTECN2QYG6SNGZE,4900.0,1599.0
FABE94K9S9VGCYSR,900.0,750.0
NKCEFMZUYQEFC34D,270.0,252.0
SHIE6ZSBHCNYY2CP,1599.0,699.0
FABEBZXC2GZ2WJEW,999.0,309.0
NKCE9G2BXWXY9UAA,469.0,359.0
SHIE2NM4FBBAYP9U,1949.0,1749.0
AVCEASGPSFXKFXB8,249.0,199.0
NKCDYQ3RCVCSYD2E,550.0,385.0
FABE92NUSYEWSG56,666.0,299.0
CRTECN2QXGUXXZUG,2800.0,920.0
NKCE4TV4CFBGWTYH,1499.0,599.0
PTPEFMKUTCGZB5G5,1120.0,1080.0
NKCEAUXWF7BGPD6T,600.0,260.0
FABE9336YZVWPEZ3,666.0,299.0
CRTECN2QZHEJ6WJC,4900.0,1599.0
NKCDWVZHKGKN39ZH,715.0,660.0
PTPEA5N8ZGYNK3PZ,1460.0,1310.0
CRTECN2QZZJNSHRZ,4200.0,1380.0
NKCEBBYSAJKEEQ8K,2500.0,999.0
FABE92NUQYTAKUNG,666.0,299.0
NKCEFAG9TAF3VAFY,378.0,378.0
CRTECN2QYXRQK5TJ,4900.0,1599.0
PTPE2GJQXEWHGZEK,1525.0,999.0
FABE9335RFTMNRZG,666.0,299.0
NKCDWRYFPAFEQA5Z,700.0,190.0
CRTECN2QVPYHYVF5,4900.0,1599.0
PTPE4JYTZCEUCF5V,2310.0,1436.0
NKCE7PZP2VGYBZKG,599.0,439.0
PTPE7H5JD4MH5T4D,350.0,350.0
CRTECN2QT6ZMHHHH,4200.0,1380.0
NKCDYQ3RMQKPZVZN,390.0,390.0
SHIECH3WTZ9GH3RU,999.0,499.0
FABEB2TXGRJ7QVKH,1449.0,549.0
NKCDU4RZ9HWVUHGW,490.0,370.0
CRTECN2QYFXXAEYU,2800.0,920.0
PTPE4JYTBXSZSZPF,660.0,396.0
CRTECN2QVB7UDF2P,4900.0,1599.0
PACE5VYXRZBQ3FVR,650.0,299.0
NKCDXHWZGDPDJG7X,800.0,250.0
FABE78FYBHV4JJFJ,199.0,169.0
FABE88MGUBPCQWR8,1418.0,1099.0
NKCEBGJZVGCZXMGD,3000.0,999.0
PACE632TBVYD7UCW,249.0,149.0
PTPE7KUYN3NFGYNZ,999.0,785.0
SHIE9FMPGFYZR2YZ,7400.0,5549.0
NKCDYRHGGJUVZ7WC,599.0,299.0
ACCE5HSSJCKAKSBJ,1799.0,1799.0
CRTECN2QSGBHXGMN,4900.0,1599.0
NKCE7PZPCSNSCHWT,459.0,339.0
PTPEANKGSUQC2EGN,11999.0,8999.0
PTPEFS7GZAKGFUSZ,1500.0,1500.0
CRTEA7HAQYWGJJQ3,2800.0,1790.0
NKCDZHF7GVYJSFDF,490.0,446.0
PACEARXTEE2R8CNT,350.0,255.0
FABE9Q5XY5GH2TH8,999.0,749.0
NKCDU4RZRKCZWYQH,269.0,153.0
ACCE9EYRRNZYZUBG,499.0,249.0
CRTECN2QUZWGEHEB,4900.0,1599.0
NKCE9G2BCCVDEHZJ,319.0,319.0
PTPEFS9BTD3YHNHF,690.0,396.0
NKCE64Z4UYTTXRWS,469.0,381.0
CRTEA7HAUEF6RPUK,3500.0,2750.0
FABE92NVNY884KUZ,666.0,299.0
NKCEBUG2XMBRJDGV,539.0,431.0
FABE76TMDUNUVNUD,199.0,169.0
CRTECN2RGJYTREYQ,4200.0,1380.0
NKCE5EHJHS38BUWB,500.0,375.0
CRTECN2QXRVZAMUH,3150.0,1350.0
FABEAAXU9APF4DZC,2449.0,949.0
NKCDYSR9YGEZHE9D,272.0,108.0
FABE87A83EKNGXVN,700.0,700.0
CRTECN2QVV8ZGNWK,4900.0,1599.0
SHIED3RY2QZE2EWM,1999.0,799.0
NKCE9ZPVFDNM6HCR,285.0,285.0
NKCEFG3CHGEHMRTD,699.0,450.0
FABEAN9SSPWNZEMD,199.0,169.0
NKCECW7BGWYRZ3BP,678.0,449.0
PTPEFJHG6SUSBPG8,1025.0,460.0
ACCEF2TH2YRDRZCR,3599.0,2999.0
CRTE8389HNP2UHPT,2100.0,1350.0
NKCE69P8TC88UPPC,2928.0,878.0
FABE92NUZZENGGJF,666.0,299.0
NKCECYNZGPXQ6HR6,527.0,349.0
FABE94K9SSEDXFDY,900.0,750.0
NKCECWKZMNCEGPDT,750.0,465.0
CRTEA7HANRC9HYK3,2250.0,1490.0
ACCEY6JYDGGESWXC,699.0,300.0
NKCDZYX2SHTUHYNE,500.0,250.0
SHIE9GH8DZF3APB9,1969.0,699.0
FABE7ZDZQWWXKRUZ,1490.0,1490.0
NKCECC6EY68FVVNF,399.0,349.0
CRTECN2QST3Z947Z,3150.0,1350.0
FABE7D5ZH3MPNEQV,449.0,329.0
PTPEB98UCDYJ2MTE,1280.0,1152.0
NKCDWBPZ5U3Y2SSS,310.0,270.0
CRTECN2QYDGMPMFF,4900.0,1599.0
PTPDVPFYEKTVFEZ8,759.0,759.0
NKCDU4RZHXRYY7CT,560.0,430.0
SHIEAF2JJFSBXFMH,1000.0,520.0
ACCE5UKY6UXGVT9P,399.0,199.0
NKCE9G2BZAGKXPGY,389.0,299.0
FABEB2TXH4MGQC2H,2699.0,1049.0
CRTECN2R8G7QFUZP,4900.0,1599.0
NKCDZHF8XYR3GMQ2,769.0,333.0
PTPDXN7BGWDRNHYY,895.0,600.0
CRTECN2QZVUWVHZZ,3150.0,1350.0
PTPE2F33QGYXMHGW,2500.0,1875.0
NKCE8SESTHKCG7FW,860.0,449.0
PTPE7FFJTHJDMDB5,1260.0,899.0
NKCEAPCYFTHYVARD,1800.0,699.0
NKCE3H9T7EKKXHG3,1298.0,519.0
FABE92NVKXGFYBWC,666.0,299.0
SHIE7DFN7ZSSVHXC,1240.0,589.0
ACCEFET7MKNAJVAH,429.0,249.0
CRTECN2QZCHUWG6G,2800.0,920.0
NKCEAFM7UZG85XFJ,441.0,441.0
NKCEAFM7NXAMQUEM,350.0,315.0
CRTECN2QU6HG98UZ,4200.0,1380.0
ACCE8WYMVWNXBBAH,599.0,249.0
NKCDU4RZE2JHSZU7,390.0,390.0
CRTECN2QYYFYJFTV,3150.0,1350.0
ACCED55XRZT9N2HH,499.0,299.0
NKCDYRHGFNBQ27UZ,599.0,299.0
SHIE2CAJP6XBWPU2,749.0,399.0
FABE789NVCTG48YK,199.0,169.0
SHIEF8DUHZJP8MVC,1300.0,780.0
CRTEA7HAKMTQMHNC,2500.0,1890.0
CRTECN2QXWZTD2RB,4900.0,1599.0
NKCDYASFYGXZESTM,999.0,399.0
CRTE92XDU6A7GAGA,6500.0,4500.0
FABE92NUZWQATUBQ,666.0,299.0
NKCEC8AZV8TG6VZA,459.0,379.0
SHIE7PD3EF2NCGBY,2400.0,1200.0
PTPE2NK4E2HNCHBB,930.0,880.0
NKCDZHF7N93CKNGC,480.0,480.0
SHIE7DFNFZRPTGKD,980.0,449.0
FABEAJUHKKTRCNQX,1499.0,699.0
SHIECKYBVDJ7FBSG,1107.0,498.0
PTPEAT32HSGZFHVY,1180.0,630.0
NKCE7MMGPAKN8CMJ,575.0,390.0
PTPE33V4UFHHH9SP,1630.0,1150.0
SHIE9J6PYVBW5ATG,2000.0,1499.0
NKCEAVZ3QEWNHQNR,399.0,250.0
FABEADKA9VBM9DTM,1799.0,629.0
PACE5VYXMZKGMDG8,850.0,279.0
NKCEFGFURYNWH2DR,410.0,399.0
CRTEB774DYRZGGGX,2250.0,1460.0
ACCDRREFMB99QZ42,599.0,415.0
CRTECN2QUPXANVU9,4200.0,1380.0
NKCE8P4WBZBDGYEP,750.0,499.0
ACCE8TZFCREV9NK5,599.0,249.0
NKCE5WSJTFZWUWBV,400.0,150.0
CRTECN2QVSZP8JDW,4900.0,1599.0
FABE9Q5X2QG4P5BW,999.0,749.0
CRTECN2QUQKHZHYA,4900.0,1599.0
NKCECYNZGHYQEFHY,527.0,349.0
PTPE3KKX3DBHYFVX,1390.0,815.0
CRTEB774RRUZ2G4D,3200.0,2250.0
NKCE5QSZ6FQSNBDF,699.0,249.0
PTPDYVTSEF3BDWMZ,1090.0,1090.0
SHIEARR34RCY5ZPH,379.0,299.0
NKCE9G2BH342RMHK,349.0,279.0
PTPEFS9BGURCNHGV,740.0,424.0
CRTECN2QT988EFGM,4900.0,1599.0
FABE9335XAFGYAKP,666.0,299.0
NKCE9G2AFWY5A3HZ,469.0,359.0
SHIE9J6PRGFHJHRY,550.0,420.0
NKCDWBPZZCEHQXWP,340.0,340.0
PTPE4HEYHXA42KH4,470.0,392.0
NKCEA4CAKB9D94JG,275.0,275.0
CRTECN2QYN3ZN75Z,4900.0,1599.0
FABE9335WS77N9FZ,666.0,299.0
NKCDWHFQSCHHYZMP,599.0,499.0
CRTE92XDANPCQTHQ,5500.0,4500.0
NKCDYQ3REN9WJEAF,390.0,390.0
PTPE9DQXGXYQXNBP,945.0,899.0
NKCDU4RZNF6KXYXZ,379.0,249.0
PTPECA2TGAAFPBDJ,829.0,650.0
NKCECJAHAMVG7Q8M,499.0,199.0
ACCE2SXDBTYNYYQ3,1650.0,199.0
SHIEYZF6GPYGTTWY,766.0,575.0
NKCE7MMGJSVN3J2W,350.0,299.0
PACDZTD7YB2EUMYE,169.0,169.0
PTPE7GZXHWMQB5W8,425.0,400.0
NKCEAPCVJUC3MQ6Y,499.0,359.0
CRTECN2QZZJVMK8M,4900.0,1599.0
FABEB2TWFNXXXHA9,2449.0,949.0
NKCDU4RZTTVQGVDY,309.0,167.0
ACCE93GXBKVUSHVD,1299.0,949.0
CRTECN2RQUMZBNGJ,4900.0,1599.0
NKCE73KHBBRBPTJH,252.0,252.0
NKCE9ZVGMHZVTF2D,529.0,389.0
SHIEC8AT4ENZVG72,1799.0,1799.0
FABE7D5ZGC66FEYV,199.0,169.0
NKCE4TV4VCFGY5UH,1450.0,599.0
CRTEA7HAWF5SWAPR,3500.0,2750.0
PTPEDDXTMZKMNXHX,1325.0,1126.0
NKCE6T64KDBB4ZDG,3100.0,649.0
FABE92PZGJEMHTHU,666.0,299.0
NKCE5QSZTMRJQJ2H,1499.0,299.0
CRTECN2QZ4XUY84U,4900.0,1599.0
NKCE7MMGKZPBQQS2,399.0,260.0
ACCECM8RTZYSWSBW,599.0,249.0
CRTECN2QYTQNTVFH,4200.0,1380.0
NKCE4TV4YPFUDGQQ,1450.0,599.0
PTPE4P39G9SVGHRZ,1600.0,980.0
CRTECN2QSDV5BZ8T,4900.0,1599.0
ACCE9VGJEGJDTPHY,499.0,299.0
NKCE5PP5BKPGUKJX,699.0,149.0
SHIE7QCY6ZQSUF6E,3280.0,1290.0
ACCEBWRHKPQCGJNF,550.0,299.0
NKCEYGTG972MN8T3,500.0,200.0
FABE7JPGXYAT6KDN,990.0,650.0
CRTEA7HABGNSJ9FT,2250.0,1490.0
NKCEYGTGZFYHTGFH,1980.0,470.0
PTPDVPEXXGZQMC2G,1235.0,1150.0
SHIE2QTSMSXF9QAH,9500.0,8900.0
NKCE2V6XHV3DSGPT,1099.0,399.0
CRTECYY4HKRGEPMS,5500.0,3399.0
NKCECJPCUYJZZQTR,499.0,199.0
ACCE5ZCYYWU7ZX5P,2699.0,1749.0
NKCDYRHGHJCQ65WW,599.0,299.0
CRTECN2QYK2R2PUS,4200.0,1380.0
FABE92NVEAZSZ5ZP,666.0,299.0
NKCDWBRYRTQZUS5S,500.0,230.0
SHIECGFT7U8W3ZQN,999.0,549.0
NKCEFGFUSZQCGUYN,480.0,333.0
PTPE4HEYXCVJ9MEB,1568.0,1307.0
PTPE7V9ZRFFHG22K,1500.0,739.0
NKCE2YCPGMPDFUPF,279.0,140.0
SHIE55GT7F6HYXDT,699.0,449.0
PTPE4JYSR95ADP6S,1089.0,654.0
NKCDYQ3R8RNV2TQW,410.0,410.0
SHIEBCQZGGHHX6RE,1450.0,1085.0
NKCEASN6TXJGHZUE,529.0,349.0
FABE7B2FGV9CDFZH,449.0,329.0
NKCDY8S8CCG32GQH,490.0,446.0
PTPE2NK5WKZDW7F9,635.0,535.0
CRTECN2QWRACCVZW,4200.0,1380.0
NKCE88AHMVQHFZHU,550.0,350.0
PTPE7JZCBGGKPSGS,490.0,299.0
NKCDU4RZHYKCPQEG,270.0,252.0
PTPE3WXUERJCP24D,1420.0,799.0
SNDEHZQ7YZAHAZYP,2949.0,885.0
SNDEHYMXZTFRYZQV,4799.0,2399.0
SNDEHZKGKGHDFG57,2199.0,1199.0
SNDEHZQ6ABTZCWQG,2949.0,885.0
SNDEHZPDGB2ZT8ZY,2500.0,1750.0
WATEHYVPG8D4DUK8,1499.0,1399.0
CPLEHB7C7QYBDMTV,3800.0,3500.0
SNDEHYMW2V3UDM7W,4799.0,2399.0
SNDEHZPHCXP7ZTFA,1199.0,499.0
WATEHYVPYJFYVTYE,999.0,699.0
TIEEHZDEDRUH6NMB,899.0,699.0
SNDEHZPDUZHD7GXZ,2500.0,1750.0
WATEHYUDCRJMEMQC,899.0,192.0
SNDEHZPD3HXXXWPT,2500.0,1750.0
SHIEHYHMWMYPDFSU,1499.0,1249.0
WATEHYVPGMHURTKG,1299.0,999.0
SNDEHZH4TCGSJQXU,1199.0,499.0
SNDEHYEZSDKCDQ3J,2200.0,2200.0
SHIEHZSPHYJF494X,1199.0,999.0
SNDEHZPDYWFY44PF,2500.0,1750.0
WATEHYHNCANKP5VZ,1599.0,499.0
WATEHYW2RZZHHHVZ,999.0,549.0
DRPEHYHG9YYHD2HH,999.0,499.0
TOPEHZSMJYWRYH8F,795.0,636.0
TOPEHZNSDHHZDB4G,699.0,699.0
PEAEETEJMJZ75EVG,499.0,199.0
WATEHZZRXMHPPPCY,999.0,314.0
HLKEHB9SWCXZXPRF,399.0,339.0
WATEHZZSSCU4YXYG,1500.0,199.0
SNDEHZPDGAZBWJTM,2500.0,1750.0
ARCEHC8QWFWNHZGE,999.0,249.0
TOPEHZNNEKEGYNQE,1499.0,1499.0
WATEHZZSNFPPGWSH,945.0,299.0
TOPEHZRAGEY6FNEY,999.0,398.0
DRPEHYHN3MYJDGGM,999.0,499.0
WATEHZTQHHDMFZQZ,945.0,299.0
TOPEHZNZ3A7KV2ZG,1499.0,1499.0
SNDEHZQ7GAQJ3JZ8,2649.0,795.0
SNDEHZQ7BSZZJRDT,2949.0,885.0
TOPEHZNTNA9GMWFN,899.0,899.0
TOPEHZNPUWSFVHKM,1799.0,1799.0
SNDEHZMFFAHHZSHZ,2500.0,1750.0
WATEHYW2NGY59ZKC,999.0,549.0
WATEHYW2MRNTAMHC,999.0,549.0
TOPEHZNTWBFZXHCG,1099.0,1099.0
WATEHXGUDDHGN6ZZ,1099.0,359.0
SHIEHYHMGQWHRCBW,1599.0,1499.0
SNDEHZH4RXCE8AGJ,1399.0,649.0
WATEHYMDBDZAYJ4E,1099.0,719.0
VLBEGFFDP9H6WG2T,1399.0,287.0
DRPEHYHH78DZHUZG,999.0,499.0
WATEHVHJTFRSSSYK,1999.0,449.0
SLIEHR2V82GJXBGU,1800.0,850.0
WATEHVHJSUBGKZVG,1999.0,449.0
SNDEHZH3HSRF5PDE,1399.0,649.0
SLIEHUFGN6EAJZZV,1799.0,699.0
TOPEHZSZGDFAZZGS,895.0,716.0
DRPEHYHJQNGXBZNU,999.0,499.0
WATEHYJBSKK8HHKC,898.0,279.0
SNDEHZPDSQZYASGW,2500.0,1750.0
ACCEGXK4RRVYHJZR,5738.0,5581.0
ACCEHHR5ESZAXDPA,699.0,299.0
DRPEHYHGNAF5UYUQ,999.0,499.0
SNDEHZPDHXKM3ZNJ,2500.0,1750.0
WATEHYHPZSDEGFBT,1599.0,499.0
WATEHYW22MBMYNJG,999.0,549.0
SNDEHZEFZTFMTFRQ,3295.0,2965.0
BZREDTP23ENK9YNH,3000.0,3000.0
WATEHZPFAPQKUASQ,1500.0,199.0
VLBEGFFDCSSZXNJ3,1399.0,287.0
SLIEHET3CZ6XSDHP,3000.0,1999.0
SNDEHZPDZMNZGHEQ,2500.0,1750.0
WATEHYU2ZR3UTGRK,399.0,109.0
SUIEHFNUU3BDCGZN,3999.0,2999.0
ACCEHA9FJK8VMZEG,499.0,399.0
SHIEHXZRJVH2QZHU,3499.0,3299.0
SNDEHZQ7HFNGH788,2949.0,885.0
DRPEHYHGJQHDSXFR,999.0,499.0
WATEHZP5RHMMCBPZ,945.0,299.0
DRPEHYHNCZXNYFZH,999.0,499.0
WATEHYW2RTHHJSFC,999.0,549.0
SNDEHZPDXUBEHF5V,2500.0,1750.0
WATEHXGUJCYK88TF,1299.0,449.0
ACCEGSAZPGAHTHNH,999.0,348.0
DRPEHYHMFE6G3XZG,999.0,499.0
DRPEHYHNWQEKZWXN,999.0,499.0
HLKEH99YARH28MGG,210.0,179.0
TOPEHZSNVUCPGJWM,795.0,636.0
DRPEHQY8Z5UZFP7V,2499.0,2499.0
DRPEHYHFQ8KHHZHW,999.0,499.0
WATEHZP4KYR8JVHP,945.0,299.0
WATEHVHJHMCGW3VN,1999.0,449.0
SHIEHXZMQPC4GT6F,1799.0,1559.0
TOPEHZPAMBSJYWZF,1199.0,839.0
WATEHYHJZDVZXNHZ,6950.0,3475.0
SHIEHYHHNPVZEXVZ,1499.0,1249.0
DRPEHS7GGAEJHWGH,999.0,550.0
BZREEA4MHGKY7UHX,2799.0,2799.0
WATEHZP3ZA9YT99G,1500.0,199.0
SNDEHZH4S5GKC2ZU,1399.0,649.0
WATEHYJS3XNCZUSE,998.0,349.0
WATEHVHJMDH9ME88,1999.0,449.0
DRPEGXZSYEBPKP46,399.0,399.0
TOPEHZNT48HMRU59,899.0,899.0
TOPEHZP9DTWGBRTT,599.0,499.0
TOPEHZNP4QZHVTDW,1799.0,1799.0
TOPEHZNZ6BCHRYZC,1499.0,1499.0
WATEHZZV8HF77B94,649.0,499.0
TOPEHZNMGBH5HHGA,1499.0,1499.0
WATEHYW2GJW9SZYZ,999.0,549.0
SNDEHZPDYWVYBCHT,2500.0,1750.0
HLKEG2G4ZVHE7M9M,265.0,175.0
TOPEHZNSWYHQYGUF,699.0,699.0
DRPEHYHMEZHDYRK5,999.0,499.0
SNDEHZKZPNKYDYZE,1399.0,649.0
SNDEHZQ7MMN272VX,2649.0,795.0
DRPEHYHMKTQZZCR2,999.0,499.0
DRPEHYHHHZXWMARS,999.0,499.0
SNDEHZPDNCJWRWY8,2500.0,1750.0
DRPEHYHETEJFKK94,999.0,499.0
TOPEHZNMGXRRHPGG,1499.0,1499.0
DRPEHYHNWT8V56RP,999.0,499.0
WATEHZZXEGZEZZBQ,1500.0,199.0
WATEHZN5BG4SUKBY,1599.0,359.0
WATEHYVPU8EYBHDC,899.0,299.0
TOPEHZR5ZYAZCYKC,999.0,398.0
SNDEHZH4HY8SQ2PS,1199.0,499.0
SLIEGXZYZTTSZD9C,1499.0,599.0
DRPEHYHMEUCSYGKA,999.0,499.0
SHOEHDF4PSUGJXAQ,999.0,499.0
ACCEGXK4XKRYAD3S,2568.0,1260.0
TOPEHZPAPFNFEHBG,999.0,699.0
SNDEHZHVMR3XPBST,999.0,499.0
WATEHYW2NN8YBDYZ,999.0,549.0
SNDEHZKGZHHHQVYX,2199.0,1199.0
TOPEHZNQGZJYYJHE,599.0,599.0
TOPEHZRBDNV4JJRW,999.0,398.0
DRPEHZABCC2H27FM,749.0,549.0
DRPEHYHJJCJGQ5UK,999.0,499.0
SHIEHXZEWWACSXRQ,1599.0,1499.0
DRPEHYHGSSEPB6HW,999.0,499.0
VLBEGFFEMY8ZFEMJ,1399.0,287.0
SHIEHZRCHVFEEVMR,1799.0,1689.0
CPLEHB7C7ZJGHEQU,4200.0,3800.0
TOPEHZSMZVXWWJHZ,795.0,636.0
DRPEGXZUPDVVDCZV,399.0,399.0
DRPEHYHKYSXETBBJ,999.0,499.0
TOPEHZNZ9YZYYAPU,1499.0,1499.0
VLBEGFFENZPXGYPG,1399.0,287.0
DRPEHYHNHVKHZCZG,999.0,499.0
DRPEHYHKJX3VJS4H,999.0,499.0
DRPEHYHKFSHQEKTZ,999.0,499.0
TOPEHZNTFAHEZMQA,1099.0,1099.0
TOPEHZHFEQ7WNXB8,1299.0,699.0
DRPEGXZTUFCYFU6J,399.0,399.0
SHIEHXZGUAKEU7HH,1499.0,1249.0
TOPEHZSZVJZMQZJU,695.0,556.0
TOPEHZRABE92BKYA,999.0,398.0
DRPEHYHKW3J4CWWB,999.0,499.0
SHIEHXZEFKZK3FSS,1599.0,1299.0
DRPEHYHMTYJV3FSH,999.0,499.0
DRPEHYHJV5NVRHJY,999.0,499.0
TOPEHZSMY3VVDZ5V,795.0,636.0
DRPEHYHE9ZXNVZFD,999.0,499.0
NCCEHZTVHHY8BNDD,299.0,199.0
TOPEHZPA2UVG89UZ,999.0,699.0
TKPEHGWYVVXUYCFC,1399.0,1399.0
BAREGAHW4DESS2FS,3583.0,1962.0
TLPECJY7GHNHFKMZ,2322.0,1161.0
CPIEBCHSQ7YGDRWD,749.0,562.0
TLPECJY8F8ZTRDVH,1498.0,749.0
TLPECJY7WKHYDZT5,1915.0,958.0
TLPEG6GRYTC6JQEB,1999.0,999.0
HJREGAHGVXJXZFHB,799.0,600.0
TLPEG6GR9HUYW3ES,999.0,699.0
TLPECJY8H3YBSYZY,1942.0,971.0
DREEGEYFETGCCZGH,1299.0,1299.0
RNCEGBGW9PYRXNZY,1000.0,800.0
DREEG5ZR4CSHRHQY,1299.0,649.0
DREEGCS8RJAYEGAR,825.0,625.0
BRFEFY5BN9VHU27H,480.0,480.0
DREEG78PDRW4GCD8,999.0,399.0
DREEFFG5PA6AVFH9,2100.0,900.0
TLPEG6GSDFSCZPF2,1299.0,667.0
RNCEGE7HZZRPMSRF,899.0,525.0
DREEG9JRZUZM5CBH,1550.0,1550.0
SWTEF26Q84YFGAKC,499.0,424.0
RFREHGN3X3FHM4YY,24300.0,19460.0
PYJEJFZGRPN2YWNG,1299.0,1299.0
TKPEGZBPDGKMV4Q6,599.0,239.0
BTOEGZCTTDY587N5,500.0,250.0
ACCEGXDJMWKWYHPP,799.0,339.0
DREEGSMKFEHFFYNV,899.0,899.0
DREEGWW9DMTGZDZZ,899.0,499.0
CPUEJ2CMBFHTTHSJ,12999.0,6990.0
PYJEGVRFNBMQSZH4,799.0,365.0
TKPEG27A7Z6JWK6Y,1599.0,419.0
TSHEGYDYGFHGSHGY,749.0,374.0
DREEGWWCZPUTWMY4,1299.0,629.0
TSHEGZKMZYGHZPRV,1199.0,499.0
TKPEGZCWJBFYQ7DG,999.0,750.0
SWSEHZY2FZH6W4ZZ,3240.0,3240.0
ACCEGXDJHFEDFPPJ,799.0,339.0
DREEG7PNZ3WGSFWR,599.0,279.0
BAGEH2A4GHTVQYX5,2499.0,1599.0
TSHEHV9TPRUBUENE,299.0,299.0
TKPEG2Z2CWU9AHXG,1599.0,419.0
DREEG8AKFGCA467Z,1299.0,399.0
DREEJY2NVHFG6GCB,1665.0,672.0
SWSEHK8ZMMYXGEFZ,1395.0,1395.0
MDYEJF57MVYHRCUN,999.0,649.0
HJREGXNFQMRPYVU3,1499.0,750.0
JEAEGWRZDM5K5KT4,1899.0,1059.0
HJREGVMCEGGUDUE5,810.0,640.0
JEAEGWYDZYDRGXQF,1800.0,900.0
ECIEF7MGVGZAZMGG,2999.0,599.0
ECIEF6JYYJ4PHJ3Q,2999.0,699.0
ACCEHYWDPRTRMCMS,1499.0,850.0
SUIE5GT3DSJCKEJF,15999.0,7883.0
ELWEG4TV22DE3F4Z,2499.0,1666.0
SUIEB772NQ8UHFWG,4140.0,3690.0
CBREFYM9TSSUHJSQ,545.0,193.0
SHTEYSPQAB9KAUVG,795.0,397.0
SUIE8H94SYGX7PKR,8995.0,7196.0
CBREGYBXZKY5VKSK,699.0,139.0
ELWEG4DCHBUNHUAD,2999.0,2349.0
ELWEG4TV8SGCMCBM,1599.0,1099.0
SHTE7GRSF5H6BHCC,1199.0,839.0
CBREGYBSGEYARK2G,399.0,129.0
SUIECPH2HZTAGBHS,11499.0,9499.0
SUIEDSKCZY3VVE2T,7999.0,2499.0
SUIED9U596FR5YV9,7999.0,2499.0
SHTEJGFAUKFZSGYN,1499.0,1499.0
SHTEJGESKVEMGRYR,2290.0,2290.0
SHIE9J6QNCYPG2J9,900.0,679.0
SHIEB468NVUG5HMP,399.0,399.0
NKCE8HSQJQBPRSGY,500.0,399.0
NKCE5UY9JMZP9NGF,399.0,399.0
SHIE86XAGBVWRWH3,699.0,485.0
NKCEAFA9ZXHADRNM,1300.0,399.0
NKCECPHGBUZPN2KU,765.0,345.0
NKCE27TWT4YWWHJM,1230.0,492.0
SHIEBQF6BNGS946Z,440.0,350.0
LIDDVFAFGAYTM8HH,500.0,450.0
NKCDYPDSFAFRAQ9T,1017.0,399.0
NKCE53HJHUTKNGUF,2999.0,199.0
NKCE9Q93GVK3B8MZ,780.0,390.0
SHIE93J5D9MDDZGU,300.0,199.0
NKCEBG9BWANRRRS2,1499.0,449.0
NKCE9ABEE5HDWZSM,599.0,247.0
SHIE8G24RUNDF63N,1200.0,745.0
NKCE8BG8TGGG3HV5,2499.0,239.0
SHIEY6KFSWWZVUVT,1500.0,900.0
NKCE5VAAU2Y7ZW2Q,799.0,399.0
SNKDZUEQVHPCEVKV,766.0,766.0
NKCEBTQZEGG6CDX3,1950.0,350.0
SHIEBDYGCDZP6QVY,1599.0,599.0
NKCDY44FCVDHFMHM,800.0,400.0
NKCEC8ASYCY89ATW,950.0,428.0
NKCE5TFVUFW47BGR,300.0,250.0
SHIED7AYZRF2TEHY,1299.0,581.0
NKCE9W4Z7SFEKVWK,640.0,325.0
NKCE9AZMTYBWTAV3,1000.0,199.0
BFAD3ZJYYCXDAVGH,4440.0,1999.0
NKCEF9GTBBTUSVTS,1100.0,499.0
SHIE8M9PWUF5H4SF,799.0,194.0
SHIE8M4ZWWF7EKN4,800.0,350.0
NKCEAX7HHE5HZCHG,599.0,299.0
NKCE9PFFXPGYQF9Y,599.0,399.0
NKCECATPXVYHGRKD,499.0,299.0
BFAE2V5YU3ZQXWCN,4199.0,3149.0
SHIEBGHD7Z7CXVCT,899.0,419.0
NKCE49ATHBGGPBDM,850.0,499.0
NKCEBHGBEZKFGHZR,499.0,224.0
SHIEFFFPRTTYYF3G,699.0,699.0
NKCEB98TFGDFKT9G,499.0,239.0
SHIECV5BYUZEQJT7,899.0,340.0
NKCEDCT9MSAYG6H5,1199.0,449.0
SHIEAVW5MYGJ4BRR,1000.0,800.0
NKCE6GJ5JHFKSM6T,998.0,499.0
NKCEB98T6AZZCH8H,499.0,249.0
NKCE4VJGCMERZWFB,1999.0,289.0
NKCE6GJ5XVJDXNNZ,998.0,299.0
SHIECQP4MBUZFWP3,700.0,399.0
NKCEDCT9CFG3HCAQ,899.0,399.0
NKCE6Y8DSYQVSMGZ,699.0,299.0
SHIE9J6PFKPDMEGK,1000.0,749.0
BFAEYCBMXNQQJ89Y,2490.0,2000.0
NKCEC87RZKGSJSKA,1080.0,486.0
PSREFBQM8V7GVCGX,18000.0,15485.0
NKCEANMPATURDMHV,699.0,239.0
NKCEANMPCSWGRBH5,699.0,239.0
SKTE5NGPGYSJVC7Y,2350.0,1955.0
NKCEA5FHCBGVS9XG,779.0,209.0
SHIED8FWBW8XWUGE,1800.0,510.0
NKCE9AZM5ZMSFXSX,1000.0,199.0
SHIEYSPPPDGTSGFX,715.0,600.0
NKCE49ATTPYAPNWB,800.0,349.0
LIDE4YMTRHMXGXKZ,1572.0,1572.0
NKCE9YX2YHTD2ERB,325.0,195.0
SHIE86XAM3TUG7HA,699.0,495.0
NKCDQSVCY7GJM39D,600.0,269.0
NKCEBKWHGV6VDZBS,999.0,249.0
SHIEA6YUJYA5MF7J,799.0,500.0
NKCEB793NZZJRQ3T,234.0,234.0
SHIE834ZGCFNCSPK,1199.0,497.0
NKCE9GR9GFMQ9TNZ,599.0,329.0
NKCE8ZJ2643HGFYQ,999.0,197.0
NKCE6GJ5JC7Z97FG,987.0,299.0
NKCE5UY9HHPZGGUZ,399.0,399.0
NKCECKHZHQ8HGQXD,499.0,499.0
HIFEB7J3GSTVN5XJ,4250.0,2450.0
SHIE954FZSSHYFGG,999.0,549.0
SHIE7EUKZA97SQMQ,800.0,499.0
SHIEFFFPVBQK6GBH,599.0,599.0
NKCEBDYGXS6G5KC7,499.0,399.0
SHIEBQF6VHTX2HYZ,440.0,350.0
NKCEDCT94E2RHF3W,1099.0,399.0
SHIEB657EFEYYGWE,1999.0,999.0
NKCEAP3S6TDGRDVY,999.0,247.0
SHIEBFNPCGZERMJB,1450.0,685.0
NKCECZFZFGAAPNVJ,599.0,499.0
NKCEFFFPZC5FFNSY,1200.0,299.0
SHIEBFDAW2GHMTYS,1973.0,897.0
NKCECZG4FP2UWUSV,640.0,325.0
HIFEBRYGYAY5NHTG,2900.0,2900.0
NKCECGVA5EG3ZCZG,1099.0,399.0
NKCEBFWTSJSWQVJ2,999.0,449.0
SHIEASFWXZ6H28UY,1499.0,750.0
NKCEFERXGVDZDERS,499.0,299.0
WABEAHVERGBGCHZQ,5500.0,3650.0
NKCE96SXT4MVC3GG,1200.0,250.0
PSRD7NKJGFMGAZQG,3500.0,2475.0
NKCE9PFFKH97YNZH,599.0,399.0
SHIE834ZYF3EYSFT,1099.0,480.0
NKCEACYSHS4MGKGY,500.0,200.0
PSRE2K36QU4U5HBC,29999.0,24999.0
NKCEFH7VWAAHMKAP,645.0,400.0
SKTEC88DXZARGU8N,3999.0,3499.0
NKCDRDWASY2HY4V8,495.0,371.0
SKTEYE86SU8B83ZA,2999.0,1999.0
NKCE9YFBD4MBHHWZ,699.0,239.0
SKTE8HA2HDURGKTF,7750.0,4650.0
NKCECGVBURZKA4S7,1299.0,499.0
SNKEBYHG8W4FGBQV,999.0,650.0
NKCDTAXFFYUASQNQ,195.0,165.0
SHIED78RWUCDPFRH,1099.0,479.0
NKCE9PFFQHU7GTU7,599.0,399.0
SHIE5U6NNGWD7CDX,999.0,450.0
NKCEANMPAQHUMWWJ,699.0,239.0
SHIEBFXDQYHQAUQF,309.0,309.0
NKCE9ABENEV48UKQ,499.0,247.0
SKTE8HPYD2VYYBBZ,900.0,800.0
NKCEBFWTTMZH9MAR,940.0,475.0
NKCEC87GRQZAJXGH,500.0,475.0
SHIEB59MMCHHZ4XJ,1800.0,999.0
HIFEB7J3RCFHZ5DB,6499.0,3790.0
NKCEA5FH9ZB34DEE,849.0,249.0
NKCE2RPCN6RCTGDG,1100.0,399.0
NKCE6XU6DAWYHWQP,400.0,350.0
NKCE87C3MAPCEWZA,695.0,486.0
NKCE9Q93CUEMGS46,840.0,425.0
SHIE834ZXJ25KYBH,1099.0,494.0
SKTDDA4YREGBZDP3,3999.0,1704.0
NKCECZFZNVGGSVBT,800.0,499.0
NKCEBVPZZCBGX5XG,499.0,299.0
SHIEC9AFED2B2EZX,1599.0,799.0
NKCEFKBYZBXUBYBZ,399.0,239.0
NKCE7TF6RFEV9U3Y,940.0,490.0
NKCE57RNP2CDWTGE,600.0,165.0
NKCDTAXFZUNRDFKZ,495.0,371.0
NKCE9RCW8ABDHNQM,350.0,350.0
NKCEAGXHK66GHUGP,279.0,249.0
NKCDTAXFSXTUHGPT,445.0,267.0
NKCE6HZQYGNNJXYZ,515.0,464.0
NKCEB79393RWBFA3,325.0,325.0
NKCE3KVSEV6PWK6V,299.0,299.0
NKCE5TFVTYJC6VMW,230.0,180.0
NKCECEBZYG9NCPBW,999.0,399.0
NKCE49ATDNH39ZYR,800.0,349.0
NKCE87C3GGD8SSVG,695.0,399.0
NKCEDCT9ZA2Z8KFH,1099.0,399.0
NKCED6EXGB74CKHX,899.0,459.0
NKCE57RNFHJADNTG,1250.0,150.0
NKCE966EZXUGCQRJ,1050.0,480.0
NKCE6TNZ9YGRGVNF,1866.0,499.0
NKCE5QGTUCGYNZZ5,499.0,499.0
NKCEAY3RB7HNGZNM,379.0,379.0
NKCEAVZ3KGJFW6FS,399.0,399.0
NKCE6GJ5WUDU7BK8,987.0,299.0
NKCE5H4XZMADYXWG,599.0,299.0
NKCEANMPGJAZ7BHE,699.0,239.0
NKCEBG9BHYUDAHH3,1399.0,299.0
NKCEFMKXST56ATVF,695.0,295.0
NKCEBFPZHW42AJJH,499.0,499.0
NKCEBUZ3TDYA3MSE,415.0,349.0
NKCE6TNZZKEGKPGA,2036.0,499.0
NKCEBHGB3FZSR5RH,499.0,224.0
NKCE8BG8ZXHRZN9G,2499.0,259.0
RTRDP2HXHPPTGQHE,2990.0,1990.0
NKCECZFZY9YTKGTW,399.0,299.0
CAGED6GKXVK5EZHH,330.0,300.0
NKCE7H5KYDYXWA3V,900.0,455.0
PBXE84AFK5C9NMYV,179.0,99.0
NKCEDCT9963RUGNN,1099.0,399.0
CAGEYUXVPKE22C43,540.0,349.0
NKCE4GF84RZJFTGD,1249.0,449.0
CAGDS6VEGGYYEYUH,498.0,339.0
NKCDYYQWT2ZZUYZD,1150.0,375.0
PBXEBHJDZFDJAVYH,499.0,449.0
CAGDYD53CFZYCBVY,332.0,245.0
NKCE2MAAPFUCVX6N,799.0,349.0
CAGDYPBWZ6JSHECV,257.0,195.0
NKCEA5FHN9UWZEH9,299.0,250.0
PBXE5YG7J4ZCXWHX,99.0,89.0
PBXEA8VKDNFPZAKP,599.0,399.0
PBXE4Q7YF5KUYJYW,59.0,41.0
NKCE2F5H3FWG7NZG,999.0,450.0
NKCE9YFCMXP7QXRN,699.0,239.0
CAGE225HGFQ4VSSK,320.0,320.0
NKCEBF56FWWZ35HR,590.0,354.0
RTRE8GJUFNETVUMZ,7000.0,4250.0
CAGEBFPENZTMYNBS,375.0,350.0
NKCEBMDCG3PEZTHX,850.0,425.0
NKCEAX7HAQ2RJA3Q,999.0,399.0
RTRE6HUPWP2BWTZ6,2300.0,2195.0
NKCEANMPZTDWDBFN,699.0,239.0
PBXE9YWGAZHPPQKQ,380.0,230.0
RTRDNGVMCHXQT6HU,3000.0,1773.0
NKCE9YFBFSND2CBT,699.0,239.0
PBXE84AFKHSTNP4H,179.0,99.0
NKCDTAXFFDCCGUY4,695.0,371.0
CAGE4BQYUXBFXZVF,398.0,330.0
NKCEBXRQ3FY5GFCZ,499.0,224.0
CAGEBXX7YEQZQQ2J,570.0,349.0
NKCEBKWHS7CHNPTU,1099.0,499.0
NKCEAFC847CUEYZX,1050.0,425.0
CAGE7GUFJG7JZ3HC,335.0,268.0
PBXE5SJHVBDY7PHS,99.0,89.0
NKCEC8A2MGGJJ2GE,490.0,455.0
RTRDZTF9DBT4CW8U,14999.0,13500.0
NKCDRDWANFDGXSSK,299.0,195.0
PBXEANB7QGWSP25F,375.0,235.0
NKCDY44F79NUC7NF,900.0,450.0
CAGED2U3ZJSTGAMT,280.0,280.0
NKCDY44FMPNQHFFN,999.0,449.0
PBXE8GCDESXMGVNM,349.0,340.0
NKCE9YFBJECEYPAH,699.0,259.0
SCHE4YSTVBPBNZMH,247.0,198.0
NKCE8NDJ76XBRZ2H,499.0,399.0
CAGE6FZSZXFKQHZP,360.0,327.0
NKCE38HBGRYRNZPS,299.0,199.0
CAGDW63HYZAJ4EK9,350.0,345.0
NKCECZG4G4HSXXGG,880.0,450.0
NKCE4VA4M7ZHQFV6,1099.0,375.0
RTRE7FT9VKRGNTRR,2200.0,1350.0
NKCEAKKRTHT8RNC8,999.0,297.0
PBXE9WEVHF3ZBQHW,69.0,48.0
NKCE4EVCXSYXTFCH,649.0,224.0
PBXEBHJDU6WMEJYT,499.0,449.0
NKCECGT3NM7QF8WE,799.0,299.0
CAGE9ABAGXS3WZDB,389.0,389.0
CSOE88UGQNBSQGCS,549.0,477.0
NKCE9YFB9BZZ8ZFF,699.0,239.0
PBXE7YYYSETDYV9P,299.0,179.0
NKCECFGDGPUSCXXS,385.0,300.0
NKCE3Y5PSKAJSBPY,500.0,378.0
CSOE88UGU7GZPNZS,549.0,477.0
NKCEY8KWTM9HZKDJ,699.0,359.0
RTRD38494HWZVMAK,2900.0,2100.0
NKCE7HN9F746GK2E,1356.0,349.0
CAGECT64KH6CZVMR,200.0,185.0
NKCE6SR4FHV6BJDC,500.0,467.0
CAGE5HVNTSEFWCW7,320.0,300.0
NKCEFXYQQHX2MUYK,499.0,249.0
CAGEBTGEHMQUS8NH,390.0,350.0
NKCEBP8AQZGMMWT9,745.0,400.0
CAGE775RKU3WYJWG,360.0,320.0
NKCE9PFFZZA3FCMQ,599.0,399.0
PBXE7NYSMCFFTRG3,249.0,150.0
NKCE9YFBHXBDKZZG,699.0,239.0
RTRDNGVMH2ZJZRMQ,2500.0,1300.0
NKCEBHGBEABMWDKA,699.0,314.0
CAGE6HYJPDEM4AN3,398.0,320.0
NKCE49ATC5PPCHQG,750.0,449.0
RTRE9UPZJUNGSX3X,35000.0,31000.0
NKCDYPDSHYHZV6VZ,1017.0,299.0
PBXEANB8JXGUXZUZ,399.0,269.0
NKCDXZGUZKNYVXG9,999.0,299.0
CAGEYUXVUZGG5DMN,540.0,389.0
NKCECCMFVD3FXBRA,750.0,390.0
CAGE7CZR6ZD9RT3K,360.0,355.0
NKCE9GY5QUJUJPGH,499.0,499.0
NKCEAYDJBTCDHMBY,450.0,395.0
RTRDU88AKQFRZU2U,10000.0,5580.0
NKCE96SXVSQHFGNP,1000.0,199.0
CAGE8XYYGMRKRRCH,390.0,370.0
NKCE9YX36WBZF9HJ,399.0,179.0
RTRDET9AQR7EMM2G,3450.0,1999.0
CAGE72HHBRCKQBG5,360.0,360.0
NKCE9PNY6Z8VKAQY,599.0,399.0
CAGE6FZQ3XXVG4V5,360.0,327.0
NKCE4GF8YSKFGS97,629.0,224.0
PBXE9CVJB7NVXVZQ,150.0,120.0
NKCE3JRMHENFPYGB,399.0,249.0
CAGE4BQXKEZPSHWG,398.0,340.0
NKCEANMP59KZZGKM,699.0,239.0
PBXE8ZHHG5Y525BT,599.0,189.0
NKCDWTGFC6HJTGVZ,1110.0,416.0
CAGEC87BMFZWYG6G,420.0,249.0
NKCE52CSJVWFAWHW,250.0,199.0
RTRDFFYGTZUBKJTS,12499.0,12499.0
CAGE7NK98FHDEGGG,380.0,342.0
NKCECEBZWJR3HYAR,1000.0,499.0
NKCEB2S9VDNPRHV8,237.0,190.0
RTRECEYMHGP3JXFV,24999.0,13999.0
NKCE5HYVE4YDTGPZ,399.0,139.0
NKCEAX7HH7YUAF22,699.0,349.0
CAGE6GQCC6YG7FTD,398.0,284.0
NKCED6EXHFFHUFEW,699.0,399.0
CAGEBTGHEFTZDHYA,390.0,350.0
NKCEFNPKJRTR8EE9,499.0,499.0
CAGE7NK9KUYNVAF8,418.0,399.0
NKCE6SR488C827WS,450.0,405.0
NKCEAJP6XZGX5NMH,349.0,325.0
PBXECYF3VABNZYQS,999.0,299.0
NKCE76ZG2VJUJBGA,899.0,385.0
PBXE68H45EYSGSTQ,350.0,325.0
NKCEB98T642V4GUN,499.0,249.0
CAGE8F56SZEHA7JV,375.0,375.0
NKCE9Q93NGS45HGG,840.0,425.0
PBXE73QF2FETKYSF,399.0,219.0
NKCEAKKRQGFDH5Q9,999.0,277.0
RTREYTY2TMVNXZG4,29990.0,21290.0
NKCE9AZMWUUVVS8H,1000.0,199.0
CAGEBTJB8NQV23Z2,390.0,350.0
NKCE7M3QNNPZDXHQ,1000.0,399.0
NKCE9YFBN88SNZ7V,699.0,239.0
RTRDFFYGJ4GNRSHQ,9000.0,6300.0
NKCEBHGBQQBUHFAY,699.0,314.0
CAGEBFPETZZDWEBZ,375.0,355.0
NKCEAGXHZMK8HHRG,249.0,229.0
PBXE9YWGPHCMHZU6,380.0,230.0
NKCDX3BH8FVUZAYQ,499.0,400.0
PBXE8WQTZ5GA2YYQ,99.0,99.0
NKCECKHZPB2JMPGF,499.0,499.0
RTREBZRG4SE4AFBX,5900.0,5900.0
NKCE38HBTZXEXXUG,299.0,199.0
NKCE3JRMBSUGXDK2,299.0,199.0
CAGE7NK97H7CGEVA,418.0,399.0
NKCEAX7H9SH5UZNS,699.0,329.0
RTRDZK8XD2H2VBAD,9500.0,4527.0
NKCECGVB6FPY5BFF,1199.0,499.0
RTRDZK8XZBQDJ35U,3500.0,3399.0
NKCE4PZ6HGRHMKCZ,799.0,399.0
CAGEBTJBUKGHGBSJ,379.0,340.0
NKCE25HGP4FM3YGM,999.0,400.0
NKCE99BVPCFZPNVH,910.0,450.0
RTREFWYNH9RGDCQK,2250.0,1635.0
NKCE9Q93AZYXVKYN,965.0,490.0
CAGE8R9JFDZPFHA7,500.0,349.0
NKCE49ATEHGTHQD8,700.0,349.0
CAGDY9Q7QVXRYZMY,525.0,525.0
NKCEAUABQR7WXDYP,935.0,475.0
PBXE68H4YDFFFFNX,300.0,270.0
NKCE2B57AZGQCNQZ,350.0,350.0
CAGEBTGH9UG35CDA,390.0,350.0
NKCED8SK6UNMAZST,899.0,499.0
CSOE88UGPBWS3GH7,549.0,477.0
NKCE84H9GHSAPR9C,650.0,225.0
CAGE9ABAQ3EMJZHC,389.0,389.0
NKCEBHGBFEVC2ABB,599.0,269.0
CAGDUGFYGG2KWWK7,360.0,249.0
NKCEAGXHGFZZZKBK,249.0,229.0
CAGE22EEH2JMZFZV,530.0,299.0
NKCE2MAAG4QZBFMS,799.0,349.0
NKCE4PZ6QRJGJHJH,399.0,139.0
PBXED9Q2HJJNMWMM,180.0,120.0
CAGE9AGRUGPHV5FM,500.0,399.0
NKCE9ZYAD6P2SWT8,999.0,399.0
PBXEBJ4NUDH3PXZY,399.0,295.0
NKCE7H4NXU8HBUS6,1000.0,399.0
PBXE92ZYYZDEZDXZ,345.0,185.0
NKCEAY72GXRVWCXN,599.0,349.0
RTRE3KKX5RWCKMHH,8999.0,5199.0
NKCEBXRPW8AGJHJ4,499.0,224.0
RTREF2UMA333RFTZ,4500.0,2765.0
NKCE6FYZQCDZZMXA,1180.0,410.0
PBXE9YWGRFUQXHQH,330.0,195.0
NKCE3JRMHZG4UKHA,399.0,249.0
RTRDZCPAY9YHMG4X,10800.0,7550.0
NKCE9YFBR7ZAMBNJ,699.0,239.0
PBXEAFRYZSFHZ2CP,469.0,269.0
NKCECPQAERMCV6YM,899.0,149.0
NKCE54CNGQAPAZ87,2499.0,198.0
CAGE68FGFNP5CSBD,360.0,300.0
NKCEAGXHNTFZW8TS,279.0,249.0
RTRDNGVMKKUNBA5B,2999.0,1749.0
NKCECZG4HNVBZRYY,640.0,325.0
CAGEBTJBGQCRFHCV,360.0,320.0
NKCEFNPK5CUVDE2X,450.0,450.0
SCHE82QGQ2XPDCYM,16500.0,12250.0
SCHE5Z57GQMEGQVF,700.0,455.0
NKCE5T3GVHYKZSDH,500.0,350.0
CAGE3GFTKFNDSUJY,410.0,397.0
CAGEBTGETERCEJAH,390.0,350.0
NKCE5UY9HQTQ8TBG,599.0,399.0
PBXED6C4VKS6S9VQ,299.0,90.0
NKCE8HBNYGFJDU8Q,1000.0,469.0
RTRDZBJ5VAZG7VGC,3330.0,2000.0
NKCE92XFXH9HH8BT,999.0,197.0
PBXEAGTNVHGQT75S,129.0,99.0
NKCEC89WGSBKZG6Z,1080.0,486.0
PBXECRGKWASSV6VU,400.0,379.0
NKCDYPDSUPDSVYU3,987.0,299.0
PBXEDCTUP8QEDS3X,236.0,210.0
PBXEACG29GM6UESA,349.0,249.0
NKCEBVP2VSGK9DH4,616.0,399.0
PBXE68H4HF9ZZWAB,300.0,270.0
NKCDYPDS8THDBS7K,1017.0,299.0
CAGE6HYJW7VBXDMZ,398.0,295.0
NKCE9ZYADVZJF4RM,999.0,399.0
CAGDTSJUFVMVP3XG,390.0,272.0
NKCEANMPKCDG8DRP,699.0,239.0
CAGE9ABBH8HSJQXD,330.0,313.0
NKCE92GF4CCC8EWG,822.0,399.0
RTREF5VHQR3VGVHY,8646.0,4800.0
NKCDWTGFWEEJFBSQ,1020.0,408.0
NKCE9DQYQ3FFGRE7,1170.0,360.0
PBXE7FF3HYKHS6RZ,499.0,299.0
PBXE4Q7YJFDBEHFH,69.0,48.0
NKCEY8KWJVFM6AFA,699.0,389.0
CAGE4Y4FXXUZS4ZP,359.0,355.0
RTRE4ZQBJXMNT3ET,2449.0,1650.0
NKCECQYZEHSGRYBT,1360.0,475.0
RTREFH7UGSFUT6PB,22000.0,17973.0
NKCE6YF63F9HUZGY,2499.0,249.0
PBXE7NYSPF4FKVY6,249.0,160.0
NKCEAVZ3S7F84G4P,399.0,399.0
CSOE88UGAKKGJWCX,549.0,477.0
NKCEBHGBTUHNEGGX,699.0,314.0
NKCE4GF84FMT6GSM,1249.0,449.0
RTRDZ5PJTSHHXGME,1449.0,969.0
NKCE8V3ZHGGGHHDH,900.0,400.0
RTRE2RMAAU4D3H5X,4500.0,4000.0
NKCE9YX2HGNZSZRV,500.0,225.0
RTRDRDPR9JHCSBGH,25000.0,13390.0
CAGE6FYKDHFFNFHG,380.0,319.0
NKCEDE8GYSZDZG5M,449.0,195.0
RTREBG9CJ7HHSHGJ,3500.0,1899.0
NKCE845VFGMPFFMT,799.0,250.0
RTRDWBPC23ZAYMSE,13617.0,5250.0
NKCE9ABEETVTKZXC,699.0,299.0
PBXE94SPXBWTREHR,349.0,249.0
NKCEA5FH87FNMFUK,499.0,399.0
CAGE9YTZHBQ5ZGWM,597.0,425.0
NKCE49ATFAUMZ8Z7,600.0,299.0
CAGDU85Y85GDJGUD,370.0,199.0
RTRD8FNGHSBCKK6Z,3499.0,2525.0
NKCDQSVCRH8W73GF,600.0,199.0
RTRD6352VX7RZSWG,3950.0,1990.0
NKCE96SX897S89H4,850.0,350.0
CAGEYUXVHFYNCAYD,530.0,349.0
NKCE6XU6NKSZPBYC,450.0,400.0
NKCE7ZPRQX9SBZXN,860.0,294.0
PBXEBYHC7D4NF76E,799.0,299.0
NKCECGT3EZHNNRAT,999.0,349.0
PBXE9YWGDQYKWXRS,330.0,195.0
CAGE9ABAMW7FKH7C,389.0,385.0
NKCE96SXDYMGSFBR,1000.0,199.0
RTRDQZMJBWHZCXZT,2200.0,1859.0
NKCEAP3SVJHFWK53,900.0,247.0
CAGE5H7JF9ZDCWXG,360.0,310.0
NKCEFMKXRPRZAZKK,695.0,295.0
CAGDRJJ3HWPMJUCC,380.0,375.0
PBXE87TM7RAZZAFG,299.0,290.0
NKCE7ZNJDG4VNNFG,1000.0,299.0
PBXE7WMTBNZDKWWE,269.0,221.0
NKCE9PFFXGMFX5PB,599.0,399.0
PBXE4RB4DSFQPASY,199.0,149.0
NKCE96SXZGNBFP3J,1200.0,250.0
CSOE7JP6PYFZPJHZ,599.0,269.0
NKCECGVBP95YTKNA,1199.0,449.0
CAGE9A68NZMEVPPE,500.0,400.0
NKCE9PFFQKXFACFT,599.0,399.0
NKCE3JRMGTW9GQAY,399.0,249.0
PBXED9Q2MZEQWXCP,325.0,264.0
NKCE83F3VSBGYD6D,1099.0,350.0
PBXE5ZJZJJTCZDBT,359.0,249.0
NKCEAGXHF37GN8DA,279.0,249.0
CAGE44J5HHGQW5ZM,600.0,380.0
NKCDSCF369WABYU2,459.0,229.0
RTRE2TYN2XUPCEVH,2995.0,2500.0
NKCE4VA4VSZ4X5EZ,250.0,250.0
NKCEAGXHSCG9YHAY,279.0,249.0
PBXEAT5Y8BHM9NQV,499.0,349.0
NKCE9W4ZJA3AJF2C,820.0,415.0
CAGDYY25E8RVC7EG,380.0,358.0
CAGEAJVFHAGWYAZH,398.0,398.0
NKCE9PFFUGQPHF3C,599.0,399.0
RTRDNY65WHG9FHTS,1999.0,1999.0
NKCEBVP6E2GTYS8N,589.0,369.0
NKCDR6BHVPTCG7HA,999.0,439.0
PBXE9ZVGPURJ795H,400.0,400.0
NKCE4VA4SEQFEYUH,1299.0,380.0
CAGE9ABBP3NXYEMZ,389.0,389.0
NKCE6XU6USJZXSB8,350.0,300.0
NKCE8RB5ABRB9QY5,465.0,419.0
CAGE5H7JE9G72SHT,360.0,310.0
RTREA7E5WGGNH7UR,1600.0,1449.0
NKCE96SXDK3JFZC3,1200.0,250.0
RTRE3XW7JS6YJHG5,4200.0,2059.0
NKCED6EYN4ZPK9AA,699.0,399.0
CAGDRJ8WYSTGZ6UE,350.0,280.0
NKCECZMAXJZH6XJY,600.0,222.0
PBXE6677HGV7UNPU,299.0,209.0
NKCE96SXEYMV5XHV,1200.0,250.0
PBXEAEN4R6HUGZJV,375.0,275.0
NKCE9PFFJHGX23NG,599.0,399.0
PBXEB9ZQ7HHCFXYG,179.0,125.0
NKCE9YFBAFVQTX8P,699.0,239.0
CAGDSNMD7GV2GYMH,599.0,375.0
NKCE6SR4GUG326DS,390.0,351.0
RTRDMTEPMWHHPSUS,1500.0,695.0
RTRDQGV3ZTKAZTPD,4399.0,2499.0
NKCE9ZGXHMD2JFZM,999.0,299.0
RTRE63NMMRZ8MUJT,2499.0,1995.0
NKCECFHUDZ3ZE33K,950.0,428.0
NKCDZZTUKBH6FHFR,1200.0,299.0
RTREAX3DGDRSSYFT,2300.0,1649.0
NKCEAVVRVBGADAHE,999.0,299.0
PBXE5ZJZBKZKFUTT,359.0,249.0
CAGEFPY95GBZFHSV,340.0,240.0
NKCEA5FHMHZ3HZR6,699.0,399.0
CAGE5PHYVZ5QHHXA,360.0,277.0
NKCE5ECKGB2UGMXG,450.0,390.0
PBXE92XFUMB7QWY6,149.0,149.0
NKCDV7KGEEZHJVJY,1200.0,480.0
CAGE4B8YHZK3KTUX,799.0,398.0
NKCE5UY9ACQJ5WEZ,399.0,399.0
PBXE5YG7PP43XU5S,99.0,89.0
NKCE38HBZ8G2CPJQ,399.0,249.0
PBXECFH37FRPERYN,149.0,149.0
CAGDWGCSDGYNDH3Y,350.0,295.0
NKCE9PFF3TT4KSQJ,599.0,399.0
PBXE9FEBPXAKEYAP,265.0,185.0
NKCDSCF3QD5EGFJ2,499.0,249.0
RTRDEKJVRCDYXRST,3299.0,2498.0
NKCECQYZNVJKFMJV,1360.0,475.0
RTRE9WHYCSYHZKDM,3499.0,2000.0
NKCE57RNSZHFDPU3,480.0,165.0
PBXE5ZJZSAC73ZED,449.0,399.0
RTRDTSBQW94HJ8VT,2310.0,1025.0
NKCE4PZ62HSZ4QRQ,599.0,299.0
CAGED4CHGZGWRKEB,250.0,250.0
NKCED6GHCAHTHNCZ,1000.0,399.0
PBXE78PHEKYZRPSC,999.0,499.0
NKCECRQY6MGHBPQ3,1299.0,449.0
CAGE6HYJGDZQXHQD,400.0,320.0
NKCECS3FSXUA56AU,1499.0,400.0
CAGDUDG8TBQXEA2D,555.0,310.0
NKCEA5FHMY3HFHVU,499.0,299.0
PBXEAP3SADG7YJAM,650.0,300.0
NKCEB2S9JCHCMK3N,312.0,250.0
PBXE4WZJC3ZN8NFC,129.0,119.0
NKCEFNPKZ9EE7MT3,600.0,350.0
NKCE5UY9F9G7GPE4,299.0,299.0
CAGEBTGEYHDDQFDV,390.0,350.0
NKCE49AT3FBH2QBG,850.0,449.0
NKCDSCF3GGTCQ23U,599.0,299.0
CAGE8TQ8KFEGHY9M,500.0,369.0
RTRDZBJ5E8TBFDD9,3699.0,1990.0
NKCE7ZNGWUVUJBYN,850.0,249.0
CAGDV253CTVNMSP2,555.0,310.0
NKCEBHGBQJDMEKEB,799.0,359.0
PBXECGZZXWDFUZP2,449.0,259.0
NKCE6SR49QBZZHMP,410.0,369.0
CAGE68FFYRMDRF3X,360.0,350.0
NKCECFGDCG9ABPZB,350.0,245.0
RTRDFFYGM2TEWVCC,6249.0,6249.0
NKCEBHGAHNETNHPA,1499.0,299.0
CAGE9ABAEFK9XDNG,394.0,394.0
NKCECNFYEY2CFGFM,425.0,199.0
CAGDU84G2G5AEAE5,360.0,310.0
NKCE8DY7KT53G7GG,495.0,245.0
CAGEBTGHSVHHWPG6,390.0,350.0
PBXE5SUCYEBBSFXJ,99.0,97.0
NKCE676XRFECGZHC,2999.0,199.0
PBXEBHJDTZG8HQHZ,499.0,449.0
NKCEAVZ3R9PCTBT8,399.0,399.0
CAGE9ABATUHJ8G4X,394.0,394.0
PBXEANEFFA8P46FZ,745.0,475.0
NKCEASCZU8K6XDGF,499.0,299.0
SCHE3Z7QZ5HZETY7,240.0,240.0
NKCE8BG8WYRFRNGP,1799.0,189.0
CAGDV253GZSTRTWC,555.0,299.0
NKCEA5FH8FXQKFAG,499.0,249.0
NKCEAQPGSPXZDCSA,1299.0,399.0
PBXE5YG7YZ5QNWQG,399.0,359.0
NKCED842FSG9PEQN,125.0,95.0
CAGE5HPCQHDXS9XR,495.0,400.0
NKCE52CSHUMGZEZF,200.0,159.0
CAGE75EBF9DTYAF3,360.0,360.0
NKCEAGXHJHGJS7HN,425.0,399.0
RTRDYR4HXQJ8T3WR,5000.0,5000.0
NKCECQYZXR4K76BH,1170.0,490.0
PBXEAREZRNRE8BBY,399.0,124.0
NKCEACWNSZ4WMBHQ,730.0,402.0
RTRDETBCHYE3UZAA,3699.0,2499.0
NKCE9ZGXYYRZTXZS,999.0,199.0
RTRDRMGYGV73A3XJ,4000.0,1600.0
NKCE9YFBJWQGF3KF,699.0,239.0
NKCED6EYRDRJKTPC,599.0,299.0
PBXEAKZX7HHMGCFA,599.0,349.0
CAGE79CEHJZX52XS,360.0,329.0
NKCE9PFFFTHPRM7P,599.0,399.0
RTRE7DBHH85JTHXC,7500.0,4239.0
CAGE68GGAUWZVZUQ,380.0,319.0
NKCEAUABMASHK9WY,850.0,450.0
CAGE9JEFFUQQNQHW,390.0,345.0
PBXEANB7FQ7RECKA,375.0,235.0
NKCE2RZCZGNAZFHP,1100.0,399.0
CAGE6FYKGFTAXHZ5,360.0,277.0
NKCE5H4XW2PH6KFH,399.0,119.0
CAGDUNH3VAZ8PM3Q,540.0,449.0
NKCECGVBWQWGZUVG,1299.0,499.0
RTRDZTF9URF2UFPF,2600.0,1875.0
NKCE5TFVWFBSUVYW,300.0,250.0
RTRDF7QU6QFFZFKB,15999.0,12316.0
NKCEAX7HWGSGKDZC,549.0,249.0
PBXE6E6YZDFXY4Y4,345.0,295.0
NKCEBFWTZCR2Z9CK,940.0,475.0
RTRDYJUN75ZHEUD4,2250.0,1200.0
NKCE6NHRZ7SZG4ZW,399.0,359.0
NKCEAP3SS9XG8FQZ,700.0,298.0
RTRECZVP6VGBTEGT,1999.0,1599.0
NKCDTAXFQMHPMUTQ,695.0,395.0
CAGE5UR6BTUVDBQA,360.0,350.0
NKCEB98TEJYZ7FDR,499.0,249.0
RTREA4CEAZ3VPNHK,3750.0,3375.0
NKCEB7XHZFHK8E82,499.0,499.0
NKCEA7PWDCFJGR8A,345.0,245.0
NKCEC8AVJGGBBMCP,950.0,428.0
RTRDQSSHGP7UGRFC,6800.0,6399.0
CAGEBTGEGKKZUUFZ,390.0,350.0
NKCEAJKYW5CDKBEV,1110.0,410.0
NKCDWTGFZ9K5BEJA,1120.0,416.0
NKCEANMPRGTK8UGM,699.0,239.0
PBXEAMACVYKXFPAS,400.0,315.0
CAGE53FS5CFUVY3D,360.0,309.0
CAGDTSJUNHZGYZRS,380.0,370.0
NKCE5HYVDQVATMKF,499.0,249.0
PBXEBSMZKB3GTTS8,699.0,205.0
CSOE88UG6EHKAW9P,549.0,477.0
NKCEYUVR3MHTVGGJ,499.0,249.0
NKCECZFZAFTWWJNV,599.0,499.0
RTRE3KKX6DHYNZBK,2599.0,1920.0
PBXE9ZWEPRBDMP2V,400.0,400.0
NKCEBMDCUWFNR7ZC,750.0,390.0
CAGEYFZWNWG6SMHG,380.0,295.0
NKCE9YFBTYVEPJFB,699.0,239.0
CAGE7TVZ8PH9GJQU,525.0,519.0
NKCE3JRM4S94YMHD,399.0,249.0
RTRDY9NVKBBNGYMU,2499.0,1330.0
CAGE22EETSQPZKZA,360.0,199.0
NKCEAYQRHGRHQHGH,399.0,319.0
RTRECTV9PSVC8Z9Y,1599.0,912.0
CAGE5QJG2PSHZA28,398.0,385.0
NKCE9PFFKPY6UWGG,599.0,399.0
PBXE8W55A32CHXZD,125.0,125.0
NKCEF9GTWTAQE5DM,1100.0,399.0
CAGE9ABB78YZUHEQ,330.0,313.0
NKCE4PZ6496ZCRTT,599.0,299.0
RTRE3YZGGMGJ42BF,8499.0,4989.0
NKCEDCT93M9UCFF4,1299.0,499.0
RTRE387ZDKW7NQGV,3199.0,2200.0
NKCE9PFFZYHYPFSV,599.0,399.0
CAGEYFZWDZYE5VPH,380.0,315.0
PBXE5YG7NN4GWTKG,299.0,269.0
NKCE2F5HBJYC6TBZ,899.0,449.0
PBXE6JCKFHDZBZYQ,500.0,300.0
NKCEAX7HMXEAZEFR,599.0,299.0
CAGE6FYKCSZ4PUFR,380.0,319.0
CAGDY9Q7HSNDHGFC,570.0,570.0
NKCEAY3RNC2QTZXR,379.0,249.0
PBXE8FW6ZZZF2RQA,169.0,154.0
NKCE8BG8TK3KZ7NA,1999.0,299.0
CAGE44J5NGQHXMHF,598.0,326.0
NKCE5QPM4TFY2QBW,1000.0,399.0
PBXEBQGMSHJDXHKW,359.0,359.0
NKCDRDWAZU9ZJNHZ,495.0,396.0
CAGE7TVZGNX4AMDR,525.0,510.0
PBXEA92SGUYVRYXY,399.0,249.0
NKCE6GJ5TB5CSCGH,998.0,299.0
PBXDT4FTQGZGVCNC,149.0,149.0
CAGE9ABAPMTWEJGH,394.0,389.0
NKCE9YFB8HY2GPRA,699.0,239.0
SCHE4YSTZ8YYTCYZ,252.0,214.0
NKCED6EXGWZB3EFP,699.0,399.0
CAGE773YKTNBTMMH,360.0,351.0
NKCE6WKBNBGFYKPW,999.0,399.0
PBXE6677Y5PZBJEX,149.0,129.0
NKCEAX7HZFXWVSTA,599.0,249.0
NKCE2F339YUMRG5D,999.0,400.0
CAGE5GE5YRY2YNDV,500.0,449.0
PBXE5YG7QRZHXVGF,399.0,359.0
NKCEB8BK3ZXDHDHM,325.0,325.0
PBXE6ZHNEGF3VGZW,499.0,299.0
PBXE84AFH8Y5KECY,315.0,189.0
NKCE73V3N6ZSSGKT,300.0,249.0
CAGE6GQC6UYAGC5C,398.0,325.0
NKCEFZ28RPFNBRAH,350.0,300.0
CAGE6FZQGPYPGFHB,375.0,350.0
RTRDHWZYK9SN4MGZ,2999.0,1350.0
NKCEAFDAZGYPTKGF,750.0,280.0
RTRD7XKFDBPBR6CV,15500.0,10556.0
NKCE87C3JAXKXZRJ,495.0,346.0
PBXE4WZJ6ZBVCZGC,129.0,119.0
NKCDSCF3HNMXRCF4,659.0,329.0
PBXEAKA3AGPE4NRU,375.0,280.0
NKCEC8ATTJB3QMGB,1080.0,486.0
CAGEBTJBAQKZUVQD,360.0,325.0
NKCEC87SZTUM8SHS,1080.0,486.0
SCHE4YSTHJSYEJHJ,292.0,260.0
NKCE6SR4YVMYZMGY,1186.0,349.0
RTRDQZMJHRSR6CA9,2599.0,1199.0
NKCE3Y5PHMWUUWQ3,450.0,380.0
CAGDR3XKFCZ6XA2F,425.0,425.0
NKCEAJ2QGYPVGBAE,1499.0,298.0
PBXEDDEFV2FSNH4S,450.0,450.0
RTRE38HFGYDDZYGZ,3999.0,2599.0
NKCEAX7HKBHSZSA7,499.0,249.0
CAGDVVX954JSSCGP,350.0,310.0
NKCE8Z6B7TYMEZVZ,722.0,400.0
RTREF5VHK9ZUQE7V,1699.0,950.0
NKCE5QPMUZRQFDAZ,1200.0,499.0
RTRDFFYG65VG5RWS,2399.0,2399.0
NKCE9W4ZNQGHCENM,640.0,325.0
RTREBTANEFURUPYE,2699.0,1093.0
NKCECZKQCFGWJ36A,600.0,245.0
PBXE7V9ZAKCN3NS2,249.0,219.0
PBXE9CVJ6G5NAQFH,200.0,150.0
NKCE8GUZJWZRWGNQ,1567.0,499.0
CAGE5NGBENZ9PUU3,380.0,380.0
NKCED6EXGZZKTGD7,599.0,299.0
RTRECFHX3TDFD9SP,1700.0,1250.0
RTRE4ZQB3BTTWZKT,2799.0,1799.0
NKCEAJP6DGFV8AEZ,799.0,359.0
PBXEAFU6QPYHVDA8,129.0,90.0
NKCEBG9BWPNJGMDC,1199.0,399.0
RTRE4VNCJZ3UPGQZ,3500.0,1315.0
NKCE8NX2QRFPAZMM,1000.0,199.0
CAGEBTGGTRXATDHW,390.0,350.0
NKCEAWAHSKMZKCAG,399.0,399.0
NKCEDCT9YJYEZT9Q,1099.0,399.0
NKCEA546HQTYQHQV,349.0,305.0
NKCE8839JAR2FYDP,859.0,325.0
RTRDRSBNRDBZEPTY,1500.0,1390.0
NKCEBUPHVER5F2TE,435.0,310.0
RTRDZK8XFDSDN3C9,2200.0,1546.0
NKCE52CSJ2GUY64G,250.0,230.0
RTRE96W36WAJHRCF,1899.0,1395.0
NKCEAVVRRGHWXTNF,999.0,299.0
RTRDB8GKEGG5E3XG,1599.0,949.0
NKCEAX7HUGVMK8RZ,999.0,399.0
NKCEY8KWY33FCUYD,699.0,499.0
NKCE4VA49YHSX6KW,620.0,299.0
PBXEANB8BEBFDG9Q,399.0,249.0
NKCE83F3MBBAE7QM,1250.0,525.0
RTRECM6WZFBZYSTK,1399.0,929.0
NKCEB98TYYUZE7BQ,499.0,249.0
NKCE9YX2SRHUYGNK,699.0,314.0
CAGE5PHYRHNGU7D9,380.0,320.0
NKCEA5FH2EWGYWUV,399.0,249.0
RTRDZBJ5FZSU4AYZ,2500.0,1500.0
NKCECATPDKZVTFX2,299.0,199.0
PBXECNFSCHBSHZM9,449.0,259.0
NKCE9Z2JYUYZ2JZ3,899.0,299.0
NKCEB98TCG37ZZYT,499.0,249.0
PBXEAP3SWQHG2QZE,650.0,395.0
NKCEAGXHHUXGZKAV,249.0,221.0
PBXE5YG77PT3WHSS,99.0,89.0
NKCEDDAEWDYYDVJA,540.0,340.0
CAGE8TQ8PNHZTUPP,500.0,400.0
NKCE8NX2YNZJDK9F,1000.0,199.0
PBXEAP3SX6XUTCQG,450.0,450.0
NKCE9Q93HRESPRBU,830.0,490.0
NKCEBMDCVPMF2GTX,960.0,490.0
PBXE4Q7YQTAVQEFG,109.0,76.0
NKCEBFWTTUNZHDUS,499.0,274.0
CAGEYFZWNCKDDXXQ,380.0,295.0
CAGEBTJBPXFFZWEH,390.0,350.0
NKCE5UY9WFY7EAYC,399.0,399.0
RTRDYZYDXGHXXJNZ,10999.0,8100.0
NKCE5HWHQNTCY4WU,1299.0,499.0
PBXEAP3SVFJRZJK2,999.0,650.0
NKCE8VQHVG89RUY5,599.0,499.0
NKCE3H6BGY7BF6K9,349.0,299.0
NKCE6HZQ6TS37AQ8,549.0,494.0
CAGEBTJCMAJG7NW3,390.0,350.0
NKCEC86VG3DP9ZGQ,599.0,269.0
PBXEDDEFTWAW3HCU,550.0,550.0
NKCE96SXSGHZ3GZA,1200.0,250.0
RTRD7XKFRCZH8TE4,3690.0,2000.0
NKCEBMDCMGQF9ZFF,850.0,425.0
CAGE68FFRKGNM58Z,360.0,350.0
NKCE49ATMJEXFXHF,850.0,449.0
PBXED67JVPPSGVWE,599.0,270.0
NKCE7ZNGWZBHRMGY,1000.0,299.0
NKCEFKBYHXQ8VVF8,499.0,299.0
NKCEBHGBAFBCXXYC,399.0,219.0
NKCE9RCW6ECJXWZW,250.0,200.0
RTREBZRGQGCZJ7ZG,7000.0,7000.0
NKCE9ABEZJ4HWTZZ,600.0,247.0
CAGE7UCEDBWHWF48,349.0,349.0
NKCEF9GTMZD4JZW3,1100.0,399.0
PBXEACG2FBGPQKWG,299.0,199.0
NKCEAMEVUVZMYRTZ,950.0,325.0
NKCEBF3YCBJCN6AN,590.0,354.0
CAGE2XC2HFSSQNSM,380.0,320.0
NKCECYGG2EHHKG4D,699.0,314.0
SCHE3Z7Q3TSVYMRP,510.0,495.0
NKCEANMPGYRNMZJP,699.0,239.0
CAGE53FSKAYSFUXG,360.0,324.0
NKCEASCZVVYGPQNQ,499.0,249.0
CAGE4DWQQYHVPD8C,480.0,345.0
NKCE76TN4Z5ZQHH3,1299.0,455.0
CAGE5RNE4JVBXZBX,355.0,249.0
NKCE9RCWPGWJMKG6,250.0,200.0
RTRDZBJ5HJUQPHUB,1900.0,1900.0
NKCE5T3GPPUBSWWW,500.0,350.0
CAGE6DFWETTR4MUU,340.0,321.0
PBXE9YFBMZ7EZZPR,380.0,230.0
NKCE4VA4M2ZKZGUY,599.0,299.0
NKCEBDYGDGFYNGGY,499.0,399.0
RTREBVK9HX8XJH2T,1899.0,1144.0
NKCE966EN2EBAFMH,950.0,299.0
CAGE75DFM4UF6ZDF,375.0,355.0
SCHE4YSTKWAAZH7X,238.0,204.0
NKCEAZ6FHBD9SDGX,599.0,299.0
PBXEBQGMBRP5ERWZ,359.0,359.0
NKCE6WR3ZWHWKEPQ,350.0,300.0
CAGED275PAD86Z6G,398.0,390.0
NKCEFNPJ5M9JZJR7,450.0,450.0
RTRDQ9YMUHW7PYYE,7999.0,5350.0
NKCE9GY4SYA5JJW4,599.0,329.0
PBXE8GDHCSRVDNYP,189.0,179.0
NKCE6SR4HR8H87TY,1866.0,499.0
PBXECDBWKHNKGEGD,999.0,629.0
PBXEBESSDYBYUGXT,399.0,199.0
NKCEDH9ANZGDAUWG,1299.0,499.0
NKCEB7935AJSADGR,325.0,325.0
PBXEC8ASYZ7YS7EZ,449.0,185.0
NKCE6SR4FAJTR6ZF,525.0,467.0
NKCE5TFVDZFG4Q54,350.0,300.0
RTRECC5QVCHZ4JT5,4999.0,2840.0
NKCDTAXFKDTPHKTB,445.0,325.0
RTRDNGVME4HGYAM8,1800.0,1399.0
NKCE9ZGXGSETFAZU,999.0,299.0
PBXEBYHYS3UXVBE5,699.0,625.0
RTRDYPA4PJHCJCGF,2700.0,2050.0
NKCE6SR4XGEMHY2T,1866.0,499.0
CAGDVVX97KZEH2EJ,360.0,284.0
NKCE8RB5WSWKJPFR,499.0,449.0
PBXEAJHVVCHEY59Y,329.0,131.0
CAGDZVGTV3SMMMBY,495.0,349.0
NKCED8FXMJQYJJTP,450.0,350.0
NKCEC87GZMWYCMUG,500.0,450.0
CAGE4BQXSJPTBUS4,398.0,388.0
NKCE8HSQEKWFAUYS,500.0,349.0
PBXEBYHC4S5BQYDA,799.0,399.0
NKCEB3XAPG6RCCFS,599.0,499.0
CAGED6GKXJKPSN8Z,330.0,300.0
NKCE6526NSRGNZN9,4999.0,279.0
RTRD8FNG6FUTFZQJ,2899.0,1531.0
NKCEAGXHHF2ZFZEZ,279.0,229.0
CAGE6FYKHZ52FSC3,360.0,360.0
NKCEBQ7CRZQSNHHZ,799.0,499.0
RTRDZK8XDZTJDJFN,1400.0,799.0
NKCECFGDJGFGXYK3,365.0,315.0
CAGE75HSTPYGJGUA,360.0,349.0
NKCE9PFFYD3PETHP,599.0,399.0
CAGDUNH3FHZWCVKN,540.0,450.0
NKCE2F5HKUY2555B,1075.0,484.0
CAGE38D7F5XQSYNC,599.0,354.0
NKCEC87RGJPXNK7P,1080.0,486.0
CAGE9ABAW2FEMYCG,389.0,389.0
NKCE9PFFAEFG79WH,599.0,399.0
RTRDNGVMSXKSREUJ,7500.0,3600.0
NKCEFMKXMH4AX4WF,695.0,265.0
RTRE6Y4UUCDRGMN2,2500.0,1196.0
NKCE73V3DADAVHDU,249.0,249.0
NKCE3Y5PDN4U66HC,450.0,299.0
PBXED6AV4G8BYGNF,989.0,530.0
NKCED6EXXSFZGQP8,699.0,399.0
CAGE75ZXGZPBMZVG,999.0,425.0
NKCE9PFFHANGKXHZ,599.0,399.0
NKCE9GY4ZH4Q4K69,499.0,199.0
CAGE8SCPGJQXUWHF,500.0,382.0
NKCE9AZMGTGHZ3EK,1000.0,229.0
PBXE8WRNFHB4F8EX,99.0,99.0
NKCE966ERYB8PKTQ,950.0,280.0
CAGE8TQ8DYHXBWFF,500.0,400.0
NKCEAGXHRVHUPPVG,399.0,349.0
CAGE8SCPQSV7FAZA,500.0,410.0
NKCE8RB5TTZHZKCU,349.0,314.0
RTRE2XJSG2ZFVFTW,2999.0,1850.0
NKCE49ATF8BFHDVP,850.0,449.0
CAGE5QJGHCGQNQVU,398.0,380.0
NKCE49ATR5MVGFTY,800.0,399.0
RTRE6CPUD2WJRNMG,2250.0,1599.0
NKCE8JUJEUE3HR4H,300.0,99.0
RTRDHYYVPHSGSDGA,6999.0,5600.0
NKCE76TNSYX6ZQ9Z,699.0,499.0
CAGE8PKGSXDHU4ZJ,190.0,165.0
NKCECFF6WBAYGMSG,999.0,499.0
CAGE7TVZSDVMHSKW,525.0,510.0
NKCE2F33KCCGEHRX,999.0,400.0
CAGE9ABA6MTKHCNM,433.0,417.0
CAGEAFDBEJY56XSE,600.0,379.0
CAGDU85YEZTUTEVF,370.0,210.0
NKCEBUPHVBPS9NMR,395.0,310.0
PBXDT4FTDF2CRQPX,79.0,79.0
NKCE7B6T9H36HZGH,499.0,249.0
RTRE38HF433WXQJD,4500.0,3000.0
NKCDTAXFEWQVP9HE,795.0,415.0
CAGE6DFWKJZZ5ZSD,340.0,330.0
NKCE8RB5BFGQYK4G,449.0,404.0
NKCECQYZ3R7WTKTZ,1320.0,490.0
RTRDK7TWJB6RCNP9,2999.0,950.0
NKCE9YFBJMTVANBC,699.0,239.0
PBXE77QVTEGMAEDJ,149.0,149.0
NKCEAX7H3Y9JBGYZ,549.0,249.0
RTRE8Q49FPUGNPZQ,2999.0,2090.0
NKCE34THCPW5V7FV,359.0,300.0
CAGE5JHSRFXM4BEH,539.0,380.0
NKCE842XMYHGN293,1999.0,189.0
CAGEYUXVAKNKDUUV,360.0,310.0
NKCE6SR4Y4G37GRS,230.0,207.0
PBXE829GJ3ESYYMQ,179.0,99.0
NKCEAUABTBMPYSD3,980.0,490.0
CAGDUYCCZRGCGCS3,398.0,290.0
NKCE7AGZESRQGFHG,849.0,499.0
PBXEA4F5VFXHSCY8,599.0,320.0
NKCDSW9FCTZDJWQM,459.0,229.0
CAGE8PKGBKNCYKJK,180.0,165.0
RTRD7HN3JJYF6WN2,2500.0,1118.0
NKCEBZN92EJ7PDFH,450.0,450.0
PBXEAP3SNEHQQHDB,450.0,400.0
NKCEBFWTYSW72YJK,649.0,292.0
CAGE6SYMVUA8FPT8,360.0,337.0
NKCEBFWTHMVVNRDP,880.0,450.0
PBXE6FYZPH3E293Y,799.0,399.0
NKCE38HEJPZSGBDZ,999.0,499.0
NKCEFNPJYBPDATU6,500.0,399.0
RTRE7DBH3ZDKADUS,3500.0,1705.0
NKCE4CSZWA3EAF7G,699.0,295.0
PBXE5ZJZZAPAJMKW,359.0,249.0
CAGEBZ7UGCZZHVTE,609.0,399.0
NKCE6HZQBDEG8WHT,399.0,359.0
PBXEAKKRKZVHERAV,699.0,399.0
NKCE9PFFPFADV5CA,599.0,399.0
NKCE9PFFKZWGCJMV,599.0,399.0
CAGE8F56FWET6JMJ,375.0,338.0
NKCEBKWHJE7TWABZ,799.0,399.0
CAGE7DUYEYWSYGBY,500.0,450.0
NKCDTAXF4CZFDXGZ,645.0,484.0
PBXE92KPNZMAFZUR,375.0,199.0
NKCE7ZNGMQUCP2UQ,1000.0,299.0
RTRDBECHFKZTHEP8,3500.0,1649.0
NKCEA5FHHMA552S2,599.0,399.0
PBXEBQGMBP2VJTSQ,409.0,409.0
NKCE6NHRZA6ZXMTZ,350.0,315.0
PBXEAZTCCAUM8TMT,154.0,128.0
NKCEANMPRRRUSPZE,699.0,239.0
RTRDZBJ5GRMDUZ8H,1999.0,890.0
NKCEAZ6F6CUPMNYY,499.0,275.0
CAGEC87TYWUSSRHF,399.0,359.0
NKCE7QNZHZH2DDNV,799.0,249.0
PBXEAT5YASJRMNG7,499.0,339.0
NKCEAVZ3EHGGBUMT,499.0,499.0
PBXEBHJDU6TXM9ST,499.0,449.0
NKCE84ZYDQTZQNU4,740.0,410.0
CAGDVVX9HE6C9WYF,350.0,290.0
NKCE2F33CWQ4W6UJ,999.0,400.0
CAGE3GFTPMNXPZAG,598.0,444.0
NKCECZPZCAHUVVMG,325.0,305.0
CAGED6YFXAHXJSDH,420.0,399.0
NKCEC8ANWTZFHPYH,1080.0,486.0
PBXED6C4RXFZXDFY,299.0,105.0
NKCEAP3S6G8ZEGB6,999.0,247.0
CAGE7DUYKHBTPZVZ,598.0,399.0
NKCE9Q93F3HJYGZT,780.0,390.0
PBXEBHJD6MAZKYHG,499.0,449.0
PBXEC87EUW5GHDJY,449.0,185.0
NKCE34THRCVZJPVP,399.0,300.0
CAGE6FYKYKQEWRBS,380.0,340.0
CAGEFPY9ZSFFNVAW,510.0,370.0
NKCE6HZQGJ7EDDNX,549.0,494.0
PBXE7NY9ZRYZFBAZ,249.0,180.0
NKCEAX7HJGPZ84KZ,699.0,399.0
SCHE4YSTYDQBDYQF,244.0,150.0
NKCE9AZMGW4GGTHF,1000.0,199.0
RTRE8GKF2CUJ2GNN,5399.0,2150.0
NKCE4PZ6EPR4AKZY,599.0,299.0
NKCEBVP6FKYVH7PY,587.0,349.0
PBXEBFGFRM5797BZ,499.0,199.0
NKCEB774WRFDTMFA,418.0,418.0
CAGE68FFWFYEYTJN,360.0,310.0
NKCEB2S9MFVUCSQU,225.0,180.0
CAGE7NK92GPZYHHY,418.0,399.0
NKCECGVA7VYCDNXB,1099.0,399.0
PBXE8BTEMTBZXPKE,449.0,290.0
NKCDWTGFFUNZSXQC,1200.0,480.0
NKCEB98TZYFNQMU6,499.0,249.0
NKCE9YX4TREBP4UZ,549.0,247.0
RTRD6FYYWFHEYJYE,6400.0,5450.0
NKCEBHGBMSXWZWZY,499.0,224.0
CAGE6FYKFFUGUV7S,360.0,360.0
NKCEDCT9NDJQKU4S,1099.0,399.0
CAGEBTJBTZ9HK4AU,409.0,370.0
NKCE5H4XWKNZZK3Q,699.0,349.0
NKCDSRPAFNQEXDZG,495.0,371.0
PBXEBHJDCGYUS8EE,489.0,439.0
NKCE4PZ643FGFERD,999.0,499.0
CAGEBTJB8UABHDRH,390.0,350.0
NKCE38HBJCPPYWKH,299.0,199.0
CAGE6FYKGSNJWBG8,360.0,277.0
NKCEF9GTZR2DAYHA,1100.0,499.0
PBXEASZREAZXZXKZ,999.0,490.0
NKCE9RCWGMBF2SVX,250.0,250.0
RTRECBJHGSARFZN2,21000.0,18000.0
PBXEAKYKBYYBBXZR,699.0,399.0
SCHE4YSTCUUSJWCK,372.0,292.0
NKCE3CXNYVR68G28,349.0,210.0
PBXE94HWZZ3VYGUZ,399.0,299.0
RTRD4D3EGBAYBG2C,12900.0,9310.0
NKCEAGXHQTTQM8XJ,349.0,299.0
PBXEA26BHJXXZSRY,499.0,299.0
NKCEFXYQ3DCCYFFW,499.0,249.0
PBXEBHJDYTYCFFNB,475.0,425.0
NKCEDF2ZPGYDRGXQ,899.0,270.0
PBXE5ZJZK8N5G2YQ,359.0,319.0
NKCE8ZJ2PXWJQZZX,1999.0,199.0
CAGE22EFFAPMZEPE,570.0,475.0
CAGE7DSFVSZDYPFF,360.0,355.0
NKCE9YCYAJTGZFZZ,999.0,381.0
PBXE9EJKVEFQQTJH,999.0,219.0
NKCE77RVJXKGY5HH,663.0,205.0
CAGEBTJBTBYFDZKY,379.0,340.0
NKCE8RUW7KFAYZGY,2999.0,289.0
NKCECPMGDCG877TV,902.0,415.0
CAGEBTGEFEJMCGFF,390.0,350.0
CAGEBTGG3AZRBFHE,390.0,350.0
NKCE9ZGXG9RCXERK,999.0,299.0
CAGED6YFNUF4UUTH,280.0,280.0
NKCE6SR4HQMGB3GY,1186.0,299.0
PBXEAFTPXKDJHHYN,399.0,299.0
CAGE9YTNZV5B3WWZ,398.0,300.0
NKCEYUVRC28U5CEK,559.0,279.0
RTRDNGVMRQ63YU54,3000.0,1718.0
NKCEFKBYDZMHUYZK,349.0,299.0
PBXE9HTHN2BNB3FK,299.0,199.0
NKCEAGXHRYTNTMG7,279.0,249.0
CAGE6TUDNZCKHMGQ,320.0,310.0
PBXE547H7YBMSFAE,149.0,149.0
PBXEACG2TVMVGZ5H,199.0,110.0
NKCEDHHPWHDM6HQS,729.0,255.0
NKCE9YFBQBBRHTQF,699.0,239.0
NKCE3CTQ3ZGQRPKE,349.0,250.0
CAGE8VUUUDFNDWRE,385.0,350.0
NKCE6FBFZZPKZ7S3,3499.0,189.0
CAGE8PKGWFENXJAZ,180.0,165.0
CAGE6HYJK7YAAMJQ,400.0,349.0
NKCE9YX3QFMDGJQZ,569.0,284.0
NKCE9ABEZFFRGABC,2100.0,247.0
CAGED2W2SHVURMZH,280.0,280.0
NKCEAKKRFQQRV4UU,999.0,274.0
CAGDU85YDHP9ZJH7,370.0,210.0
NKCE9PFFVFG9VG6J,599.0,399.0
RTREFWYNCYFURU5G,2790.0,1899.0
NKCECQYZ7T7ZBHGW,830.0,315.0
SCHE5Z57GMRHGXTD,815.0,525.0
NKCE9AZMXVGVUCU2,1000.0,199.0
RTRDRUZCPNJ3MTAT,1590.0,690.0
NKCE9AZMRYXZFKP7,1000.0,199.0
PBXE9A6DECDDMJHH,380.0,360.0
NKCEFMKXVNJXHS3D,695.0,265.0
CAGE9ABAYFMUUH45,330.0,313.0
NKCE9AZMZQVFTVJ2,1000.0,199.0
CAGDTN27DEWJYUHK,355.0,249.0
PBXED68MYA6JQ6RJ,299.0,90.0
NKCE52CSRGDGC4NH,200.0,169.0
PBXEA8VKZU9ZUKQG,249.0,139.0
NKCECGVB5HYJHPXY,999.0,399.0
CAGED654SQMMADH7,420.0,399.0
NKCE2RPCRRJSSXAJ,1100.0,399.0
NKCEFMKX9GH6GSTS,695.0,295.0
RTREBUH2XQHZ5GCS,2000.0,1490.0
NKCEBUPHUZM4BRWF,275.0,250.0
CAGE68FFCRAZPTHC,360.0,350.0
NKCEA5FHV3D93K3S,469.0,249.0
PBXE6P4FHJJCQZXZ,699.0,310.0
NKCE87C3JQKHQ34N,695.0,486.0
CSOE94WXPR8HZJUZ,699.0,199.0
NKCEAUABWU3Z8HZ6,960.0,490.0
NKCEB774SNZGVYW3,325.0,325.0
RTRDPXKCBHEECZQE,2500.0,1367.0
NKCE5MEFXGSS6G6U,599.0,300.0
CAGE53FSFZVFPFHQ,450.0,415.0
NKCEAX7H4XXDD2Y3,999.0,399.0
NKCED8EGPHGKRPBH,450.0,450.0
PBXEAKUHBKVYNGEG,249.0,199.0
NKCE6NHRDTJMGSDG,450.0,405.0
CAGE74TUHGRSTBYU,360.0,360.0
NKCE7TF6ZZHHWAEW,725.0,375.0
CAGED6GKHQTG5RYF,398.0,350.0
NKCE7AGZQB7Z7UFM,849.0,499.0
CAGEBTJBUGCHBYDY,379.0,340.0
NKCE7ZPRDS6PZTAA,830.0,258.0
CAGE52QH9EBHJ4ME,380.0,325.0
NKCE5U69HB8JAUTU,1299.0,399.0
RTRDETBCPG9XNHUY,6129.0,4399.0
NKCDTAXFXWPKGZAN,495.0,371.0
PBXECGSYJNWKE7H9,599.0,280.0
NKCE9ZYHN26G65YJ,999.0,299.0
CAGEBTGHYPYZNWQA,390.0,350.0
NKCEB7CE7G7JHQPA,499.0,499.0
PBXEAT5YEBXXHPEW,399.0,299.0
NKCEFH7VQHFM5GSY,475.0,475.0
PBXEB4Y84YABFGCG,898.0,315.0
CAGE8PKG4HSNQQKY,180.0,165.0
NKCE9Q93HGJVPUFS,680.0,350.0
RTRE978WCZ6B8GPW,2500.0,1790.0
NKCED7FPT2YG2GGS,495.0,395.0
CAGE68FFHV6CRPKF,350.0,300.0
NKCE9PFFVPDMZUUR,599.0,399.0
PBXED9Q2KYPCDYQX,150.0,110.0
NKCEAUABGGYK32GX,940.0,475.0
PBXE9RAMEEYHARYC,499.0,275.0
NKCE6NHRGBEHGZHB,399.0,359.0
CAGE2MACSYZCWHFG,360.0,320.0
NKCE52CSZEWSNY3V,280.0,249.0
PBXE8FW6BHGW7GQY,169.0,154.0
NKCE6NHSTFPRNH4S,350.0,315.0
PBXECUFGDMEZWMYB,999.0,699.0
NKCECKHYWHKURS5H,499.0,499.0
CAGEBTGHEHZHZGK3,390.0,350.0
NKCEFP3J2FKVYFRG,4499.0,449.0
RTRDYKYKKGPHZGHY,4200.0,2799.0
NKCDSXA5G2KQYSAS,245.0,215.0
CAGE6FYKQHFNZZ4K,360.0,277.0
PBXE5SUCMQSQA7G8,99.0,71.0
NKCDTAXFESVCMRZK,195.0,195.0
NKCEFFFPGEJSTBJP,1200.0,199.0
RTREFR77EH5G8AH4,24040.0,14200.0
NKCE45SJXTBHBFPX,399.0,399.0
RTREBNP7H56PZ9US,3995.0,1095.0
CAGE8X8XYH7TCUBF,500.0,400.0
RTREAYAG9RFZPYNP,2999.0,2699.0
NKCEBFEHYQRTUBZK,299.0,249.0
PBXEA92SYTPCDYMB,299.0,199.0
NKCDSCF3TK9UEFAN,399.0,199.0
NKCE6TNZFQRQAYRZ,1016.0,249.0
RTRE3F95FDUDKB8Z,1999.0,1325.0
NKCEBFKHEJTBTMK4,400.0,199.0
PBXE6ZHNEV6RHNYG,349.0,230.0
NKCE9AZM3GVSMZPT,1000.0,199.0
RTRDPFNAFVJAXHTA,5555.0,4550.0
NKCE9YFB8UHTCAPF,699.0,239.0
PBXE5ZJZQ57TTUP9,359.0,249.0
NKCE966EVHN4AM4H,1110.0,425.0
NKCECZFZAFEHW73X,499.0,399.0
PBXEAJVRV5HNMDTR,375.0,280.0
NKCEB5BVMYFMHAQH,499.0,499.0
RTRDMTEPFH3EVUM6,1499.0,1250.0
NKCE96SXZUY5TZPS,1200.0,250.0
CAGE644DAZMN4V27,400.0,355.0
NKCE5U69CGGXVG4C,1399.0,449.0
RTRE2PJPQTZHAH4H,3990.0,2499.0
CAGEBFPEVT4JFGPC,375.0,360.0
NKCE9YX2PG9ZNCP2,325.0,162.0
CAGE7CZRJ39MZ33R,360.0,319.0
NKCE2B57DXAZBYER,350.0,350.0
CAGE46YZPYX7BVUK,398.0,290.0
NKCEA5FHH53NDT9H,499.0,249.0
PBXE4Q7YBMXJ53ZG,59.0,41.0
NKCE9Z2J5XF5GDCP,599.0,399.0
PBXE6Y58AMCYCZPF,129.0,99.0
NKCECXEAF6GMGJTF,999.0,299.0
CAGEBPNURY2W7W4G,398.0,360.0
NKCE3H6BMFZKYYYH,399.0,245.0
PBXEAHS5F5ZQDU2B,699.0,499.0
NKCE7ZNG3SYNHGH8,1000.0,299.0
PBXE4RB3Y3GXWPFV,199.0,149.0
NKCEB774ZFTSYG2V,325.0,325.0
PBXEDDEFFMKZM3HG,550.0,550.0
PBXE9GF9BRSCSGVV,600.0,420.0
NKCEAP3S8VXVE2QY,999.0,247.0
PBXEACG2NG3RZZAF,249.0,159.0
NKCEDCT9Y2YDXE7H,1099.0,399.0
CAGDY6GGGVXY9ZGS,380.0,340.0
NKCEYFBZMQBZTFHS,1215.0,486.0
RTRE2V3Y6FWVHDW5,3570.0,1700.0
NKCE87C3C9QYYBTM,695.0,486.0
NKCEBKWHPFP3FDUS,799.0,299.0
RTRDFFYGKJAXPUUG,3099.0,3099.0
NKCECKHYZVHBQU9F,399.0,399.0
CAGE7CJVGGHQYZDQ,379.0,370.0
NKCE7N8NK77HV7SS,270.0,150.0
CAGEBKYHMNZNNBG2,599.0,399.0
CAGE9ABAQS8WKHHY,410.0,399.0
NKCE4VJGFTVFFPAR,1999.0,279.0
NKCEAVZ3WYCAHGS2,399.0,399.0
CAGE44J5UXNHXFYH,598.0,399.0
PBXEAN79RVRE7T3J,599.0,360.0
NKCE4PZ6NFHQH3ZY,899.0,449.0
NKCEFFFP3QPZXBFU,1200.0,299.0
NKCEBUPHRGF95VC7,275.0,245.0
CAGE8X8XDEUHD3JS,500.0,400.0
NKCECHX4UCYT4MYX,899.0,349.0
RTRDZ7CGNGRHHRCM,7105.0,6990.0
CAGE4BQXZ3BGVT6P,395.0,330.0
NKCECZPZ8WCCFGRV,340.0,300.0
CAGEBTJBNDAJ5DHY,390.0,350.0
NKCEAX7H3VHGGKGY,699.0,329.0
RTRE3Y3YZMGCE3AB,9030.0,3000.0
NKCEAVZ3C9CRDB6Z,399.0,399.0
PBXE5YG7UGWA6MTM,169.0,152.0
NKCE3JRM9JFFFGEG,299.0,199.0
PBXEBQGMQMEYKCZU,409.0,409.0
CAGEBTJCGUEVTXR9,409.0,389.0
NKCEB2S9RKFKKHBJ,313.0,250.0
CAGE5PHY7ZHR6GC9,360.0,277.0
NKCDYFHQAKQ62MHT,790.0,499.0
CAGE9ABBTS3Y9DHB,433.0,402.0
NKCE9PFFPCQPTFGW,599.0,399.0
SCHE4YST2DH7X2YC,176.0,95.0
NKCEAX7HGAK22MYJ,999.0,399.0
SCHE4YST3GFY8AYU,492.0,346.0
NKCEACWN5GXUC92H,650.0,358.0
CAGE4Y4FZ7H9JZTB,390.0,375.0
NKCE57RNSUMMAQCT,600.0,165.0
CAGEBTJBB5X8GCF8,390.0,350.0
NKCECARBX85NCE3P,950.0,480.0
CAGE7NV6JUTZVFXV,525.0,519.0
NKCECGT3BZDXZ3ZH,999.0,349.0
PBXE78PHNHDKDWJV,599.0,199.0
NKCEDCT9MZNZ7D8B,1299.0,499.0
CAGE6XN5AEG8HZNB,360.0,331.0
PBXE5CFUTETHWRZH,179.0,179.0
NKCEANMPZYMHYEA3,699.0,239.0
PBXEBDU8FY5Z84CZ,550.0,298.0
NKCECZNMRRVZ9YWF,320.0,285.0
CAGE22EEX2HKGXFQ,525.0,299.0
NKCE9PFFGUZHVSED,599.0,399.0
NKCE9PFF3UQPVZCG,599.0,399.0
NKCE8PD63Z5RJTCE,700.0,375.0
PBXEBWY3QC5WCPHS,199.0,195.0
NKCE8RB52VWTPE6X,499.0,449.0
CAGE68FFHZRTSZS5,360.0,350.0
PBXE829GZCCGKCXX,179.0,99.0
NKCE87C3VRMZFGJG,395.0,245.0
CAGE5NGBPYY9UDZE,390.0,282.0
NKCE6YF6WEFEK9W6,2499.0,229.0
CAGE6HHHUHFQSAPW,400.0,334.0
NKCEAGXHYGDBWMWZ,349.0,299.0
PBXE4QFH2BXJGRMG,299.0,149.0
NKCE4PZ6UJQG9QQE,599.0,299.0
NKCED6HQP5QHVGGP,1000.0,399.0
PBXECYF3YHWYG4UN,999.0,349.0
NKCE57RNNPHXZ6U8,360.0,165.0
RTRDYKU6F2GVR3CR,6570.0,5555.0
NKCE6SR4KPYTZEGF,290.0,261.0
CAGE3GFTQ3UHZ4TC,598.0,444.0
NKCE6DPDXBXQ7W3A,395.0,195.0
PBXE9GF9XZTGMCRG,500.0,320.0
NKCEAX7HXGTWCZPR,599.0,329.0
PBXE5CFUQCWNW8HM,129.0,129.0
NKCEAY3RKEPGNWWV,379.0,379.0
NKCE2MBFEMAJTEBD,600.0,299.0
PBXEAZ85KCZED6ST,699.0,425.0
CAGE75T9YPZYXPZH,399.0,339.0
NKCE82VU8FN6BHEE,899.0,380.0
CAGE7NK9GT9GQKH2,418.0,399.0
NKCDUEHCBEY7YZV8,1200.0,499.0
CAGE8PKGZJ5NFT7X,190.0,165.0
NKCEBFWTSMKDQZMR,940.0,475.0
PBXE9T4SWW4HSFGJ,700.0,700.0
CAGE8TQ8A7TPFYZN,500.0,400.0
CAGE68GGZGTFPZAE,380.0,324.0
PBXE7QPWMSS5XGPZ,249.0,160.0
NKCEAX7HNVFHWG3G,599.0,329.0
NKCE2RPCBRZFJZZM,1100.0,399.0
NKCE9YX2JQAYDHSV,879.0,395.0
NKCE38HBN4GUJQHY,299.0,199.0
LEAE8UKZFQRUTMAG,2000.0,1800.0
NKCE8RB5PMVBAG7W,425.0,383.0
PBXE6XUJFPETZWF4,299.0,299.0
NKCE6SR4MNH7ZY3V,290.0,261.0
RTRDW77Y4D3QTBUG,1999.0,1080.0
NKCEAFA9TT2YCXGF,1300.0,349.0
CAGE8X8XXY7YGMFM,500.0,400.0
NKCEDCT9S7TUUY5E,1299.0,499.0
RTRE8EHVG8MKE29S,11199.0,8999.0
NKCEABYZH92FDYDD,799.0,450.0
PBXEBJ4N3HJZ7R3G,399.0,299.0
NKCE92XFGJDCZMES,1099.0,249.0
CAGEBTGEZYMKVZQV,390.0,350.0
CAGE8YBK9KPUMPBY,400.0,400.0
NKCED6EXRYZV74VY,699.0,399.0
CAGDU9C3ZBMU4CGR,370.0,199.0
RTRDNGVMAKRQKH7Y,3999.0,3246.0
NKCEASCZBAEB2Y63,599.0,449.0
NKCE6UWH3WCEYB79,699.0,199.0
CAGDYPBWA7RBUBYT,130.0,99.0
PBXE6EF4PSJX9WXH,350.0,300.0
CAGE6FYKP34GA4GF,360.0,277.0
NKCEB3ZCW2HXUSFX,325.0,325.0
NKCEBWSUDJHYA9PC,290.0,245.0
PBXEC8ATPF5FE9CF,499.0,185.0
PBXE7EQQFJGHQVPH,450.0,400.0
NKCECFGDWG3FWPXE,350.0,300.0
RTRDQZ8Z72FRMKGX,3500.0,2198.0
NKCEFNPK5GSEHVPA,399.0,399.0
RTRECBJ4RMARF56B,6000.0,2299.0
NKCECJ25AS9WRDVU,500.0,250.0
CAGE8PKGYQCUEZV6,180.0,165.0
NKCED6HGZQZFG7VQ,1000.0,399.0
RTRECRF7ND5CVZZX,2599.0,1999.0
NKCECKHYZJ9G5KQH,499.0,499.0
CAGDU85YG8UZE7MX,370.0,210.0
NKCE9Q93CMQD3FUG,825.0,425.0
PBXEACG29J4ZFS5Y,299.0,149.0
NKCEB98TPPZE4KFB,499.0,249.0
CAGEBTJBHF6WFSUC,409.0,370.0
NKCE966EGJPEYUUF,950.0,289.0
CAGE44J56KZG2CH3,498.0,344.0
NKCEA5FHSF4NWKBT,499.0,299.0
RTRDNHMRFZTR3ZPZ,14200.0,14200.0
NKCE4PZ6HYWFZUAN,799.0,399.0
PBXE7YBGGQSJXDNZ,500.0,450.0
NKCEA5FHBGJ9JPFY,249.0,199.0
CAGE8TQ8SCDEBG3D,500.0,400.0
RTRDZK8XRESZY5YT,2800.0,1105.0
NKCE5UY97ACC9QAZ,399.0,399.0
NKCECZNMZJGZFS43,350.0,320.0
CAGE68FFZ2ZWZVHQ,360.0,300.0
CAGE8PKGVCNS7JCH,180.0,165.0
NKCE76TNPGCGMMJA,699.0,229.0
RTREFDXTYEHF94PJ,2399.0,600.0
NKCE84YJJTUGYFVN,550.0,425.0
PBXE9YWGS6S6HCQF,380.0,230.0
NKCE6UWHWNCNCFQF,1499.0,299.0
PBXE4RB4BZYTMFGY,299.0,249.0
SCHE4YST9GWW8WHW,191.0,153.0
NKCEAY3RDWHJHRRP,379.0,379.0
RTRE43RGQSPGXPYF,3990.0,1850.0
NKCE74XGF3PPAZ3Q,450.0,399.0
NKCECPQAGXHB56HY,699.0,199.0
CAGEYUXVF2FNARKD,355.0,310.0
NKCE6HZQSMTECZBC,399.0,359.0
RTRECZANMW6UAQ5A,5249.0,5249.0
NKCE9GY4HKPNJVXD,499.0,499.0
NKCECGVAMX6ZGEVH,899.0,399.0
RTREY7SCBFRRC9Z3,4000.0,2559.0
NKCECQYZ24MSM3ZZ,1360.0,475.0
PBXEBQGMTRBTWHUB,459.0,459.0
NKCEANMPQABUFANV,699.0,239.0
CAGE5UR64GKHG7ZS,360.0,330.0
PBXEBQGMB7MUCGSG,359.0,359.0
PBXED3USHARGGZYU,499.0,270.0
CAGE7DSFQGVEGHC8,379.0,357.0
PBXEA7NX6KNDHYH3,499.0,349.0
NKCE25R8XM3B6Y96,1150.0,416.0
PBXEAT5Y5YSQVE2D,499.0,349.0
NKCE9FZHWQEUAG4S,499.0,199.0
CAGE7NK9NNWVPYGZ,418.0,399.0
PBXEA2CGDY6EXTAD,400.0,400.0
CAGE6DFWZE3GCFVE,340.0,340.0
PBXED695ZMGYHZST,299.0,90.0
NKCE6TNZC77VFFDH,2376.0,499.0
PBXEB34ZWNXHWUGV,450.0,415.0
NKCE77RVZGZBCAD8,699.0,355.0
RTRD6FYY9KH3BBGZ,4420.0,2479.0
NKCEBUWJAFBUGGBB,699.0,349.0
PBXE68H4BURDZ6VT,300.0,270.0
NKCE8NX2KUH7ZV3F,1000.0,199.0
PBXE5ZJZYXTE8HJZ,199.0,159.0
NKCE9PFFEKXPXZ4U,599.0,399.0
CAGE4GF7UWGZHN7J,360.0,340.0
NKCEBFWTWTBZAJKH,835.0,425.0
PBXEBSK8Y64GE3SN,499.0,165.0
NKCEBF3YZPDEAYRR,790.0,474.0
RTRDNGVMW9BGYHPH,1500.0,1030.0
NKCE34THRZVZMFHC,1999.0,299.0
CAGECHKFHCDYVHQQ,400.0,360.0
CAGDU85YWUCGG8JE,370.0,210.0
NKCE5ZHWVMKDR39H,349.0,279.0
CAGDUDG8FHXXUYJS,555.0,299.0
NKCE3KVS9DFHXFPH,399.0,210.0
CAGEFZWRZGH3HNQM,340.0,240.0
NKCE38HCHH7XVHZ7,299.0,199.0
PBXE4RB3HNFDXGGN,299.0,249.0
NKCEBHGBMSHW3PJW,799.0,359.0
RTRD3849TERR75YB,9500.0,6500.0
NKCECHX4HHSQQYJZ,649.0,248.0
RTRDNY65ZSSBBXCZ,2500.0,999.0
CAGDTN27YZNDEZFY,540.0,389.0
NKCEFKBYZSGGQFSZ,399.0,279.0
CAGEBTGGUDAHNG8D,398.0,360.0
CAGE5PHYMTKW2GGR,380.0,319.0
NKCEC8ANGCPBJRZ8,1080.0,486.0
RTRDA4U7RSHNZEGW,5500.0,5500.0
NKCEAUR33ZA8MDMG,399.0,149.0
PBXE5YG7STNRNNUH,299.0,269.0
NKCEB3XAKJ6XEJQE,599.0,499.0
PBXE5RQBGBH7NBPK,299.0,199.0
CAGE3FCZBJNEY2CG,599.0,368.0
NKCDXPZS8AZMWHZB,399.0,350.0
CAGEBXZ4UGZU65ZV,570.0,299.0
NKCE9PFFYZYCKJFB,599.0,399.0
CAGE6HYJDNZJVADS,398.0,272.0
NKCE9YFC9UXPW37M,699.0,239.0
CAGECHKFSKVSD6HE,400.0,360.0
PBXE87SPZTGXRXBH,625.0,275.0
NKCE96SXCF8BNZN7,1200.0,250.0
CAGEYUXVZSFVZRHE,355.0,310.0
NKCE5HYVQV5ZKAMB,599.0,299.0
NKCE9PFF3WZAZZXG,599.0,399.0
PBXEAMACZC3KRYNE,275.0,220.0
NKCECGVARVRMARSS,1099.0,399.0
PBXEBKWJEADHCZVN,798.0,245.0
NKCEF9GTEWAJD6NH,1100.0,499.0
PBXEBJ4NDUDBACYP,399.0,299.0
NKCDY44FGGMCTAS6,899.0,450.0
CAGEBTGENZ9HQGQR,390.0,350.0
NKCEFFFP9THXHT7P,1200.0,199.0
NKCECGVAZYG6SF5S,1099.0,399.0
CAGE9AGR4VWWTDY4,500.0,400.0
NKCEDHHPHWD9JCGA,799.0,479.0
RTRDYYTZSUUNFFUT,3999.0,1710.0
NKCEAGXHHH8ADGUN,399.0,349.0
CAGE9YTNNKYZ2GAS,398.0,350.0
CAGE5HYNQNGHJ2TY,398.0,388.0
NKCE8RB5SGFRBZNY,465.0,419.0
CAGE8SCPTWXNZWC6,500.0,400.0
NKCE49ATNPFHH5N4,800.0,349.0
CAGE75QCGVXYV78T,375.0,340.0
NKCE2RZCZZ7QDA9K,1100.0,399.0
NKCEBUPHWD8K5JRM,430.0,310.0
RTRDRJF8GJ5AFZTG,3300.0,1995.0
SCHE6KDTKAQB5EBB,1005.0,653.0
NKCEAFTPSQFQHGFE,325.0,275.0
NKCE9PFF3GCQYWHR,599.0,399.0
RTRE4EY9HHDVPVG6,5999.0,1399.0
NKCE9PFF5XE5AJYU,599.0,399.0
CSOE94WX5Q7RCTMU,899.0,199.0
PBXE7V9ZUUH8FZSZ,249.0,245.0
NKCEAVZ3EDVJNXMT,399.0,399.0
CAGE6FYHBF3HYBWE,398.0,319.0
NKCE6GJ5GD7KR8KZ,987.0,299.0
NKCEAGXHHYWNKU5V,279.0,249.0
RTRDPA9FNCRGS8UZ,1199.0,1199.0
NKCEAVZ3FCDEUZHG,399.0,399.0
RTRE3WYAU6HNKCGS,4500.0,1700.0
NKCEA5FH4WFEN68W,465.0,299.0
CAGE8WYMHA8KZPT8,500.0,395.0
NKCE7ZNGGKGZKEYG,1000.0,299.0
CAGE745BJ67RZCRR,360.0,348.0
NKCE52CSJEGXP6FR,250.0,200.0
NKCE9AZMPE3PJPEW,1000.0,199.0
PBXED9Q2FHGMGYHK,100.0,80.0
NKCEASCZ8EVWGPBZ,599.0,449.0
CAGE3FX7HWMQAPCG,499.0,310.0
NKCEABYZDD5Z63ZX,810.0,499.0
CAGE8TQ8ZBEZQERG,500.0,400.0
RTRDFFYGSSX2BYWU,8199.0,8199.0
NKCEBVFYZHDYZGHD,600.0,299.0
CAGED6GK44DCXKZM,398.0,360.0
NKCE96SXM2ZED2XF,1200.0,250.0
PBXEANB7RWNGKNVY,349.0,249.0
NKCE9ABEZP4QYJHM,599.0,295.0
CAGE68FFFPTGVEQQ,360.0,350.0
NKCDYGA7HK76EBFC,899.0,449.0
CAGE68FGTG6SUWHQ,360.0,350.0
NKCDSRPA8HZF94S4,395.0,265.0
PBXEBHJDV72XGT5C,475.0,399.0
RTRDHCXZPWGDJRVH,9999.0,5300.0
NKCE2F33TN7SZB6N,999.0,399.0
CAGDWGCSQTYKCUG7,316.0,290.0
CAGE7BZ5CHRWATQ4,379.0,370.0
NKCE9YFBXQJTGQEZ,699.0,239.0
RTRE2TYNWTGTPE8D,1995.0,895.0
NKCDXPZSBFCYVZNW,499.0,499.0
PBXE5YG7MMHWGM5C,169.0,152.0
PBXE68H4WBX5AFCH,300.0,270.0
PBXEAJVRRK6MXXKH,375.0,280.0
NKCEDCT9P27QHHQC,1299.0,499.0
PBXE82KPEFNGC5CH,449.0,390.0
RTRDEHFF6AJRARJ3,2800.0,1340.0
NKCE8RB5WMWAWNHJ,499.0,449.0
PBXE5YG7PBGVAMD2,299.0,269.0
NKCEAKKRNRCZZDV3,999.0,295.0
RTRE3KKXMVHMRQ6C,4499.0,2849.0
NKCE5MEFNMMWJ6NG,599.0,350.0
RTRE93J4UYHVQAKG,2399.0,1799.0
NKCEABATK2R74GPJ,2300.0,449.0
CAGE6FZQH7KMNAKA,375.0,350.0
NKCEB8BGBQQ82HFK,325.0,325.0
NKCE5ZHWX6Z8PBFH,449.0,299.0
NKCED8HZ3VQRHGGF,595.0,495.0
CAGE3SHKHTZCTFPJ,500.0,479.0
CAGE8X8X5QEP5BWM,500.0,400.0
NKCEFH7VWH8UE5AD,1130.0,400.0
NKCE8NTQZZDFGCHB,699.0,499.0
CAGEBTJBRFGAUQQB,379.0,340.0
NKCEA7PWGHECGJN7,770.0,345.0
RTRDWGAKVZK8VQ9R,7192.0,5700.0
NKCE96SXDZKCXRVU,1200.0,250.0
RTRE8GJTHFTTDZWA,9600.0,6190.0
NKCEASCZPRTXMMRB,699.0,449.0
PBXED6C4RKBW8SRE,599.0,399.0
NKCE9YFBNZRPZNDY,699.0,239.0
CAGEBTJB5SZDNYXY,390.0,350.0
NKCE9YFCEG5FXMAH,699.0,239.0
PBXEAFTPFDK6BRHK,349.0,249.0
NKCEAJP6W76CRZXU,249.0,229.0
RTRE2XBZFFEZRCFZ,1449.0,800.0
NKCE2F5HAT2RPJEY,999.0,499.0
CAGE68GGH2PGY4PX,360.0,360.0
NKCEBHGBUUUYMT2Z,699.0,314.0
CAGE2XC2CTC2TWRJ,380.0,349.0
NKCE9PFFMWSQ9CYY,599.0,399.0
PBXEAJVRSJFJ2APN,375.0,280.0
NKCE2F5HTYH38P8P,999.0,450.0
CAGE8PKGND7HHGEW,180.0,165.0
NKCE8T78YZYEQYDD,499.0,449.0
NKCEBVGGUEZCJZZR,738.0,369.0
CAGE5JR3BJGJKTF5,600.0,330.0
NKCE9PYYGDUEHZGH,699.0,259.0
CSOE94WXKFHZHW9R,899.0,199.0
NKCECQYZYNJ7ZDMD,1020.0,450.0
NKCEAZ6FXQFHJH2Z,599.0,299.0
CAGEFPY975UBEZMF,340.0,240.0
NKCEDCT9KKXBQTND,1099.0,399.0
CAGE5NGBUYYEVZ8S,380.0,280.0
NKCE99G6ZZBWNA2D,850.0,340.0
PBXECQZ6HRZWRFAQ,350.0,299.0
NKCEDHHPRYYZURBG,749.0,375.0
NKCDXVF9JX7JGBZH,459.0,266.0
NKCEFXYQ3AZGTBWY,999.0,499.0
PBXEAKAESZQZKYFS,375.0,280.0
NKCDYG8BDVKZ7GP8,1299.0,499.0
RTRE9N5GJGJ2GMRV,1990.0,1190.0
NKCE4PZ6YXXW7SPR,599.0,299.0
RTRDP2GSBX4AF7FK,2999.0,1887.0
NKCE9ABEYD53HSVG,699.0,247.0
CAGDTN27KGFHHVHJ,540.0,349.0
NKCE6NHRGQJHWFDK,320.0,288.0
SCHE4YSTDVPVZVXW,205.0,164.0
NKCE5U69RBZRVJCQ,699.0,399.0
CAGEBPNU8TKUG6NM,398.0,360.0
NKCDTAXF2EYZ7MP8,395.0,296.0
RTRDXV6BA5PZAEPH,6700.0,4850.0
NKCEB99XVREBFY3X,950.0,400.0
PBXEAXGWYNVUUQVY,299.0,220.0
SCHE7YGX8SSZCHA2,11500.0,8750.0
NKCE3KVSXWZPHFB9,999.0,299.0
NKCE8RB5ZXQ4HGGZ,450.0,405.0
SCHE6QAQMZH4ZYZZ,1050.0,735.0
NKCEABYZYMNATYGH,799.0,450.0
CAGE3MWEW2FZFB9P,428.0,359.0
NKCEA5FHZSG4SVZP,299.0,199.0
CAGE5GYKTZWZSHXN,1000.0,379.0
NKCE9Z2JTCBDBXJV,699.0,444.0
CAGECHKFAMZCKPFT,400.0,360.0
NKCDXPZSMKHNBSE4,650.0,325.0
NKCE5T3GWGUKAJMA,500.0,350.0
NKCEB99XZPVZY3QZ,950.0,400.0
NKCE9ABEH2G48VYY,499.0,285.0
NKCE9JBQXHRVAGRE,699.0,299.0
CAGE6FYKVGJKEGCH,380.0,328.0
NKCEB2S9CGCM3CCQ,312.0,250.0
CAGEA3JMBZUV5DQV,950.0,398.0
NKCEASCZT3V6YGJV,499.0,299.0
CAGDTFSHTF6TRBFZ,250.0,250.0
NKCE7M3QTHTCGVVF,1000.0,399.0
CAGE8X8X42FZCBSF,500.0,400.0
RTRD7HN3BBE7G9YT,1999.0,1414.0
NKCECGVBZZZPBKHG,1099.0,399.0
NKCEBQ7BUZ3VXYNR,799.0,499.0
PBXE9YWGTS7NGYKT,330.0,195.0
SCHE4ZYTVE8DY5PP,214.0,171.0
NKCE6SR4THDNESUG,290.0,261.0
PBXE8WPTPZSCW8UP,499.0,249.0
PBXEAP3SWFZRHZ6G,999.0,650.0
NKCECZG4MZTFB6PT,640.0,325.0
SCHE3Z7QSNH783YG,810.0,810.0
NKCE3KVSGZEDVAGP,379.0,299.0
CAGDW63HG5JBCVGA,498.0,275.0
NKCE6SR439RWHWYG,525.0,467.0
NKCE4VA4EDK86BCN,599.0,299.0
NKCEF9GTUQ8YGUNX,1100.0,399.0
CAGDU85YYWZHHNGT,370.0,199.0
CAGE8PKGGUZZW8VB,190.0,165.0
CAGE6XN5KFGMR4Y6,540.0,450.0
NKCEAX7H6C9JAZ26,699.0,299.0
CAGDRJJ3HUNXZPND,380.0,360.0
NKCDW898GSGZQGGY,895.0,215.0
RTRDPEUPQRZGWHGC,21999.0,15200.0
RTRED5CEHUHGUVAH,4999.0,2700.0
NKCE9YX24KHRDNHG,899.0,404.0
CAGE6SYMP5TEQVMT,540.0,360.0
CAGE53FSJHRA3SKZ,398.0,358.0
NKCEFKBYMVQBZ3JF,349.0,209.0
RTRDYYTZVSFZQXWF,1999.0,1270.0
NKCE37HAJPYDADQF,800.0,400.0
CAGE53FSAFWZRHFF,360.0,329.0
NKCE6HZQBRWBYZNZ,399.0,359.0
RTREF3PRF3M9FMEF,2450.0,1590.0
PBXEDARPG7AGKETE,420.0,397.0
NKCECPQAWZVEF8YY,899.0,129.0
SCHE4YSTCB92H59Z,174.0,163.0
NKCE9AZMHCFQHHPX,1000.0,199.0
CAGE4BQXK3FSTRRS,398.0,370.0
NKCEANMPKCEZADTJ,699.0,239.0
RTREY9XYN7YUJTFR,4200.0,1859.0
NKCE6SR4N6ZGQ9FN,290.0,261.0
RTRDZK8XGGZXJXEA,1500.0,1231.0
NKCEB2S9K2BFQHJZ,325.0,260.0
PBXEBQGHT5PYSDHM,359.0,359.0
LEAEAZDSZYFTQNSD,899.0,249.0
NKCE9YX2QXHJZ6MH,899.0,449.0
CAGE7BZ56MVQGKAB,379.0,370.0
NKCE6XU6DA4HYYGN,400.0,350.0
RTRDMNVF7CQ3HAHU,2999.0,1910.0
NKCE5U69RSYAXMH2,699.0,249.0
CAGE68FFGHVHG38M,350.0,340.0
NKCE6NHRG8RFBZED,350.0,315.0
PBXEAKMVAF2VYG6A,599.0,349.0
NKCE6GJ5KDEJAAJX,987.0,399.0
CAGE8PKGXDZFUTHH,190.0,165.0
NKCEAY3RMGDD9DCS,379.0,379.0
CAGEBTJBTNGGDZQZ,390.0,350.0
NKCE4VA4WZWGGXUT,650.0,350.0
PBXEBQGM4J4AWAWF,459.0,459.0
NKCE6SR4GUVUYSTE,410.0,369.0
RTRE387ZG6JUHDHP,5999.0,3790.0
NKCECKHYH64EPAVZ,499.0,499.0
CAGE9ZGYNRZCKNEF,338.0,299.0
NKCEBFWTZFCYPFQJ,999.0,449.0
CAGE5QSZMRV9VBGH,380.0,319.0
NKCE7H5KZTH3V6AF,725.0,375.0
NKCDX3BHQDPKVJ9A,599.0,250.0
RTRDPEG7ATGCPYZS,2450.0,999.0
CAGDU9C36EBYPDRP,370.0,210.0
NKCE4GF8ZXFXNF9A,1249.0,449.0
CAGE8SCPX394WVJT,500.0,400.0
NKCE3MVWGRGTJEY9,4499.0,289.0
CAGED6GKZ3YSVSAD,330.0,280.0
NKCEANMPKHFZMHNH,699.0,239.0
NKCE7H2EF53YKKUT,1000.0,350.0
NKCE49ATZKM7MGZA,850.0,449.0
RTREBWVASMXDVRNG,8610.0,2999.0
NKCE9Z2JQGBBSMTM,899.0,299.0
PBXEAY9JJ77CHRZY,350.0,225.0
NKCE7KY4YRMECRVN,840.0,499.0
RTRDQZMJYG3JQ7PM,2850.0,1220.0
CAGE8PKGYFGQQYAE,180.0,165.0
NKCE4VA4KTPKY7E5,499.0,250.0
CAGE7CZRW6MNSUH4,360.0,324.0
NKCECZFZWBDN26NY,399.0,299.0
CAGE76FNT9D99PZK,389.0,350.0
NKCEC87S2ZAZBYAR,1080.0,486.0
CAGED3YQSJXNZRJF,375.0,356.0
NKCEDCT9HMYQSMGV,1199.0,499.0
RTRDHYYVXHYG93NF,8000.0,2790.0
NKCE5QGT7GFDSUZK,399.0,399.0
CAGEBTJBA4ARHRUC,390.0,350.0
NKCE869DXWNP2VAJ,520.0,425.0
PBXEAKUHWSQ6SJUJ,275.0,210.0
NKCEFFFPSG28KBZR,1200.0,299.0
PBXEAP3SGKSH89XC,650.0,300.0
CAGE6FZQTM8FEV5V,360.0,340.0
NKCEA5FHTTNBHR2J,199.0,149.0
CAGED6GKHZWGTZG2,398.0,360.0
NKCE2NKZT6GSFFV5,700.0,400.0
PBXE6E6YDZDNVKQH,345.0,295.0
NKCEB6ZB6FPZ8D4X,999.0,449.0
NKCECB9KEYRV2SU2,1499.0,450.0
CAGDU9C3QVCBMQKQ,370.0,210.0
NKCE6Y3MYHDXXN9U,1199.0,399.0
RTRE9JEGMXHZ5RHQ,2730.0,1079.0
CAGE8FG3CYVFG2GM,370.0,149.0
NKCEB98TCDAD2Y5G,499.0,249.0
NKCEBMDCBHGAGDGN,850.0,425.0
PBXE6ZHNGZREWWHR,349.0,280.0
NKCE6Y3M64RTXY2F,999.0,399.0
RTRDYZCGGJFBU6XM,5999.0,4042.0
NKCECDCRWDMZEH2Z,1080.0,486.0
CAGE3FX7XZGYHGRJ,499.0,249.0
NKCEYUVRMSXPH3PZ,499.0,249.0
PBXECB2GXAP58DXR,399.0,179.0
NKCECJZE5SEZKQYH,599.0,269.0
PBXEAKUHQRXHJTXG,249.0,195.0
RTRD8FPJEQRZ6BEM,3450.0,1950.0
NKCE5XDEWDYXBG5G,349.0,329.0
NKCE3JRMZFZEGEHT,499.0,199.0
CAGDSGY5KU3VWEAY,525.0,299.0
NKCE2RPCEMFCSMB5,1100.0,399.0
NKCE3KVSKNUUVJDQ,399.0,240.0
PBXE7YYYF4Y48TYX,299.0,179.0
NKCEF9GTZFPFPKD4,1100.0,399.0
SCHE66FDVYFCAC8K,355.0,319.0
NKCEA5FHZUYCYZZJ,499.0,399.0
PBXEACG2WYG27YG5,199.0,110.0
NKCE9YFBBNJ82UVB,699.0,239.0
CAGE6FYK6VKUMRTT,360.0,277.0
NKCE2NKZGKZ7TVUE,399.0,399.0
CAGEC89TT7G27CSF,225.0,200.0
NKCECG6ZUYZUVFZG,800.0,450.0
PBXEAHTCHTG62WSA,375.0,275.0
NKCEACYSTHNBFPM8,500.0,200.0
NKCECNPWFDY8TDZZ,650.0,403.0
NKCE6WUX8GDWXJCY,499.0,249.0
CAGE8SCPNS5RCE4V,500.0,400.0
NKCE5TFVHZDZTAYH,380.0,320.0
CAGE6FYKT4NSENUS,360.0,328.0
NKCE3JRMAKGHBCAC,299.0,199.0
CAGED2WWK3RGQKMU,280.0,280.0
NKCE3JRM4BDRUZVE,299.0,199.0
RTRD6FYYUQZJBY6F,5990.0,4399.0
RTRDA4U7UE3Z7UMB,11500.0,8200.0
NKCE5MEFYG3PUGXK,599.0,350.0
PBXEBACDET3D2KFB,499.0,275.0
NKCDV7N6PQKSXEWH,1010.0,480.0
PBXECQNWHFJT9HNH,350.0,299.0
NKCE38HBGUZ6W6G8,299.0,199.0
PBXE4Q7YW6GNMRTE,59.0,41.0
NKCEANMP5H8CTXUQ,699.0,239.0
CAGEBUD2ZWTAAHHV,600.0,395.0
NKCE9PFF32BZCHTX,599.0,399.0
RTRDMNVFYZZBXT3G,6499.0,4550.0
NKCE38HB3Y5YH3UF,399.0,249.0
RTRED6E9SATRZZH5,3990.0,2450.0
NKCEANMPAJGAFRPZ,699.0,239.0
CAGE46YZDCJFGGHV,398.0,339.0
NKCEAHPFDKUM4G4G,449.0,449.0
NKCEFH7V5FBFHQW5,300.0,300.0
CAGE5PHYBZBHTRYS,360.0,324.0
NKCEFFFPMMZTGRPX,1200.0,199.0
RTRDQ4HQC6A4ZC4G,7490.0,7490.0
NKCEAFA9DJYHKHUT,1300.0,349.0
PBXED6BFGYEGYNHE,299.0,90.0
NKCEAVZ3EYJ8U4HN,399.0,399.0
PBXEACG2UYPXGRYD,199.0,110.0
NKCE6UWHJPBKGHZ5,699.0,199.0
PBXECMKVPRYTEHTZ,699.0,149.0
NKCE9PFFUUT9JMYP,599.0,399.0
NKCE9ABEXSYBVBVB,599.0,299.0
RTREY7SCGRHBZRSF,2500.0,1787.0
NKCEBUPHCTNFDEYY,299.0,239.0
CAGED6YFBH8NZQM8,280.0,280.0
NKCE9Q93MYCJC4QF,965.0,490.0
CAGE8PKGGGHUXMEN,190.0,165.0
PBXE5YG7HEHYPJJU,399.0,359.0
NKCDX3BHHAQYXSKF,670.0,335.0
CAGDUNH36EAX85G8,540.0,448.0
NKCEA5FHTMXWF5MK,499.0,299.0
NKCE6GJ5VD6BFU7X,987.0,299.0
PBXEBHJDWFN2KHCJ,549.0,499.0
NKCE9ZXXTEGXWZ3B,299.0,253.0
RTRDZK8XCUEKZDFZ,3500.0,1675.0
CAGE5FB5XTQN7WNZ,360.0,324.0
NKCE9PFFFSGMMHZA,599.0,399.0
PBXE9242JZFTYT28,109.0,76.0
NKCDX3BHY7TVJJZG,499.0,250.0
NKCE2F5HFCZFHP46,999.0,450.0
CSOE2V29ZTH5A3QU,399.0,198.0
NKCEASCZGVMSHYZZ,799.0,499.0
PBXE5ZJZHPMRADH2,359.0,315.0
NKCE9PYYNKKTAR3B,699.0,239.0
PBXE5YG7JZP48WAF,99.0,89.0
NKCEAVZ3CAA8WRVW,499.0,499.0
NKCE3JRMCFQJ4ND2,299.0,199.0
PBXECQTT4HPMRMR7,749.0,637.0
NKCE6HCXMMBYD8HJ,3999.0,189.0
PBXEACGGYT8WXUUC,299.0,190.0
NKCE2F5HXGKRMKYZ,199.0,99.0
RTRD8FPJQUFYZAPJ,1899.0,1299.0
NKCEYUVRNDSCECZR,659.0,329.0
CAGE8PKGVZX5FPZZ,180.0,165.0
NKCEA8US7TNGUJPE,320.0,320.0
CAGE2NCRSPGZ5XN5,200.0,200.0
NKCECAV4JEACZXMQ,399.0,199.0
CAGE37EQD7HQBTTD,599.0,365.0
NKCECFFWZVMTHUYK,999.0,323.0
RTRDGGQ754BDWH7U,3399.0,1749.0
NKCEAX7HH7BFTFHF,999.0,399.0
CAGE6HYJ89ZQMNFR,398.0,335.0
NKCE5HYVHGZEZTD5,399.0,139.0
PBXE6FYZSHDUEZPZ,799.0,399.0
NKCEA5FHWJZZZRGR,569.0,299.0
PBXE5ZJZY2NC256B,359.0,249.0
NKCECZG4EYKY7XEH,930.0,475.0
PBXED67JM7NRT9T5,699.0,270.0
NKCE38HBCXG56W8V,299.0,199.0
CAGE7GFZ7ZVGXMAR,360.0,349.0
NKCE96SXUUHT2BQQ,1200.0,250.0
RTRDVFAPZMNA8CHC,2499.0,1399.0
CSOE94WXZHYY9AYH,699.0,148.0
NKCECZFZHHDRGS3N,399.0,299.0
NKCE9Q93FCT3GYFF,750.0,390.0
PBXE92G5YEA7JAHZ,295.0,189.0
NKCE2RPCKWKSFJQQ,1100.0,399.0
SCHE669Q8QF3AJNX,63.0,57.0
NKCEDCT9AQ6WHDS7,1099.0,399.0
CAGE92ZXMD5BG34Y,450.0,417.0
NKCE9YFBFPA6YFSJ,699.0,239.0
NKCE6GJ5FK2XC2JS,998.0,299.0
CAGEBFPEQSVMZGZZ,250.0,239.0
NKCEFERXYKGHFACG,499.0,299.0
PBXEAT5YDFMUMHGB,499.0,349.0
NKCE6Y8DU9MVYAZA,999.0,299.0
PBXE83RUBFZTFGFY,395.0,395.0
NKCDX3BHHR2GGTUK,499.0,499.0
PBXEASWH77XCQQHQ,500.0,199.0
NKCE96SXTC7QYUBF,1200.0,250.0
PBXE9YWGNRD4NUTD,380.0,230.0
NKCE8RB5TUKH4USX,325.0,293.0
NKCE2MABAGBNHHYA,799.0,249.0
NKCEAMDRQZKUXEYW,780.0,325.0
CAGE2MACSFZRQEEV,360.0,310.0
NKCE9PFFZCSSMMYC,599.0,399.0
CAGE8YBG4JFWBHAX,500.0,400.0
NKCE5H4XDDAVAA7Y,599.0,299.0
PBXEDDEFBKHX8JBB,450.0,450.0
NKCECNPWX3KHA4QG,500.0,378.0
PBXE84AFAJEMHTTY,179.0,99.0
NKCE6SR4KGC4PD3S,1526.0,399.0
CAGEYFZW7F56GWZP,380.0,295.0
NKCEAX7HWKGPWERY,699.0,349.0
CAGE76HYPAMJ7WKH,379.0,379.0
PBXECYZGYWAKWHK8,799.0,450.0
NKCE8QPPWEAFYVPP,1450.0,440.0
CAGE8X8XZCGGXQ7Z,500.0,400.0
NKCDSCF3PH6MPP5N,399.0,199.0
CAGE4BQXSBKGWBE3,398.0,388.0
NKCECATPBQ4TRZKZ,399.0,199.0
CAGEAN78EYYZGPKP,399.0,249.0
NKCE9PFFXYGAQMYB,599.0,399.0
CAGDUGFYPRZUAJCM,535.0,349.0
NKCE2RPCH7YGSPX9,1100.0,399.0
PBXE9YWJHHERWPG4,385.0,230.0
NKCED6EXP8EYYKNC,799.0,399.0
CAGEB9ZQYPWX2F9D,410.0,400.0
NKCE5H4XKUYRKGAG,599.0,299.0
PBXE5ZJZRGMGQGRN,129.0,109.0
NKCEA5FHAKKSQCK7,469.0,399.0
CAGE3FCNYX3YFNGY,599.0,365.0
NKCE9Q93E3ZCJRTZ,680.0,350.0
CAGE6XN5WAJDSEHY,360.0,350.0
NKCE8UUWSCRYZFAD,800.0,211.0
CAGE5HYNWQYHCGQS,398.0,355.0
NKCEDCT9X6VHCF37,1199.0,499.0
PBXEASGQ7FE23D8P,699.0,205.0
NKCEC88FCUJJARY5,700.0,350.0
PBXEDCSE8CHTATYY,415.0,249.0
NKCE2F5HBUPEAAPZ,999.0,450.0
RTREFDXTZ4GGGAEX,2299.0,1350.0
NKCEA7TVVNXCK6BB,480.0,330.0
PBXEDAVHCC3P7HA9,777.0,627.0
NKCE3JRMXNTF54SF,299.0,199.0
CAGE9ABAFWTJFGVY,330.0,313.0
NKCE3H6BZYGZA5T5,399.0,240.0
SCHE4YSTZEGKDGF8,142.0,140.0
NKCDV7KGMQESBWEK,1120.0,416.0
PBXEAMHQHTW77AQN,299.0,199.0
NKCEC88C4GV4UFN3,950.0,428.0
PBXE8EHVHGAGE7GH,129.0,99.0
NKCEBFWTSPVWSGXF,890.0,450.0
NKCE6GJ5G7DNBFHA,998.0,299.0
NKCE6FYZXPWT4TJZ,1140.0,325.0
ILMDZZPH32VEPGBZ,1995.0,1680.0
NKCEDAN8ZMVMTDMB,700.0,499.0
PBXE89GKDPBANA86,149.0,145.0
PBXEC8AWTJGGSKWV,449.0,185.0
NKCEAGXHHAAGNS2H,279.0,249.0
PBXE78PHMWRZDD94,599.0,349.0
NKCE9RFZHB9BVVTV,329.0,329.0
CAGE6FYKHZ9HRKAB,360.0,277.0
NKCEB793TTQYVWHZ,234.0,234.0
CAGE52QHVSB7KTKG,378.0,378.0
NKCEC8AC6XFX5NGF,1080.0,486.0
NKCE8HSQRAF3TPHW,400.0,299.0
RTRDG5C6V3YVWSH6,4499.0,3499.0
NKCE96SXFGQXWVKR,1200.0,250.0
CAGE8X8XGZGQGWVN,500.0,350.0
NKCED8FWT3GZZBQM,699.0,349.0
PBXE5YGWHMS88ZBW,299.0,179.0
NKCDUEHC264ZZ3Y8,1200.0,499.0
PBXE92XFWVF6JZF8,395.0,255.0
NKCE8RB5Q2SERPVK,465.0,419.0
PBXE6677X2D6UFZZ,299.0,209.0
NKCE6SR4H3EHXWNA,1866.0,499.0
CAGE5NGBMGD836YX,390.0,281.0
NKCEA5FHYQBZK9JU,699.0,299.0
CAGE9AGRG58XZWVT,500.0,389.0
NKCE5VAAPVP5DGMZ,999.0,499.0
PBXE6YVW4CSQGJPS,129.0,99.0
NKCE9PFFNHUK8AZD,599.0,399.0
RTREFH7UWNEQDHAY,5000.0,1899.0
NKCE45YCF9MGXDYZ,2999.0,419.0
SCHE3Z7QSZFDN5HA,36.0,36.0
NKCE4CSZUZWHUTFS,499.0,210.0
PBXEASGQ6YPXKQ4H,798.0,165.0
NKCEAUABQHWNS53W,830.0,425.0
PBXE5YGWHPQGBWG3,299.0,179.0
NKCEBHGBYC9ZH3ZX,699.0,314.0
CAGE6FYKMJNKDUE7,370.0,319.0
NKCE9JBQGG5PHQFM,799.0,399.0
CAGE6FZQ2G93NPBU,375.0,350.0
NKCECZG4URZY9DZ5,880.0,450.0
PBXEAT5Y8KFGHBGC,449.0,299.0
NKCECCMFZVWGAZXP,935.0,475.0
CAGE9ABAHPZ5QTWD,394.0,394.0
NKCE87C3CMC6Y6DC,495.0,245.0
CAGE9B78AVRWXHGD,390.0,390.0
NKCE6TNZWPQWQUGV,1866.0,499.0
NKCEDCT9R2VQYZJS,999.0,399.0
RTRD6FYY7B26SHXC,12940.0,8800.0
NKCECATQF8ZXGXJS,399.0,199.0
RTREFDT4U3A6UZEH,2250.0,1200.0
NKCE9PFFVHYGGCYU,599.0,399.0
PBXE6ZX8BBRKZQT9,450.0,425.0
NKCE6GJ5M53GTENH,998.0,299.0
RTRDNGVMCGNCTWUU,3500.0,1913.0
NKCE38HCA94B8Y8Z,299.0,199.0
CAGE9ENYESDHRAZG,380.0,280.0
NKCEBXRPDB9TXBF3,799.0,439.0
CAGE2ZHBSKWHSHKH,598.0,326.0
CAGDU85YZUFN86CH,370.0,210.0
NKCECZFZGZBQKCRD,399.0,299.0
NKCE8QF9TVUDQZFU,750.0,390.0
PBXE9YWGTTTX6KVV,330.0,195.0
NKCEAVZ3EUG4QGAJ,499.0,499.0
RTREF3PGZGTGBHT7,4000.0,2680.0
NKCEANMPH2RJZEEM,699.0,239.0
NKCEDCT9S8BMTMHR,1299.0,499.0
CAGE6FYKENFUNW7N,360.0,277.0
CAGE8PKGEWKH78FY,180.0,165.0
NKCEFFFPYNBFAP8K,1300.0,299.0
CAGEBTGH3CHD9T4T,390.0,350.0
NKCE9YFBSJVQRZ7P,699.0,239.0
PBXED54BJJPTNNMH,350.0,199.0
NKCECGVBKYNJGZZQ,1299.0,499.0
PBXE6677RB7H377Y,299.0,209.0
CAGE68FGQHKTCHQV,360.0,300.0
NKCECZG4KW7FNPHH,835.0,425.0
NKCEANMPNFSQ2K6X,699.0,239.0
CAGE7NK9ZCBCV55Z,418.0,399.0
NKCEDCT95KGRJNVT,1299.0,499.0
NKCE4VA4FAZ7FTFM,1099.0,499.0
CAGE75DFBFFJZZ2P,360.0,360.0
NKCEB6ZB8NS8GAFG,599.0,269.0
RTRD4KY4UNGYCZFG,3140.0,2069.0
PBXEBQGM9YPSQDMH,459.0,459.0
NKCE7ZNGQGYGX8ES,750.0,199.0
PBXECARAQBCDSAZW,99.0,99.0
NKCE9YFBAJ6EAVRY,699.0,239.0
PBXED6C4U4SVQWPG,299.0,90.0
NKCE9YFBBYBM88DR,699.0,239.0
CAGE5H7JGQTEG4JG,360.0,300.0
NKCEAVZ3ECSBFANG,399.0,399.0
SCHE5Z57P455C5XM,158.0,103.0
NKCDTAXFGBZEGGVX,795.0,397.0
CAGE22EE8ZG8HCS6,399.0,289.0
NKCEBHGBGFDE2QCG,899.0,404.0
NKCE5H4XRHTYGHHJ,599.0,299.0
CSOE7JP6ZHUG9HZR,599.0,299.0
NKCEAZ6FBHSGCGAN,599.0,349.0
RTRD6FYYZCZGPCVH,3499.0,2140.0
NKCE4PZ6YKB7FN5G,999.0,499.0
CAGE6GQCCDSWABFT,398.0,290.0
RNGEJ39US9ENJXYF,2500.0,2500.0
TSHEJQ22W8XPPGGH,699.0,699.0
TSHEJQ2FHCZZMUZB,699.0,699.0
CAPEJZVUAZAEGXZ4,599.0,399.0
CBKEGSG7XXSCTME7,339.0,274.0
CAPEJZVUJWMHU6Q4,599.0,399.0
HACEJQ7HBH4H4JF8,1054.0,479.0
KRTEJQ99SGKUVHF5,800.0,800.0
ACCEJGH6JVTM4CBH,1000.0,499.0
ACCEJGH5QTFVXQZT,1000.0,499.0
SFFEJNR6SC9V3ZQK,499.0,499.0
JUMEJB3YYZM5HSPR,4099.0,1499.0
HACEJQ7HRGNBYCEH,1054.0,479.0
PANEJZWGJD55B2CC,995.0,995.0
HACEJQY5FQRZZUGM,199.0,199.0
OTAEJZF5RKHJX6HG,1999.0,199.0
CRTEHSSCJK4PDGHP,2000.0,1402.0
FABEHZJDBFJHYWAJ,175.0,110.0
CPCEHZRGZ7KXYQXA,1699.0,699.0
CRTEHSS9JCJEZWCA,2000.0,1402.0
CRTEHZVWXUFJN78Y,2000.0,1402.0
CRTEHSSAM5WKZS3V,2000.0,1402.0
CRTEHSSCUCMVN7SP,2000.0,1402.0
CRTEHSS9P7YWR7J8,2000.0,1402.0
CRTEHSSBYJGD7HGM,2000.0,1402.0
PPJEAJTT86WKA5G9,6250.0,3480.0
FABEHZJADZCW6FXT,175.0,110.0
CRTEHSS9UZJZYMZD,2000.0,1402.0
JUMEHGYX4SXZB5K4,999.0,599.0
CRTEHSS9SQ6PV34N,2000.0,1402.0
JCKEH9EN9UNA5VKW,1199.0,999.0
CRTEHSSCVTZ3DB72,2000.0,1402.0
CRTEHSS9CHAE2BZZ,2000.0,1402.0
OTYEHVKHHEBGWEH8,1299.0,899.0
OTYEHZR7MXR4PBCZ,1980.0,775.0
CRTEHSS9BDYRCEFC,2000.0,1402.0
DSEEHETVWRX9FZDT,2499.0,1099.0
JCKEH9EMRAAEPJBD,1199.0,999.0
SHKEHCGRHFFCFYKK,34168.0,25499.0
SHKEHCGRNFGTNGNZ,24922.0,18599.0
OTYEHQ3FPHGKV36X,989.0,949.0
HCSEHGV96WXQCBN9,405.0,364.0
CRTEHSSCRG2GD659,2000.0,1402.0
CRTEHSSAF9QVCGRS,2000.0,1402.0
GLSEGPCFGCZRYA73,3000.0,1845.0
SOCEGMXG4JPEFDVC,549.0,494.0
SOCEGHEZKTYVJUWT,399.0,179.0
CWDEGNNW8YCD2VHQ,3000.0,2500.0
ACCEGZ6B7ECDKEJQ,1499.0,539.0
JUMEGAGVVND97V6U,1899.0,719.0
JUMEGDXRQ6T5PNY8,1499.0,699.0
ACCEGZ66HG5DH7ZH,1499.0,539.0
HFCEGNQB9ZKQRGM7,1494.0,1149.0
ACCEGZ6BS95BBYH4,1499.0,539.0
STREDF58JH3GQZF9,12500.0,9375.0
CWDEGNZ9QSDCRJGG,3000.0,2500.0
SOCEGHFY7ZZ9G48G,499.0,224.0
HFCEGNQBCRZFHXHM,974.0,749.0
BBAEGNUNHHZEYSPD,524.0,349.0
SHVEGZUHGVYZBRW8,1499.0,799.0
ACCEGZ66ATHMFPJV,1499.0,539.0
JUMEG9E3BGHFM4TA,1899.0,989.0
HFCEGNQBNPDHFAVZ,844.0,649.0
SOCEGHEYK3GZHHEP,449.0,201.0
ACCEGZ66HGA5WZTY,1499.0,539.0
HFCEGNQBX5WRS5DZ,779.0,599.0
ACCEGZ6BCUUKPVZR,1499.0,539.0
CWDEGKMAD2BWGAWR,1299.0,699.0
HFCEGNQBS8P8EDHZ,2079.0,1599.0
HFCEGNHHSGSQ5HHW,1899.0,899.0
ACCEGZ66Z3SSJEGS,1499.0,539.0
SOCEGKQYHGGXAPGD,450.0,380.0
CSPEGMVJJDYAYQYG,600.0,380.0
CDSEG6ANKKXHFEVX,300.0,225.0
ACCEGZ6BJFUPXFEE,1499.0,539.0
ACCEGZ6B9MYUTYST,1499.0,539.0
ACCEGZ659MWTNBAG,1499.0,539.0
JUMEGDXPKGX226PK,1499.0,669.0
INKEF7WMPUEH9G4V,699.0,200.0
ACCEGZ65ZJHXZEVH,1499.0,539.0
BBOEGP4HM4C5WXVC,1299.0,689.0
ACCEGZ65AEVGSGZ7,1499.0,539.0
ACCEGZ6BJZXBSCCG,1499.0,539.0
ACCEGZ66RFRUZXFY,1499.0,539.0
ACCEGZ6BGHHFMDZH,1499.0,539.0
ACCEGZ6BXGHYHZJU,1499.0,539.0
ACCEGZ6BWVQYWWDB,1499.0,539.0
KAFEGH3M88ZUVZF2,2199.0,749.0
ACCEGZ6BBHDP23K8,1499.0,539.0
GLSEGP36GJQSARZS,1600.0,1145.0
ACCEGZ6BS9JKBF5P,1499.0,539.0
ACCEGZ66UZTKPAF6,1499.0,539.0
ACCEGZ6BUESXR4VH,1499.0,539.0
CSPEF6X75KQDJNF2,799.0,399.0
ACCEGZ6BRBTGQWZY,1499.0,539.0
ACCEGZ66PXG5AHHJ,1499.0,539.0
ACCEGZ6BY4ZPBWWV,1499.0,539.0
ACCEGZ65UFENYQG5,1499.0,539.0
CSPEGNS9GZVAGRY7,900.0,510.0
ACCEGZ6BDHTWARMS,1499.0,539.0
SNDEGQ7M7EHGY3SG,1790.0,895.0
SHIEGPXGZTK5B3GT,1500.0,499.0
SNDEGQ7MXZHZDFET,1599.0,899.0
SNDEGR5WFMG4YGHZ,899.0,449.0
ANKEGPVMFV9BJBJM,799.0,383.0
ACCEGQ5TP5TSZRK3,795.0,595.0
SNDEGQ7NBVGASKHA,799.0,699.0
ACCEGH7AFNBQXZJQ,600.0,480.0
SNDEGQ7HHJBEQXAM,2499.0,1499.0
SHIEGRYVSHD9HAF2,500.0,111.0
SNDEGQ7HD8A7K7XG,2499.0,1499.0
SHIEGQEQ8X5DPEWU,699.0,349.0
BTWEJQ6AKJYGHUGJ,1399.0,699.0
STIEJPM5PA8HVJFV,899.0,349.0
STIEJPM3D8HYQRTN,899.0,399.0
SHOEJCZ2JNGJSPEJ,3199.0,1599.0
PYJEH93NGYCXNNFK,3799.0,883.0
VILEJ67GRZBKAERY,999.0,539.0
BDDEH93ZEEZY7CHM,25499.0,18799.0
JUMEGV7FGSSWHWCK,999.0,499.0
TKPEJNSQMHREJYRD,1099.0,1099.0
TKPEJNDEFYSRZSXF,999.0,599.0
BBAEJZSPWSYRUGRJ,399.0,189.0
SHOEJCZFDNVTB3RF,1699.0,1699.0
SHOEJCZ28JFRY9RR,1699.0,1699.0
PYJEGYHUETSHGVMW,2399.0,801.0
SHOEJP2GGGP2GGPB,499.0,499.0
BBAEJZCAK4YJFHMN,13200.0,7920.0
BBAEJZCA6NYFVFJR,9000.0,5400.0
STPEJFHKSUFFNWR6,998.0,499.0
LJGEJ3G6J6Y4UUH8,1999.0,899.0
OIDEJFCWMMR6JQBE,899.0,549.0
BRFEGDQZGTHKEG3A,1499.0,999.0
BRFEJYHNGYSX9T9D,315.0,310.0
BRFEHTTQHPRGKZZY,999.0,399.0
BRFEGHA7YHCAHFDR,1499.0,999.0
BRFEJY4FTPFBRD6X,1699.0,1699.0
ACCEHPWEJZG9FR8M,1100.0,790.0
TLSEHUFCGASFZ2GG,800.0,649.0
SWSEH99SSMHCNFQ9,1875.0,1875.0
CSOEHQTYCCJADHTG,599.0,168.0
ACCEH74HAGTY6W8P,1100.0,790.0
SUREHTCAEFZJ5ZQZ,375.0,350.0
ACCEH5SDBF7JBMY9,1100.0,790.0
ACCEHR4HMGHFRQAC,999.0,999.0
SWSEHTRZKX3HZCMJ,1899.0,599.0
SWSEHUF9PRYCHNQF,2398.0,648.0
BRFECHUFKHVYUREJ,415.0,415.0
SWSEHU26VGTE5B3C,2998.0,702.0
CSOEHQUY7HYGZPDU,599.0,168.0
TLSEHUFDYMAWZ8AV,800.0,649.0
ACCEH5SDB7WJKN3F,1100.0,790.0
ACCEH5Z2YUKYQBFP,1100.0,790.0
SBGEGE6TNPUX8STE,1799.0,1625.0
SWSEH99UGGCZCUCG,1875.0,1875.0
ACCEHPWENYHHSF3D,1100.0,790.0
SWSEH7ZZ6EYGH7T2,600.0,407.0
DTHEHTAZPGKDZXWH,1100.0,850.0
POXEHPSHDKBCTWCF,3000.0,1899.0
SLIEHUFTZFVFDGEZ,1699.0,599.0
BOLEFF83BGCR5QY9,899.0,399.0
VAFEHQZYGH5HRJJP,999.0,499.0
MNKEHQP8FRWHUKHP,481.0,481.0
WCKEGGGD2TXHHTJC,950.0,750.0
HAREGHYZMHBUCBKK,827.0,413.0
ACCEGH6SKGWKFW3Q,908.0,454.0
ACCEGH6RPWY9DHAB,908.0,454.0
ACCEGH6SND8XZXTS,908.0,454.0
ACCEGH6SFSXZA5XA,908.0,454.0
ACCEGH6TEZ8CAXEH,908.0,454.0
ACCEGH6RNERXNQHW,908.0,454.0
ACCEGH6SSPNXVMWQ,908.0,454.0
ACCEGH6SQEPM7FDE,908.0,454.0
ACCEGH6RHZMYYWPQ,908.0,454.0
HAREGG26DYDGEYRH,1200.0,798.0
ACCEGH6SPZF3AHH6,908.0,454.0
ACCEGH6SF9X3PD9P,908.0,454.0
ACCEGH6QCJSFGH6W,908.0,454.0
HAREGHFYFZFKGU9H,827.0,413.0
ACCEGH6SF89RGZQD,908.0,454.0
ACCEGH6QGCGAZBFZ,908.0,454.0
ACCEGH6QZH3EDXK5,908.0,454.0
HAREGG26JVZYCC8B,1200.0,798.0
ACCEGH6SHJECW8UG,908.0,454.0
ACCEGH6SEMYHF34Y,908.0,454.0
ACCEGH6THHTB6FHH,908.0,454.0
CPCEJMKVMKTJ3WHM,1699.0,690.0
VLBEJKMQ9QZS8ZXH,4000.0,949.0
VLBEJKMQZSBQSUYC,4000.0,949.0
KRTEJNZSXUR2ZZWY,1099.0,474.0
CANEJNB6X4WBSYQM,2000.0,900.0
SPWEJ8JHFG9PTDUF,1999.0,699.0
VLBEJKMQNYGFDJWN,4000.0,949.0
CPCEJMN3AN4RQPX4,4050.0,749.0
DREEJH6JBSHH6XPZ,3199.0,1519.0
DREEJNNUSHNWN4ZG,1698.0,849.0
ERGEJNWWBJZFQCW9,852.0,362.0
PAEEGF2KQZFWK3PX,699.0,199.0
TTTEGKTHWAF54WZM,500.0,250.0
NSTE65WVWDXWRCKC,1497.0,748.0
DREEGBW5VVNVZPGC,1595.0,399.0
CWLEG69T7RRKTZNR,288.0,288.0
ACCEGKXQ2AQQ2AQV,999.0,339.0
CHUEF7C3NGW54VJJ,399.0,359.0
SBWEGKHH7SY6ENHV,1299.0,539.0
ACCEGKTSGJEEVTZ4,499.0,271.0
ACCEGKXQ9ZFSWKMU,999.0,339.0
ACCEGK9TXV3RMMXY,999.0,399.0
ACCEGKXQQTDGDXZP,999.0,339.0
ACCEGKFG5VWCR3JG,499.0,207.0
ACCEGKH2G6HGSWNZ,1400.0,330.0
ACCEGKTSWHU8GTRM,499.0,293.0
ACCEGKFHWYVFNCX5,499.0,199.0
ACCEGKFEZFBG3DZW,499.0,199.0
ACCEGKTS5S53KQVD,499.0,297.0
ACCEGKFHRM4ZGYZP,499.0,199.0
ACCEGKFCXHZZH44S,499.0,199.0
ACCEGKFFSRRVD7Y8,499.0,199.0
ACCEGKFHY56SPT5K,2495.0,349.0
ACCEGKTTMBKZT7JR,499.0,275.0
ACCEGKFHHFX5B8HJ,998.0,275.0
ACCEGKXQH5DAPEES,999.0,339.0
ACCEGKXQ8XFPHC9T,999.0,339.0
ACCEGKFHRFGN6XZB,499.0,199.0
ACCEGKFGPM6SBFFQ,499.0,218.0
ACCEGKFGE9EGBSBZ,499.0,199.0
PBXEHCKM3RKECJBW,599.0,299.0
TKPEHS7R72ZCQBGG,1449.0,899.0
SFFEGW39MZHHGBEF,799.0,399.0
NLPEJUMTYT8BP983,998.0,550.0
SRBEJUQFNFJNDNCH,660.0,549.0
ACCEJ6TEHCH7MCQ3,2399.0,1799.0
SGLEJG6VTTSYHMBD,999.0,269.0
AVCEJCHZ2GVMBVP2,629.0,399.0
CPIEJHF6GZEM7SPY,1799.0,759.0
AVCEJCHCDNFTHSQC,629.0,399.0
SNDEJGYFP2AT3FMH,699.0,399.0
BDSEJJ7CDYYK8V8Y,799.0,260.0
ACCEJ6TESY7AFT5W,2399.0,1799.0
JCKEJG8JJGQMF7A2,19663.0,5899.0
AVCEJCHAEKGNFRHN,629.0,399.0
AVCEJCHCQKVXKGNE,629.0,399.0
AVCEJCJQWBYMNPGU,629.0,399.0
BDSEJJCKFGYZR4GS,2499.0,649.0
AVCEJCJQGVPZ7RWD,629.0,399.0
ACCEJ6TEWH4WGYNF,2399.0,1799.0
ACCEJ6TE5XZANPB5,2399.0,1799.0
BDSEJJ6U2FXUM3S9,799.0,260.0
SNDEGZ8XGC4BWUZF,2295.0,1340.0
SGLEJ56EJCFSKJTY,1699.0,1359.0
ACCEJ6TFUBHAYTM8,2499.0,1849.0
SGLEJJA6TVC2KYUH,699.0,179.0
SGLEJFUHZSTHYJZF,1145.0,399.0
SGEEJJ7AV4SFEM2B,429.0,400.0
JCKEJG8KHHAKPQCR,20663.0,6199.0
AVCEFURSJBG924HG,8470.0,4495.0
BDSEJJ7CEFDSZSDN,799.0,260.0
AVCEJCJSV7YSUEGN,629.0,399.0
SGLEJFM3XXXGKXDA,999.0,269.0
SGLEJ56EENJEMV2Z,2199.0,1759.0
SGLEJJ6HEU8GVW4W,999.0,299.0
SNDEJCVWQNZUSVFY,499.0,225.0
BDSEJJ7CMKHRWVCZ,799.0,260.0
BDSEJJ6USEQZS3QA,799.0,260.0
CPIEJCN3ASM9ZRXE,899.0,399.0
SNDEGAJFFK2KKKRF,499.0,499.0
ACCEJ6TEQMU55MFW,2399.0,1799.0
ACCEJ6TERMX32VGN,2499.0,1849.0
JCKEJFPDVWBKHPFY,5999.0,899.0
SGLEJJ6QZDYMJ7EY,699.0,269.0
SNDEJH4DBHFK4N7B,999.0,699.0
SGLEJJ6W6ZAHVPWA,999.0,299.0
BDSEJJ7CG69JGCBM,799.0,260.0
SGLEJCHSWBMHVVNG,499.0,180.0
SGLEJJ7HNYDPKZ5P,1199.0,349.0
ACCEJ6TES5HRPFTG,2399.0,1799.0
JWSEJFMHQEMPZPGK,1399.0,1299.0
RPTEJNTG86BGZWAT,399.0,143.0
LSKEJNHFS2RT4WQF,995.0,995.0
JCKEJNEZZ2RFFJS5,19830.0,5949.0
SCPEJMZDRNQEVVNT,399.0,174.0
HKHED633F9Y9PGVR,999.0,499.0
ACCEJNF6ZRPRFFHV,1499.0,249.0
JCKEJNH2AZGKWGZC,8499.0,8499.0
ACCEJ6TESY7AFT5W,2399.0,1799.0
TSHEGWMXSW5PUJWN,999.0,399.0
DREEGWVHWR36YPBY,3550.0,2750.0
MUGEGWT5RGJJHSGN,699.0,299.0
DKOEGY7FA4JM94BG,399.0,206.0
DKOEGVQFA2Y6ZBE8,850.0,652.0
VLBEHHWFMGCMEM4K,499.0,299.0
SHOEFECFE5BHMYZA,1600.0,1600.0
TWTEHH2BQ29FYNGV,2850.0,1710.0
VLBEGWN3KPSAD4Y7,1699.0,498.0
TWTEHH2BJ8AZYFNN,1995.0,1197.0
VLBEHHW6ZWDUZNAJ,499.0,299.0
TWTEHH2BCPWGZT7R,2625.0,1575.0
TWTEHH2BCWXHVTHF,3375.0,2025.0
TWTEHH2B5EZ4PK6U,3270.0,1962.0
SHOEFG8PSSYNGA9B,999.0,499.0
TWTEHH2BXEHVZD7E,1800.0,1080.0
TWTEHH2B5SJAKDBD,4650.0,2790.0
TWTEHH2AGX62EYS9,2250.0,1350.0
TWTEHH2BHHWD5HNV,2775.0,1665.0
VLBEHHW9HGUYFJAX,499.0,299.0
SHODPH4GEYW54KMT,1999.0,999.0
JCKEENPXA2PXS6QH,2500.0,600.0
SHOEFECFFYBYP9QR,1600.0,1600.0
DRPEJSFXYTPZAZPR,575.0,431.0
PLWEJS85EQAHQDSG,2499.0,1599.0
ACCEJSKZZGRHRGQH,500.0,230.0
ACCEJR2FXPFFX5H3,999.0,699.0
PRCDVFAFM2FPJBMZ,4925.0,4850.0
LJGE9YD4JCYBYATA,499.0,349.0
PRCEA7HFDBNGFFM4,3595.0,3399.0
WCKE2TFYRTHGTUTC,1600.0,899.0
PRCDYWYKEKFFDGBP,2600.0,2100.0
LJGE9YD3WZPRNQ4E,499.0,349.0
WCKE2TFYMTCGDBE6,2000.0,1099.0
ACCEBVT585S73BEW,3299.0,1849.0
PRCE3WRYGKBAZGR8,3390.0,3190.0
LJGE9UG8WCYXPCHA,1099.0,699.0
PRCDXZP2ZFHQHUH7,2760.0,2345.0
LJGE9UG5ARF29YE9,1099.0,699.0
BDSE7WQ37UVSX7SK,4900.0,1960.0
LJGE9UG4JUZ6BHJH,1099.0,699.0
LJGE9UG5GZYEZ5C3,1099.0,699.0
CBRE24GEGUHRSZAQ,299.0,138.0
LJGE9TGNUKM2UGWC,730.0,699.0
WCKE2TFYFZ2B3GDT,1600.0,899.0
WBTE6NV5KGNNHHUZ,158.0,150.0
WBTDMEZTDSZGZEDJ,184.0,175.0
WBTDMEZTUWBPD5DM,277.0,249.0
LJGE9TGN9YHYZEEF,730.0,699.0
WCKE2TYZZGZP3KEX,1600.0,872.0
LJGE9TGNDH2E4VRH,730.0,699.0
LJGE9P6DGBRE7HBN,599.0,449.0
SHTE37DQJWSQ4VGH,1599.0,650.0
SHTE8VYUZPHMDSHU,1899.0,899.0
SNDEBG864TPNPGSE,499.0,479.0
SHTEAGGFBZGZMFCF,1299.0,849.0
SNDE3SNFMHARS463,319.0,249.0
WCKE2TFFXG4H7Z2U,1600.0,872.0
LJGE9M4V25ZBY7RX,750.0,525.0
SOCEATZTCGGYGMTE,380.0,380.0
BDSE8FTAQMBCVFUA,1799.0,749.0
WCKE2TFYRJA65QEF,1700.0,927.0
LJGE9FVXWEQRJHXU,899.0,449.0
WCKE2TFYWX9QW3YC,1600.0,872.0
LJGE9C9DP59WTYGD,510.0,255.0
WCKE2TFYGZYGYU4E,1600.0,1089.0
WCKE2TYZ4NWZRG9G,1500.0,1089.0
LJGEYGHD2YPQHQGZ,999.0,499.0
LJGEYSUNH9VDRYEV,749.0,549.0
WCKE2TYZKNRNNXZU,1800.0,1049.0
WCKE2TFYZG2SYFH4,1400.0,699.0
LJGEYSUNTPQZG4ZG,749.0,549.0
LJGEYSUNFJGZAVEN,749.0,549.0
WCKE2TFFT6M6PFCV,1300.0,709.0
SHTEB9BVH2S3XYCY,1999.0,999.0
WCKE2TFYWBRFZY7H,1800.0,871.0
WCKE2TFYSPKJHWJG,1400.0,799.0
WCKE2TFYGMCEPV5G,1600.0,872.0
USGE9QFK7DKTJVHB,499.0,159.0
USGE9ZNJ2JKFNKH6,289.0,289.0
USGEA6Z65ZHKACDH,499.0,199.0
SHIEBATZ6HMJN7ZK,1940.0,1940.0
USGE9ZHVSVH9FVHP,294.0,289.0
USGEAYRTXWS4QGKB,995.0,399.0
USGE9T5FYMHZVJTF,499.0,120.0
BDSE7FQ52B4P2Y6G,2585.0,2115.0
BDSE7FQ5QTGYQDH4,3300.0,2700.0
BDSE7FQ6SEDGMVPK,3519.0,2879.0
BDSE7FQ6KZCDTFPZ,4399.0,3599.0
PRCEFR7WX4AFUXZN,2495.0,2047.0
WCKE2TFYZGPGDGGV,1400.0,799.0
MIXEFUMYMTKP6DQC,3645.0,2749.0
MIXEAMVTVJAGVMCF,2999.0,1599.0
LJGEFHZQFRXZFSSE,798.0,344.0
LJGEFHZQERDFWHF8,798.0,344.0
SOCE7732ARDEF7UF,449.0,268.0
RAQDCNWAGART9UVZ,685.0,675.0
WCKE2TFYTHBHTP5B,1500.0,818.0
LNGEBDTBNZPHNWF6,300.0,220.0
ACCE7GPZB3AZCFJZ,799.0,550.0
WCKE2TFFFYHKUM68,1600.0,872.0
RAQDEHGUB5VZTC8H,1520.0,1089.0
RAQDCNWAHJK9JNUY,450.0,438.0
LNGEBDTBGWTXTYWT,300.0,220.0
WCKE2TFF4ZYGXUMH,1600.0,872.0
LNGEBDTBFHT4AAQN,300.0,220.0
STFE9AYY9MAGMNEN,280.0,150.0
WCKE2TFYF87ZHM4T,1800.0,1089.0
FGBE8YPGASPUR3EA,484.0,299.0
SKIEHDJUFJHM6GYY,499.0,499.0
TOPEFYB6HRPPCD8R,599.0,449.0
KECEGTXHXCYTH2GN,299.0,65.0
KECEGZBJPQFGY2WW,570.0,299.0
KECEGTXHZPBZHZDX,299.0,65.0
KECEGZCKGQ7HBXUC,400.0,199.0
KECEGTXHVYW47ZZD,299.0,54.0
KECEGTXH5GZB24SJ,299.0,54.0
KECEGTXHAGPKSTUV,299.0,65.0
KECEGTXHHGPKYUVZ,299.0,65.0
DREEGNWGGZXR6NZK,1499.0,699.0
ACCEGNYUMARHZWGW,980.0,299.0
DREEGNWHA6MPJVZC,1499.0,599.0
ACCEGPC9DA8TGRYY,1195.0,335.0
DREEGZ4CUZH5CATV,2639.0,1319.0
ACCEGZ5PGHCDZTNY,499.0,399.0
FLUEGKG2YGDSHGV6,4396.0,2114.0
ACCEEV5VVP97HRTR,3120.0,3120.0
FLUEGKG29CTAHMYC,4596.0,2294.0
ACCEGNVADAYPFTER,321.0,229.0
ACCEGZ8AUMFBZGJ2,999.0,449.0
DREEGZ5CVEHJPDT9,1119.0,1119.0
TROEGNQDQNGN99PJ,2695.0,2695.0
DREEGZ7RCCF3ECJG,1999.0,1299.0
PELEG5CSGASSHHBK,1115.0,743.0
PELEGNTWTJCSWSED,2149.0,1849.0
ACCEF7Y8FWFQZZZG,499.0,349.0
PELEGHQP8GMXYF6V,5490.0,2199.0
SWTEFZCKAC4MABVZ,999.0,999.0
PELEGPGCDR7TXNSG,350.0,250.0
EMLEGZS4Y5EMYR82,799.0,599.0
FLUEGKG2WHUQJSHT,4596.0,2294.0
DREEGHCDB3HJ3KD8,1895.0,1895.0
PELEGPF7UHM3WUE8,891.0,297.0
DREEGNWGSHTUKCZM,1499.0,699.0
EMLEGMZRZGDARGR8,899.0,299.0
ACCEEV5UV5NV4PKZ,116292.0,116292.0
DREEGNUU4Y6YUQS2,1918.0,959.0
PELEG5D47TPA27QZ,2774.0,1849.0
ACCEEV5VN3XFH8CH,3512.0,3512.0
PELEG5CSECGN45JN,1283.0,855.0
PELEG5D2UYKEU8FQ,1688.0,1125.0
ACCEGZ8EWQ7RMZTZ,1200.0,559.0
ETHEGEAGRDPGWSG6,1799.0,749.0
TSHEFM4YAWDGCPUU,995.0,497.0
ETHEGNMR3FU6FRSM,2399.0,959.0
DREEGZXHKASP9VRT,999.0,349.0
DREEG7GGUJUFSUNB,2999.0,1199.0
TRCEGNXZKQT2GTJG,4398.0,1999.0
TROEGZRVYGVRPKQV,1599.0,599.0
GCTEC9TZTFM8K8PH,399.0,399.0
ACCEGZ8GRVUADQ4Y,1999.0,999.0
PENEGGTYTYGDHXQK,1000.0,950.0
PELEG5CSGWYFCFNQ,878.0,585.0
SNDEFV8ZSKGTFAAC,999.0,999.0
CNDEGP52ABJZHGZY,1555.0,790.0
ACCEGNVAB72PPVYN,419.0,299.0
PELEG5D2MWCDGZPX,1013.0,675.0
DREEGZ5CPMQDRZST,1119.0,1119.0
SHKEFFNFNMJPCWUH,2588.0,2329.0
HACEGPF9YTZTXPJF,749.0,349.0
DREEGGYS8EW6FW7P,1975.0,1975.0
TROEGZQHT4UCZVKV,1599.0,599.0
SHKEGNS9TWHJAN6Q,1999.0,1999.0
EMLEGPY33HWUGM6E,699.0,550.0
ETHEGMHHGGCXMSYA,2199.0,1599.0
DREEGNUUTVKCZT8D,2229.0,1115.0
DREEGNWHYNHKGHJ9,999.0,399.0
ETHEGHXTG55TQKX5,1699.0,549.0
ACCEGF6WWRAUMRPT,750.0,550.0
PELEGPFMDMTU3PQJ,799.0,559.0
PELEGPF7SQR9ENHQ,1188.0,396.0
CAIEGP4YSZ4GNUV4,599.0,399.0
TROEGZUQDD7VPHKP,1599.0,599.0
ETHEGJBAZPGQBURA,1499.0,599.0
PELEGNSQYKKHT2ZH,5849.0,4999.0
ACCEGZ8GDQKDXMTT,1999.0,899.0
TROEGNQE9GNRFYQD,2295.0,2295.0
ETHEGNMSZPZDZC6T,1999.0,799.0
ACCEEV5V5VD5DR9C,22630.0,22630.0
ETHEGKHCHH8GAFD6,2970.0,1425.0
ACCEGPBYNU6BPFNR,1198.0,335.0
ETHEGKHCZPNHD2QR,2970.0,1425.0
PELEGPF7HDHJDYUE,1176.0,392.0
FLUEGKG238ZGRYZG,4396.0,2114.0
PENEGMTZTSZJWYP6,300.0,270.0
HACEGPF9FJFJQU2R,899.0,499.0
PELEGPF7VRJJYBYS,1146.0,382.0
ETHEGNMRJPGFMHVN,3999.0,1596.0
PELEGNVBZXXXKDNZ,4049.0,3449.0
FLUEGKG2K93HY9TC,4596.0,2294.0
PELEG5D24ZAYAHUJ,1857.0,1238.0
DREEG7GGPSFWQYBB,2999.0,1199.0
ACCEEV5V5ERYC6RN,3840.0,3840.0
ETHEGYSVEZSH5HUG,2799.0,1119.0
TROEGZ8QEYGG6UQD,899.0,499.0
CNDEGEPEK5GEH58K,2749.0,2299.0
TROEGZ8QD9CWVYJH,899.0,499.0
TROEGZ65YHBQKG9T,1499.0,599.0
HACEGPF9DZVUZBFY,899.0,499.0
PELEGPF7MHSNH5WS,1164.0,388.0
ACCEGPCZHTGQCH4S,980.0,299.0
PENEGZ6RHFWHX7JX,399.0,269.0
DREEGPAZXDZYTSPD,1099.0,995.0
HACEGPF9FDKV3EPK,749.0,349.0
PELEG5D2RGEDUZGT,1620.0,1080.0
SOCEDFAY5EHHZKUF,349.0,349.0
PELEGPF7C9YZFKDM,1164.0,388.0
DREEGZ4CTTZA4GJQ,1925.0,959.0
HACEGPF9EMXPSEJU,899.0,499.0
TROEGNQFB7DJ6JEN,3495.0,3495.0
TROEGZ8QS74W4XR8,899.0,499.0
HAREGG26HXNGDGFJ,1200.0,798.0
HAREGG26GDJWFYMF,1200.0,798.0
ACCEGH6TMFNCMYJB,908.0,454.0
HAREGHFYAZYMUEWH,827.0,413.0
HRCEHF2CWZAFQKBN,6061.0,2051.0
HRCEHF2CDHYWPFVN,1900.0,1832.0
MATEHFNNMZUFNXP3,599.0,384.0
MATEHFNMZVV9HYUV,599.0,384.0
MATEHFNNA6Y4WKMV,599.0,384.0
DREEHFABXP5AUZA8,999.0,599.0
PTDEGXMSY3G7FKJU,1680.0,1260.0
MATEHF3PGYP4ZDPB,1590.0,1290.0
HRCEHF2CFBSKR9RD,1954.0,1954.0
DREEHFD5BE5DGMSG,845.0,845.0
IDMEHY86YP4NFZUG,1999.0,999.0
HRCEGVM3ENRZXEPB,350.0,350.0
ACCEHY8AEDYU3W3T,999.0,599.0
TMKEGWTM9RBGGFM4,3488.0,2959.0
PTDEGYSENYHHCER9,1000.0,416.0
MATEHFNNXBZG8NNK,599.0,384.0
HRCEHF2C2XQKQZHM,2358.0,1337.0
DREEGXZ2QN5ZKDGH,899.0,899.0
DREEHF93FUPCCPZP,1700.0,816.0
HRCEHF2CCUFD778C,2271.0,1239.0
HRCEGXJPZH7KJXZD,2279.0,1259.0
MATEHF3ZRZCG6YRJ,890.0,550.0
ACCEHY86UG6B63AZ,1499.0,575.0
DREEGXNWMFHQPGYD,599.0,599.0
SRTEJHAAV5MH3GFM,799.0,299.0
TROEGXURH5GXHQMG,1799.0,548.0
JUMEG86Z5VUZ6CPF,1999.0,799.0
TWCEGVM9UGQCHHYP,699.0,211.0
TWCEGVM7FVHXYEJN,699.0,211.0
TWCEGVM8ZBEPBH5G,699.0,211.0
TWCEGVM9EHF5WAGM,699.0,211.0
TKPEGRKHT4832GFE,2999.0,1106.0
BXREGYMPWEUAXF3C,499.0,289.0
TKPEH9F5BQTQAMSC,2399.0,733.0
BXREGCWNHEBNY4HA,1599.0,649.0
JEAEG7CFHHJECY6Z,2000.0,559.0
LJGEG52TCRESAGVP,1950.0,785.0
LJGEG52RFBTHHGJC,1625.0,675.0
LJGEG52SRXN5JXFE,1625.0,675.0
PANEHYNVHFCXGGMB,651.0,485.0
ETHEGFZFQT7ZCH3U,1599.0,649.0
LJGEG52SCZ5WZBKZ,1625.0,675.0
STIEHQ8J4KSKG5PS,699.0,199.0
LJGEHYCBH3VEAZYN,1879.0,748.0
ETHEHZ87YNJB3ZBY,999.0,299.0
ETHEGYHADMPVFJ89,2149.0,1299.0
LJGEG57EHMYZQDZU,1800.0,778.0
PANEHZSVEUYJNYS5,969.0,329.0
LJGEG57E8US6WQWE,1800.0,778.0
VPAEHT6TNFR6FWTQ,748.0,299.0
VPAEHPYYFKG4NG39,1099.0,585.0
VPAEHS9RMW5SX6CF,313.0,125.0
TRODSPHZZDRRZGUX,899.0,270.0
VPAEHU2DKDMZPEKC,700.0,630.0
TROEHQYAHGHUEXXZ,945.0,850.0
BKPEGUJHJFYS4FCU,1899.0,1099.0
MTYEGZ5ZCWFARE5X,1599.0,695.0
BKPEGXYVHZBG2PUY,1099.0,1099.0
BKPEGZCFPQUSG89G,1599.0,899.0
BKPEGZC2B9WHH3U3,2150.0,999.0
CSOEGTPQFMB65EUG,899.0,599.0
BKPEGZCC4ATUZ2TQ,1999.0,999.0
IRNEGYYUJVPHTSQW,1225.0,1100.0
BKPEGUJHT7JGMGUQ,2899.0,1499.0
BKPEGZCDVDZUMGHZ,1999.0,999.0
BKPEGXYVWNVFFGHZ,1099.0,1099.0
MTYEGZ5FPZHABYJP,1499.0,745.0
BKPEJYFF5ZEUDCYD,1699.0,620.0
BKPEGXWHXG4GZWET,1499.0,529.0
BKPEGXYWWJPETZZA,1849.0,1849.0
BKPEGXU9NZQRQGF2,2000.0,989.0
CSOEGTPR39XZHZJY,899.0,599.0
BKPEGUJHQSJUZBVF,2199.0,1299.0
TKPEGM48GGD2QKZN,999.0,449.0
IRNEGYYU2ZVJQQ5T,899.0,650.0
BKPEGXYVX4CG7UWX,1299.0,1299.0
BKPEGZCFYTJXMRGY,1599.0,899.0
BKPEGXU97PFBDHW4,2000.0,989.0
BKPEGXYWGBSBZUN8,1149.0,1149.0
BKPEGZCDHQUXWAAM,1999.0,999.0
BKPEJYF3ZAYZBNBM,1699.0,615.0
RPEEGGDJN5D8HFRM,6599.0,5200.0
BKPEGUJHZSTFPHCG,2899.0,1499.0
MTYEGYZZDG269NCS,499.0,359.0
CSOEGTPQFQMAFRJR,899.0,599.0
BKPEGXYYEH5XD32T,1699.0,620.0
TKPEGM7QPGUZMQMD,999.0,449.0
BKPEGZCCZ7FCKTSZ,1999.0,999.0
WCKEGNRGZZESVZKN,1399.0,524.0
NDNEGMYWJ47RXFGV,649.0,649.0
WCKEGGN2J66F3KAF,11999.0,1799.0
WCKEGM8FGU9ZT8QG,3499.0,1274.0
BDAEHFUJJSGZPCVA,600.0,350.0
GLSEHPS9CJATDCTY,1284.0,1180.0
BTWEHQVQ5VBYE54K,70.0,70.0
BEOEHHQZYG2VSX6W,349.0,249.0
CGNEHDTY5D2YSNVH,999.0,480.0
CTTEH9FYJFQMB8M9,799.0,448.0
TLPEHCCVZGZ5VPEY,475.0,349.0
GLSEHFJZGQDR9Y6Q,1499.0,643.0
BDAEHFUJVKRGTS2F,600.0,350.0
CTTEH9FW6SHV8ZYG,799.0,448.0
GLSEHFRCCNBKHWTG,1145.0,799.0
BEOEH25NTUDGG5TT,300.0,280.0
BDEEHQXBKNGTAKRU,299.0,99.0
CNDECQTUZGSAH2DH,725.0,725.0
GLSEHEHZPZZA83QJ,1200.0,800.0
CTTEH9FUMRCAGPGM,799.0,448.0
GLSEHB7RPDSRAHRA,1000.0,549.0
CTTEH9FX5D9BYFYR,799.0,448.0
BEOEGXRVBCDZKUDU,672.0,672.0
GLSEHEHZXMFJGQN6,1200.0,800.0
HSAEGZAV4UGWJAAH,3590.0,2420.0
HSAEH6FCCGM7HKUQ,7000.0,4700.0
GLSEHQYGTDHYHFKJ,1552.0,1380.0
CTTEH9FWFHGR9EPK,799.0,448.0
CTTEH9FTNJRCRDHX,799.0,448.0
CTTEH9FUH3GKT3TF,799.0,448.0
BEOEHHQZNTHHXAFH,349.0,249.0
CTTEH9FXG97MNGFZ,799.0,448.0
BEOEGXRVQPCKJHYC,649.0,649.0
BDEEHQXBEBPVDFXX,299.0,99.0
CTTEH9FXKU37EKNY,799.0,448.0
CTTEH9FU8HMMZNRR,799.0,448.0
CTTEH9FTTMQQHD9V,799.0,448.0
CTTEH9FTCU5QD4CT,799.0,448.0
GLSEHFUGTFGKKZ8N,1100.0,899.0
BDEEHQXCHZ3CHYDZ,299.0,99.0
TNREBYP73ZT4HUZD,425.0,425.0
GLSEHFUGQRHPBV8D,1100.0,899.0
GLSEHEHRX2AEPMY4,1050.0,677.0
CTTEH9FUMMZYPKW9,799.0,448.0
GLSEHEJA3CAWZ8JJ,450.0,450.0
GLSEHEHZKEZA6K2A,1200.0,800.0
GLSEHFRGYQHF7ZKS,375.0,260.0
BEOEGXRWE4NDBJNV,3899.0,3899.0
BEOEGXRVKHSGJHMR,1799.0,1799.0
CTTEH9FXP5DHZWF7,799.0,448.0
GLSEHEHZAZEJMRVF,1200.0,800.0
TNREFBYF3NYEWX5R,1999.0,1745.0
CTTEH9FU4ZNZZKR6,799.0,448.0
GLSEHB7RQJFVT6GS,1000.0,549.0
GLSEHPS7UYJVYUTR,1360.0,1155.0
GLSEHFJZ2N9C3WYK,2000.0,1780.0
CNDEHGXHDHMKJXUS,2890.0,2490.0
BHGEGTAV2TMUKR9J,900.0,383.0
KLSEGVFH5Z5BEDXG,350.0,299.0
KLSEGT5ZUGR9FQXE,300.0,225.0
KLSEGTBP3VQPZTHF,350.0,299.0
PTGEGUZVM4X9XZWG,39500.0,21780.0
PTGEGUP5KM48MRRW,46500.0,25510.0
KLSEGTBQ6PSU8NTG,350.0,299.0
BHGEGTAVKNNCPUGG,600.0,455.0
PTGEGUPGE9HAB84Z,15783.0,8720.0
PTGEGUZNXKZ8P6Z9,7638.0,4220.0
BHGEGTATDSHFENHT,600.0,455.0
BHGEGTAVV8YFRFGZ,900.0,383.0
KLSEGT8ZP5H3XF95,350.0,299.0
KLSEGWJVFRENNTGU,350.0,299.0
KLSEGTBZFY4HD7BZ,350.0,299.0
BHGEGTATPZRZ8HHQ,700.0,400.0
BHGEGTAUGPMZXNDT,600.0,455.0
KLSEGUF9ZHZ4FNV5,350.0,299.0
PTGEGUZZJXXJBGPQ,39500.0,21780.0
BHGEGTAVHTQBGGWV,700.0,400.0
PTGEGUPYWSZFTDCB,46500.0,25510.0
KLSEGUGFRDBSSEDM,350.0,299.0
KLSEGTBZGDPGUTQG,350.0,299.0
BHGEGTAVWRZQTU6T,400.0,304.0
PTGEGUPF8QMQRVUY,7638.0,4220.0
BHGEGTATAHA4HS8Z,800.0,437.0
PTGEGUPKRM4ARQFJ,46500.0,25510.0
TKSEEB9MNUGDS9DZ,1445.0,1300.0
SWTEGAG26DSUPQZG,1999.0,800.0
TKSEFH49SBFGQYZ3,1495.0,595.0
PTGEGUZPFSNG6QZF,35100.0,19380.0
TSHEJHKSHJMAUWYJ,1098.0,549.0
PANEJJ9Y39PM237B,618.0,340.0
STFEJG5SKFHGHZCA,1200.0,799.0
GLSEJGVBRQMYV7NE,1999.0,1661.0
NDNEJH5ZTBSFYH2A,1399.0,1299.0
JWSE346HBDCSUGR6,1140.0,659.0
CRGE52BXYBTWJDMV,2199.0,1649.0
DBLEDTF3F7B8AGUZ,999.0,625.0
LJGEA7QFYTBNHZGZ,1079.0,827.0
PCSE6SJGQCXQGC6G,1100.0,899.0
PCSDY5AHFNSPGSV8,800.0,499.0
PCSE4TF4R4GG6K2D,2598.0,1299.0
PCSEBFEH9XA3B2DF,950.0,899.0
PCSE6SJGNDGTHPGR,1800.0,1400.0
PCSE6SJG9SMAGGHY,499.0,350.0
PCSECV3F9MXQZH3V,799.0,469.0
PCSE6RVVKGZGEHMB,899.0,899.0
PCSE2ZFDBB3N4PTP,1299.0,749.0
PCSEBDFUMFZZQDJW,150.0,120.0
PCSEE4H5CYRKNRZR,1099.0,499.0
PCSEDP3UF6EYPZZX,1350.0,870.0
PCSE9Q6VCVMWRAPN,499.0,320.0
SNDEDKKXMX8ZGVQR,899.0,499.0
SNDEDBM6YCKDKN2F,648.0,349.0
PCSEDP3UXFTUHFVZ,1350.0,870.0
SNDEBN35NMSCC52E,1399.0,549.0
SNDEDBM64AVT7HWK,648.0,349.0
PCSEBDFUFJWGARNX,250.0,210.0
PCSEAH5W6GBGTD9Z,1999.0,1399.0
PCSE2ZMUZH9PARZZ,2400.0,660.0
SNDEDTCXKMYVKGMH,999.0,419.0
PAEE88UCFKFYEKAG,250.0,172.0
SNDEDSCEVHNXMTKU,999.0,419.0
PCSE2ZFDJJGFNHC7,1050.0,699.0
SNDEDTCXWCGDH2HA,999.0,419.0
PCSEAKVBTXB6E4RF,600.0,495.0
SNDEDKKWEAFRMDR9,1599.0,799.0
PCSEC86VEVSQZGBZ,750.0,495.0
PAEEAMGFHMZW72XN,80.0,80.0
PCSEC86VQBYAG5YA,580.0,399.0
KRTE82ASGB4VKFUS,1149.0,460.0
PCSDY5AHHQSXZARH,850.0,560.0
KRTE39Q4GVHFHWZV,999.0,625.0
ACCDWGG3HSCGUN9V,2499.0,1599.0
PCSE6X3YHYFEYXHJ,2000.0,1599.0
PCSE4FKCGZNGNHFN,450.0,444.0
PCSE76X4HR9QNNJH,2199.0,1099.0
PCSEAKVBHWNWCHGU,500.0,300.0
PAEE8EZHZFKKYMVK,100.0,100.0
PCSE9SCFYQRSMAPY,500.0,399.0
PCSEAH5WFZFUTZJH,999.0,699.0
PCSE6X3Y8GF4HWK7,2200.0,1699.0
PCSE6X3YEKWRUXKM,3000.0,2250.0
PCSE4VAVWZZECB84,7794.0,3399.0
PCSE6SJGJX8VCEAZ,699.0,499.0
PCSEC86VA2HGZGXW,540.0,312.0
PCSEC86V2Q6P7PAB,890.0,610.0
PCSEC86VVTQJN5AQ,1400.0,880.0
PCSEA7HBHMUNHZRP,6500.0,5250.0
SNDE2RXYKZZAMNGT,999.0,520.0
PCSEC86VHVAFBJB3,950.0,649.0
PCSEAKVBBGJAZTHM,750.0,600.0
SNDDXFQHUDJDHZG2,399.0,299.0
PCSECTYTDV7DGJ4R,390.0,390.0
PCSE4C9YYYYXGNFH,1200.0,999.0
PCSEC86VDXTV8WBR,1000.0,735.0
PCSEAKVBFFPGCHNZ,400.0,275.0
SNDEDG6H5CYWWBBP,499.0,349.0
ACCDVDC8S5JWEE6X,3999.0,1799.0
PCSEAKVBFP4E4JW3,600.0,495.0
SNDEDG6HNGZDZXBV,499.0,349.0
SNDEBYH3ZR33KSAG,1499.0,699.0
SNDEE34X8JHBYBVW,749.0,499.0
SNDEDFYPJFHXG98W,999.0,499.0
SNDEDFE6QPNQRAXF,495.0,349.0
PCSEC99M5VKHCAY6,1500.0,799.0
PCSDY5AHRAG6EJZR,1350.0,1350.0
SNDEDG6HF8EDVZTV,499.0,349.0
SNDEE34XM8XB6ZEX,749.0,499.0
PCSEE4H5XC66MWXT,899.0,399.0
SNDEBBK5Z6KUQZZF,499.0,399.0
SNDEA42M6GZNV7M3,499.0,499.0
SNDEASSYEX2D4H65,1399.0,549.0
PCSE98DZMYDTBNG9,1200.0,699.0
SDTEDF2ZHHHGG4CT,799.0,499.0
PCSEDTGQPPGYH4M3,920.0,740.0
PCSE6X3YSK6U4XMY,999.0,799.0
PCSEAH5W3ZWRBJDB,1800.0,1299.0
PCSE6SJG2UD3X4G3,1500.0,999.0
ACCDXFPFTPKVGRQZ,2199.0,1499.0
PCSDY5AFPGSUPEUF,750.0,399.0
ACCDWG6GYCXXABPZ,2800.0,1690.0
PCSEBZQ5GMBXZFCF,490.0,400.0
ACCDSY8EGJPW7RJB,4999.0,4999.0
ACCDSY8ESXF9AUHY,3999.0,1699.0
PCSEAKVBFDFZNY6W,500.0,350.0
PCSEC86VAJBD6BVX,499.0,289.0
PCSE4V8GWTGYMVFY,3897.0,1799.0
PCSEC86V9MZZG7R2,640.0,380.0
PCSEAH5WDKWZZ2AU,1500.0,899.0
PCSE9HAGNAGPMDMX,850.0,850.0
PCSE4V8H8WJHEKHH,3897.0,1799.0
KRTE7X8NADSVDEET,1499.0,999.0
KRTECAVZHVTGR2YV,1399.0,1099.0
PCSEC86VCFQYV6QG,600.0,389.0
PCSE76X4WCN9UY6W,4000.0,2899.0
PCSE95HXQE744G8Z,650.0,450.0
PCSE93H4FSGSJHU6,900.0,600.0
PCSEE4H5KYEJDF9X,1099.0,499.0
PCSE2DJZ4RMMXBUG,1499.0,653.0
PCSEAN2WCFR4FXVB,999.0,599.0
PCSE3693H9GC3D2Q,1899.0,1411.0
KRTEFG6MGMW4FQXF,699.0,559.0
PCSEDCWJBHDR9EYU,350.0,250.0
PCSE9YFEBRCHEYFN,450.0,390.0
PCSEC86WAPNJE7QZ,500.0,315.0
PCSEAKVBNXFGZBKB,750.0,600.0
PCSEAH5WCWFSNX4Y,1200.0,750.0
PCSECV3FSKC4P3P8,1629.0,1369.0
PCSEAH5W7RFFGKFN,499.0,299.0
PCSE4VAVKNSGYRN7,7794.0,3399.0
PCSEAH5WCN2QPYZC,1400.0,799.0
PAEE8EZHYZESVZ2H,110.0,100.0
PCSEAH5WEMVJMB3D,1400.0,999.0
PCSEAH5WKBCZYEK7,799.0,550.0
PCSE9KFHPHPM2JEU,1299.0,999.0
PCSECV3FZ9NGYJDJ,599.0,349.0
ACCDX8ZUEWUKFHHQ,3999.0,1699.0
ACCDX9Y3ZR9EUGXJ,3499.0,1499.0
ACCDXFPYT58AGGAF,2699.0,1299.0
ACCDSUZJGMZD9FHZ,2499.0,1349.0
ACCDX8ZT97AVKURV,3999.0,1699.0
PCSE2ZFDEWEJFKPY,1420.0,949.0
PCSEBQ7BCF8CEYHH,699.0,449.0
PCSE6SJGCFMBG5PU,500.0,350.0
PAEE8NDKHJ7ERAPT,100.0,100.0
PCSE69MFRZSMYVRH,850.0,510.0
PAEEAMGFVDHGDRG5,80.0,80.0
WTDEDGHHBXMZB2HG,199.0,199.0
SNDE6KNAQN3GFRQG,2570.0,499.0
SNDE25SG2HRJF9JH,399.0,399.0
SNDE25SGPV24YPRA,399.0,399.0
PCSE62VYWUAV99SC,1399.0,1100.0
PCSE73MZDRKZXTWW,660.0,459.0
PCSE9HAGNBDA7ZQ7,1000.0,1000.0
PCSEC86WYPMMQEYJ,430.0,321.0
PCSEB5BWXVDMBZUV,589.0,439.0
PCSECV3FSSB22FGE,1099.0,659.0
PCSEDE6ZNWQCXWDY,600.0,500.0
PCSEAKVBPUABUGXT,500.0,300.0
PCSDYQEVGFZSGRQJ,750.0,750.0
PCSEE4H5KH5KUBA4,1599.0,699.0
PCSE5N9BAHDXCSVB,1198.0,399.0
SNDE9P5935DJF2ZQ,1299.0,799.0
SNDECCCGM2TCHBWG,1095.0,795.0
PCSE76X4K44HZ5YY,3999.0,2999.0
PCSE4VAVF3JS4PVC,7794.0,3399.0
SNDE7RZF4GZGPFV6,999.0,499.0
PCSECV3FHFAQ9T36,1199.0,649.0
SNDEAYZZWRXJSFWH,499.0,499.0
SNDE3FPZ3A4JCXRH,499.0,399.0
WTDEDGHHFSDQXYGD,199.0,199.0
PCSE5VQ3FZTNYHHJ,1000.0,465.0
PCSEC86VZZ3CT8QK,600.0,389.0
PCSE4SFFFEAJQ4QC,1299.0,750.0
PCSDY5AFHRHDHPZR,300.0,300.0
PCSEC86VHTYFJHUW,850.0,590.0
PCSE6X3YZ6M35GZ9,1050.0,799.0
PCSE76X4VRQYUPQH,4999.0,3999.0
PCSEC86VZVTTBKJE,750.0,450.0
PCSEDP3UUPFTQFCU,1350.0,870.0
KRTECZHGC97Y3DGK,1499.0,599.0
PCSE9VDTPRQKZQQG,800.0,675.0
SNDECV7CS9FRHD6V,599.0,599.0
SNDECV7CHVXFRXZR,599.0,540.0
PCSEE2FEGTHTUGRD,700.0,500.0
SNDECV7CCGVPTAK4,599.0,540.0
SNDECV6YCADQHMUQ,499.0,499.0
PCSE6SJGHWCRAYVR,898.0,699.0
PCSDY5AHERHZSZZW,1300.0,999.0
PCSE62VYGKSQGKHF,1100.0,899.0
PCSDYQEWYHKJZ7DE,700.0,700.0
SNDDZPVYKFSZJF35,1199.0,399.0
SNDDZPVZ3HZTC7DB,1199.0,399.0
PCSECV3FTHYGHHHF,799.0,349.0
PCSEDZCC8Z5R7RTB,620.0,350.0
PCSEBFRRKJZ28AQ7,1498.0,799.0
PCSEC86VVWZKW4F3,600.0,411.0
PCSEAH5WZNWYJE8M,1500.0,1100.0
PCSEE4H5ADZDDMSR,1599.0,699.0
PCSEB3FAUUWKEPEF,699.0,491.0
ACCE6YRAHZCTEFXH,3499.0,1499.0
ACCE558KTS5PCGMF,3500.0,1350.0
PCSDY5AFBNKGE3AY,1000.0,1000.0
ACCE558KZHEPZYMG,3500.0,1350.0
ACCEF3Z2XMEEJVWE,3500.0,1350.0
PCSEAYRTUC5JRCNB,349.0,299.0
ACCE558K8QZGMAHM,3500.0,1399.0
PCSECV3FZGHEWHR9,999.0,599.0
ACCDXFFDW2X8MRFF,2800.0,1790.0
PCSDY5AFMETYABEH,999.0,600.0
ACCE8FG4JHHCTJDY,1999.0,1099.0
PCSEDYVBHT3EFHDK,800.0,499.0
PCSEAH5WHFV3CXBC,899.0,499.0
WTDEDGJYYAHGZXKE,499.0,450.0
PCSEANGCJGZDCE4T,5274.0,2625.0
PCSDY5AHKFCUQ3ZS,1300.0,1300.0
PCSEAYRTZYDSPGMB,199.0,189.0
PCSEAKVBT8SMGNXV,750.0,600.0
PCSE76X4ZJWF88JD,2899.0,1599.0
PCSEAH5WRCPTRHRN,999.0,699.0
PCSE93H3KFSDC6ZY,1400.0,900.0
PCSE76X4U7MFDPUZ,999.0,699.0
PCSEC86VU9PMZYMP,1200.0,799.0
PCSE76X4QXVW9KG9,2999.0,1599.0
SNDECYKYFPJHCSEZ,1499.0,449.0
SNDEBZY2BFKZCYPP,900.0,429.0
PCSEAH5WVHDU2YF8,1500.0,999.0
SNDEDF6WMSQJEGFN,399.0,399.0
PAEEANFJ3QQSZJYV,150.0,150.0
SNDECYKYTBUYUEPU,1499.0,449.0
PCSECPMGZFHCDKWJ,1750.0,1249.0
PCSDYQEWHCZUKEZA,800.0,500.0
PCSEAF9QMVZUJSGK,1299.0,999.0
PCSE97CPCHTJAB7M,400.0,350.0
PCSEAKVBYGBZXKNS,500.0,375.0
ACCEF3ZFTEZNYMHF,3500.0,2499.0
ACCDVPGKY3GBDB5P,3999.0,1799.0
ACCDPDJVGNGNX7QE,3800.0,2636.0
ACCDY6HY6THFGGV8,3999.0,2899.0
PCSE4TF4MZ3VZSEJ,2598.0,1299.0
PCSEC86VGEWVKHWZ,499.0,479.0
PCSEDPHM4G7WAYBA,620.0,350.0
PAEE7S8FY4CZZGJF,399.0,150.0
PCSE4V8GX9QCUTYN,3897.0,1799.0
PCSEAH5WTV9MSPJU,1500.0,799.0
PCSECV3FERKHJPUT,799.0,459.0
PCSEAH5WEFMRTDEX,999.0,550.0
PCSEAH5WVA2T7SZK,1999.0,1399.0
TUNE5Y75EKJKWVRM,1299.0,899.0
TUNE9HBZVUYGFAG2,1199.0,599.0
PCSE4VAVUQQN7W5N,7794.0,3399.0
PCSEB5BW8GUQG6ZH,399.0,269.0
PCSEC86VVGC6QANZ,650.0,439.0
PCSE2ZFDQHP9ENMD,999.0,625.0
PCSEBQ9RT9MFDUWR,649.0,399.0
PCSE98DZU6XXGY3C,499.0,350.0
PCSE4FKC73GEKW7W,450.0,444.0
PCSDYQEW5ZMFBVFQ,550.0,550.0
SNDEAGWVFMZSWDFK,495.0,349.0
PCSEDTF2Y2U6HYFQ,1740.0,1440.0
PCSEAKVBNSFWGBGE,600.0,475.0
SNDE7DZGGD2JVRBN,525.0,349.0
SNDE9G498PGVDTNN,525.0,349.0
SNDEA5EG9KPNG38S,525.0,349.0
PCSE6X3YNGC393ZG,1400.0,1150.0
SNDE85CH2PN36BUZ,525.0,349.0
PCSEC86V8PEY3TAW,640.0,425.0
SNDE6W34GVRVHWQQ,475.0,335.0
KRTE9HRZUN7HYQHG,1299.0,649.0
SNDE9GRQJQQ76ESA,525.0,349.0
PCSDYQEWUYFPRUWY,700.0,700.0
SNDE9GYPHPHJZXB7,495.0,345.0
PCSE4SFFZWMNJCAG,1299.0,750.0
PCSE6SJGYC6FWS9X,1200.0,899.0
PCSE4V8HN6NGMFBH,3897.0,1799.0
PCSE4V8HEJUFGMMV,3897.0,1799.0
PCSEDT7S9UVVR68Y,3180.0,2780.0
SNDE9DCWHZJEEPCH,499.0,450.0
PCSEBHMYCGD9W5HE,300.0,300.0
PCSEAKVBS6ZDETVX,500.0,350.0
PCSE5VQ3FBAPKERB,950.0,455.0
PCSE4TF4GDZEUZAU,2598.0,1299.0
ACCDX9Y48Z8Y5XNG,3499.0,1499.0
ACCDSY8E3XGY8UFZ,4984.0,4984.0
ACCDSY8EYJ6PTNGT,4999.0,4999.0
ACCDSY8EYXYYYYVK,4999.0,4999.0
ACCDSY8ERUYRYSUA,4999.0,3690.0
ACCDY6GWDTT9TMNY,3999.0,1799.0
ACCDXFZXSFTHCQCR,4999.0,2499.0
ACCDX8ZWFQUEPHPU,3999.0,1899.0
ACCDYDY6DPCHAN7Y,2950.0,1299.0
ACCDY6GYCSJ2UTHY,3999.0,1699.0
PCSEAH5WHJCJWVQE,499.0,299.0
ACCDSY8EDTGSEZD5,4999.0,3515.0
ACCDXFPYVJCMFGET,2699.0,1299.0
PCSDYQEV8G2ZGBNM,750.0,750.0
ACCDSY8EAED5TGZY,4999.0,4999.0
ACCDXFPYHYPFXGCY,2699.0,1299.0
ACCDSY8EMKXZM8EW,4970.0,4970.0
ACCDXFPYCSFXCJU4,2699.0,1299.0
ACCDSY8EHHF5TSKC,4999.0,4999.0
PCSEC86VYYXG23ZB,380.0,288.0
ACCDX9Y62ETH4WGB,3499.0,1799.0
PCSE4FKCZ23EPQFS,300.0,300.0
ACCDYDY6PBZGPYDT,2950.0,1299.0
ACCDXFPFEDJCKQJ3,2199.0,1499.0
ACCDY6GTHNEAPHM3,3499.0,1499.0
ACCDX8ZU3GT4AGT3,3999.0,1999.0
PCSECYY4ZSXXVKFD,1320.0,655.0
ACCDSY8EHJF6GRMG,4550.0,2478.0
ACCDYDY68JNBV4BZ,2950.0,1299.0
PCSE9HAGNASZH2FW,850.0,850.0
PCSEC86WZXZPEEZB,750.0,511.0
PCSEDFE7GAXP5XUW,700.0,500.0
PCSECYY4V8WYRVFY,1800.0,885.0
PCSEE2FECQ7EEKZF,600.0,400.0
SNDEBR9FT9GB4FBM,799.0,499.0
KRTE84EBG5SAXMJT,1250.0,850.0
PCSEE4H5QPAW4GHR,1099.0,499.0
SNDEBJGXWMQBH98F,1499.0,699.0
SNDECYHFHV7XHZNN,749.0,649.0
SNDE88HQ2ETES45A,1299.0,425.0
SNDEDGBMM8UGED7W,999.0,325.0
SNDEAVZ4MSGYFBUD,1099.0,449.0
PCSECV3FXHPSZKYA,729.0,569.0
PCSE6SJGPYFYGKUQ,2500.0,1800.0
PCSEAKVBRR8TKKZG,600.0,475.0
PCSECV3FJYUHEEZA,699.0,459.0
PCSECPHKBH3N5R7C,1700.0,1350.0
PCSEC86VGZVB4GUB,1400.0,850.0
PCSDYQEVCWZSZH8V,650.0,650.0
PAEEAMGFXAVYQWPY,80.0,80.0
PCSEDT7SDKKPUVAV,790.0,460.0
PCSDY5AFGFAQNCY9,300.0,300.0
PAEE8NUTTVUFHACZ,100.0,100.0
PCSE7Y9XGFAEZMMM,400.0,250.0
PAEE7ZWANPGQYQRZ,299.0,150.0
PCSE3X2TQH2SC9AJ,749.0,579.0
PAEE7ZWAGCXEKY8B,299.0,150.0
PCSE4TF4HYNWURSH,2598.0,1299.0
PCSE5VQ3ZHHHTSTH,1150.0,575.0
PCSEC86V2P4M3TXC,650.0,400.0
PCSE43F6RUGSKADU,799.0,549.0
PCSECV3FEADN7SYF,1199.0,599.0
PCSE3693XHY2PC9H,1899.0,1411.0
PCSEAKVBGC7CJQZT,500.0,375.0
SNDE9WZJJ8YXWU5Q,1499.0,499.0
PCSDY5AFFB4EXAX6,350.0,350.0
PCSEBXFVZSYJKRCS,240.0,240.0
ACCDX9Y48HVQYFEK,3499.0,1499.0
TUNE6VK2GCBPBYFW,990.0,495.0
PCSEANGCBNFSSQHF,2375.0,1313.0
ACCDX8ZUGJDYYJ43,3999.0,1799.0
ACCDY6GVZYHGRRPP,3499.0,1599.0
ACCDX8ZT6GGZDFHX,3999.0,1699.0
SNDE7BYJPKRZEZER,799.0,499.0
PCSDY5AFFHEADFCS,730.0,730.0
ACCDX8ZWQFTTGZYK,3999.0,1699.0
ACCDX8ZVV2RCNYCY,3999.0,1699.0
WATDKB7JA52JZRRU,750.0,750.0
WATDXFGTKC3HBKWM,999.0,999.0
PCSEC86VAFUTHBPX,750.0,515.0
ACCDX8ZUCDGVWWWB,3999.0,1699.0
ACCDY6GSECHXANDS,3499.0,1499.0
ACCDXFPFH66QGGR2,4999.0,2499.0
ACCDY6GXEZDPDUCA,3999.0,1699.0
PCSE4VAV8F9SFSGA,7794.0,3399.0
WATDZ98SPFAQVHWR,695.0,625.0
ACCDX8ZWQKAHKXCM,3999.0,1699.0
PCSE6X3Y2HSTHBDW,800.0,599.0
ACCDX8ZTH89YR2ZF,3999.0,1699.0
WATDG9F74GYWEH4U,950.0,950.0
PCSEAKVB5CUYYDCP,400.0,275.0
WATDA5ZA5FQVGMHA,750.0,750.0
ACCDXFP22ZWFQX7R,2599.0,1299.0
WATE7H4UYKQP363Z,599.0,549.0
ACCDXFFD7H52GCDD,3500.0,2041.0
PCSEAH5WWGGT8CEZ,999.0,599.0
WATE3HFNMGVTZEDS,799.0,799.0
PCSEAKVBHDHMUZGS,600.0,475.0
WATEAAV6RFAR78T4,999.0,999.0
PCSE2FMZJWGY3ZY4,9990.0,9600.0
PCSE4A2ZBHGAVCDF,999.0,525.0
SNDE6AKUC72HPWZF,499.0,499.0
WATDZ2ZQPXHZYQZJ,849.0,849.0
WATDZ2ZQE9C7GQVK,840.0,789.0
PCSE2ZFDKUZPYGKN,2999.0,1799.0
PCSE9Q6VRC3GZJNR,1999.0,1390.0
KRTEBZU5SCRHH4EQ,999.0,399.0
PCSEE4H5QCZPBWHC,1599.0,699.0
WATDNJVHHKXKVRGF,849.0,799.0
PCSEBD5MCK4SUCHD,250.0,180.0
WATDSV3UUCTKQ4ZD,1295.0,1165.0
PCSDY5AFZYUTHYZX,450.0,450.0
WATDA5ZANJ7UZ74Q,998.0,998.0
WATEFRA47HTP55E5,855.0,855.0
WATDSV3UMUNAXURA,795.0,795.0
PCSEBD5MD3X6SGBK,450.0,260.0
WATDFFH3PGFHHZH8,1095.0,1095.0
WATDSW7X8FTCNSHQ,999.0,900.0
WATE7GP3JZMFEGZG,999.0,999.0
PCSE9KBNMK98CNTR,1299.0,999.0
WATE26J7MSP5GPSY,950.0,950.0
WATE4S5RSMUXXPNV,850.0,850.0
PCSE5WB883R4ZNUN,1050.0,515.0
WATE8BTE8HHCAJPW,599.0,550.0
PCSEC86VVCMGRCYE,1250.0,1020.0
WATD9H76GH2CHZ48,750.0,750.0
PCSE9R7E3AFG7F9H,400.0,340.0
WATE54YZWYXR6Z7J,599.0,599.0
SNDDXFDZNYWTHZX6,3000.0,1320.0
WATE4Q76DZRDK8AT,855.0,855.0
PCSE7T8FVEZQZ4NT,700.0,350.0
SNDE482ZFH5GTVRD,999.0,499.0
WATE3GEY6HAPQMCE,595.0,595.0
WATDXFGTUVJZYXRD,999.0,999.0
WATE26J7Z9MEZZKH,795.0,795.0
WATDXFGTFHHKPBNV,999.0,999.0
SNDE3UG82VHVW5EX,1295.0,1295.0
WATDA5ZAGNMGD5EJ,780.0,780.0
WATDZ5HGFJCH2FGY,795.0,795.0
SNDE5HENGYQVEAN9,1599.0,740.0
PCSEEFZXJ8TG6RNP,300.0,250.0
WATE8E8PCQJAQNAP,999.0,999.0
PCSDYQEWZ9RYKJAF,500.0,500.0
WATDHHAS7U8XAFZJ,595.0,595.0
SDTEBPB9BP7FHFZV,1799.0,1099.0
WATE6S3AZNHMPTJA,999.0,999.0
WATDZ2ZQKHQKZGGT,549.0,549.0
ACCDQDYBYVQZNHCH,3999.0,1699.0
WATDCUGXHXSUHBHX,950.0,760.0
ACCDXFP2HFYAWDBT,2699.0,1299.0
PCSE4TF4DYGDKZCT,2598.0,1299.0
WATDP5NHCGSBNZZY,950.0,950.0
ACCDXFPF4KZFGJEF,4999.0,2499.0
PCSE9Q94CCMNHPRM,450.0,399.0
ACCDXFPYAGWPT5WZ,2699.0,1299.0
WATDG9F7TQKGHZHQ,749.0,749.0
ACCDQDYBQZPEEXTY,3999.0,1699.0
ACCDQDYBUGDKDYJS,3999.0,1699.0
WATE34FM4B65YDDE,995.0,995.0
ACCDX9Y3MJET7BHY,3499.0,1499.0
PCSE6X3YPUZD9HQM,700.0,399.0
ACCDXFZXH75VJZE8,4999.0,2499.0
WATDSV3UZED5XFHA,895.0,850.0
PCSE92AP2AN6QBX5,280.0,240.0
WATDYFQ559FZWRSQ,695.0,675.0
ACCDQDYBPHVQ9EFC,3999.0,1699.0
WATEBVHCPGUXSH5U,725.0,725.0
ACCDXFZXGQTBTM6N,4999.0,2499.0
WATE8E8PATYHTDMD,999.0,999.0
ACCDQDYBHJGAG4NQ,3999.0,1699.0
PCSECYY4D7SZHMCV,1325.0,625.0
ACCDQDYBDNZRPMSW,3999.0,1699.0
ACCDQDYBQ7YH7EF5,3999.0,1699.0
PCSE27VV35ZGZBB3,350.0,290.0
WATDZRZGCSSQ8RYS,725.0,725.0
ACCDQDYBZEQG6HPZ,3999.0,1699.0
PAEE8AHWJWMDAXZU,150.0,150.0
WATE6S3AMDGT5PVG,1099.0,1099.0
ACCDQDYBYCX69WHA,3999.0,1699.0
PAEEAMGF59H8UHFV,80.0,80.0
WATE9GY45FP9GKUB,599.0,550.0
TUNEB73EWGGZHHTG,1499.0,1499.0
ACCDQDYBNKEVMMCU,3999.0,1699.0
PCSEBAGPMNWQYGP5,500.0,339.0
WATE4S5RZ8P5JZHZ,795.0,795.0
WATDJYPXSKYGWPXF,999.0,999.0
TUNE8SFB6RJN2HSD,1349.0,684.0
PCSEBYMQRGV6RKDZ,600.0,549.0
ACCDQDYBXJ9HZF37,3999.0,1699.0
WATDG9F7SDHKQNRJ,899.0,899.0
TUNEARU7H4ZGXZKF,1599.0,575.0
WATDZ2ZQK6VS9DB4,968.0,968.0
ACCDQDYBKTC6G9GH,3999.0,1699.0
PCSEC86VCKS2FGGK,1400.0,1080.0
WATDNAUBP94U2VZE,899.0,899.0
WATEYG9YBGAFF7BA,799.0,799.0
ACCDQDYBMZDHCNRA,3999.0,1699.0
WATDZMBRXFZUUD2Z,599.0,570.0
WATDHUKBGWGCHQQX,1075.0,965.0
WATE3NWHWKVDFSDN,799.0,799.0
WATD9XFGAJQGR4AQ,995.0,995.0
WATDUNJ7W7ZKGGJQ,995.0,895.0
PCSE4V8HHSXNPZJW,3897.0,1799.0
WATE2FAH5NM8VY5A,855.0,855.0
PCSE9R3UWEMF57RQ,1200.0,920.0
WATE4S5RZY2TJUHP,695.0,695.0
WATDZ5HGDFYKXHYT,795.0,795.0
PCSDY5AFP2FZRXVM,400.0,400.0
PCSEDAPMHR2HNHWP,1250.0,999.0
WATDYFQ5WF55NGQJ,775.0,725.0
WATE5HFYFWFCXEPT,699.0,699.0
PCSEC86VKYNCPSDK,800.0,495.0
PCSEE4H5ZWFVZ3GB,1199.0,599.0
WATDZ2ZQGWW4QGNK,850.0,850.0
PCSDY5AHUNGBYFXH,1350.0,849.0
PCSDY5AFQE42NNTK,750.0,750.0
WATDZMBRPYAYTP4G,599.0,599.0
WATDUNJ7AZ9RYTAF,1175.0,1060.0
PCSEDN38QJGPN6JU,1200.0,949.0
WATDAZPXK8FSPGB4,995.0,995.0
WATEYY4X2SYPGHSX,895.0,800.0
WATEYAP3GD6VYR5U,705.0,705.0
PCSECV3FQMPQNATZ,959.0,599.0
WATE6NVSM2KFHF2R,799.0,799.0
WATE3NWHWHGSECNQ,849.0,849.0
WATE4S5RKYHT9W3Z,995.0,895.0
PCSE9HAGHNGNRHZD,1000.0,1000.0
WATE9GH8WRBSPWKJ,699.0,699.0
PAEE8NDKFTPRKYMU,80.0,80.0
WATDNA7SWQ4ECPVS,995.0,995.0
WATDHMQJ68MVBRFV,950.0,950.0
PCSEAH5WCDGS8YCZ,1800.0,999.0
WATEYUZXGKHXNTXB,799.0,799.0
WATDGDHYCPR2PPSK,649.0,649.0
PAEE7A8QGN6WSYAG,299.0,180.0
WATDJYPXTMY5X5ZW,999.0,999.0
PCSE4FKCKZZMHKYG,250.0,239.0
WATEY7SDM6TDEZCK,995.0,995.0
PAEE8EZHFTKBMTCY,110.0,100.0
WATDXFGTMYAAZYW8,999.0,999.0
PAEEAMGFXKHUCKYD,80.0,80.0
WATDJTR9BN4BB5AJ,675.0,675.0
WATDJTR9ADKGNP68,850.0,825.0
PCSECV3FZ3UG3Y2Z,1499.0,869.0
WATDZ5HGZZCZXDNC,975.0,880.0
WATDFFH3KJYBTYGG,999.0,999.0
PCSE4SFFJSWJZVH4,1299.0,750.0
SNDE3E6YB6AZJDGC,998.0,499.0
PCSE6SJGZWXPQY9G,2000.0,1600.0
SNDE4NZCJHXMJFTX,4200.0,999.0
WATDG9F723NCPXNU,999.0,999.0
WATDUK7DV6GSTKRD,899.0,899.0
PCSE76JVDFPCYYH8,950.0,600.0
TUNE8XCD5NGNPDYJ,1670.0,1419.0
TUNE58HDNTMBK4VQ,2170.0,1193.0
WATDJTR93NB8HHQC,1075.0,995.0
KRTECEGGYURK73ZK,799.0,299.0
PCSDY5AHEENB3Q9X,1299.0,599.0
WATE2HX6JQGRXSEA,949.0,875.0
TUNEFKJFT6H4JTHG,1099.0,477.0
WATDSW7XNVZSGF2U,999.0,999.0
PCSEC86VK6TNZVZM,500.0,312.0
WATDKB7JW7USDVZ6,749.0,749.0
WATDZ2ZQGEYGQCFX,599.0,599.0
WATE3NWHSTPCDGRM,899.0,899.0
PCSE76X46YQXPRGD,999.0,699.0
WATE7ZNJMHZDZDEW,957.0,957.0
WATDTWRZKSXQCXDP,999.0,999.0
WATEFEYNXTFZGEHC,795.0,795.0
WATDZ2ZQYNBVMVGD,770.0,770.0
PCSEAKVBCZWH8HDS,500.0,375.0
WATD9XFGSYPAUWG7,650.0,650.0
WATEY7SDNRGSEDEE,655.0,655.0
PCSE6SJGWAZ9H2MG,1000.0,799.0
WATDZ2ZQTPKQZEHG,1125.0,1125.0
PCSEAH5WWRYGEVGZ,1500.0,799.0
WATE8H957FY57WCH,599.0,550.0
WATDVJNATRBF2C3W,699.0,699.0
WATDGFAQCFCVSJPA,750.0,698.0
WATDYQ93DYDURETE,595.0,595.0
PCSDY5AFPWQBABVU,400.0,400.0
WATEFR35RSGBNGWW,899.0,899.0
WATDZ5HGRGZG4AFT,695.0,695.0
WATDNV3VGWQEVHJU,850.0,774.0
PCSEAH5W7AUAGFAU,1200.0,799.0
PCSE4TF4YFQR3CRK,2598.0,1299.0
WATDSV3UHYZTAU58,575.0,575.0
PCSE9YCZXDYVMBYZ,1299.0,999.0
WATDN8YFDYTSWDFF,825.0,825.0
PCSE4VAV6VRPYEDV,7794.0,3399.0
PCSEB5BWGMQMBCSG,499.0,309.0
WATDZ2ZQC7WH5JS2,899.0,899.0
PCSEE4H5ZCFWZZRZ,1599.0,799.0
WATEYAP3UAQ2H5MM,855.0,855.0
PCSE7B6U2VYJZWSQ,850.0,510.0
WATD9H76RKGUUZHY,950.0,865.0
SNDEFGEAF4GRHHX8,2299.0,988.0
SNDE62UFPXUNHGGF,1900.0,799.0
PCSE6SJGYMZB6CHV,1200.0,999.0
WATDG4KP445AV5XC,895.0,895.0
WATEYY4XDYZF4QDB,625.0,593.0
KRTE5PEEG7YAGENZ,899.0,449.0
SNDE62UFQC984CDM,2080.0,699.0
PCSE4VAVGZGPZGF2,7794.0,3399.0
WATDA5ZAG2DH6D2R,899.0,899.0
SNDE6SCTV6BCGRNV,1695.0,1356.0
KRTE5RNER2AGFGCV,1099.0,499.0
KRTE5V2GGGFXSMGR,999.0,449.0
PCSEAKVBJD4VKMNP,400.0,275.0
WATDG9F7KNFKTDCF,950.0,950.0
WATEA2H8FTBKZGGG,599.0,599.0
PCSE93H4Q5THF7PG,900.0,600.0
PCSEE4H5GPSUFGGX,899.0,399.0
WATDJYPXKHPPNGQK,999.0,999.0
TUNEA8UGGGDERAHT,700.0,700.0
WATE5HFYUJV3QGWX,899.0,899.0
TUNEAUVH8G8ZPGYC,1499.0,1049.0
WATE8PB23WX4SNVG,650.0,599.0
WATE7VE2D62VEKW8,695.0,695.0
PCSE9ZPV7HAPCFZ6,1600.0,1450.0
WATDZ2ZQNBEYZEWR,899.0,899.0
PCSEAH5WXGQA9GFC,1999.0,1499.0
SNDE9HRW9ZVPG9A6,999.0,499.0
WATDP5NHXYENPWQW,575.0,575.0
SNDE3NWJBWJXJ6ZV,795.0,395.0
SNDE7VEFHDQF8QRS,998.0,499.0
PCSEC86VEVSKD5ZY,680.0,420.0
WATDYQ938HFU8M8J,850.0,850.0
SNDE3NWJTFFMUURW,795.0,395.0
SNDECZJR6APCXEZ4,1000.0,499.0
SNDE3NWJCPNHJZGZ,795.0,395.0
PCSEAYRTUYVYYC6Y,549.0,450.0
WATECKRCSC8WGWG5,999.0,999.0
PCSE6X3YCSZEG67R,1300.0,1090.0
WATDZ2ZQGTENGJDH,999.0,949.0
PCSE98DZGXUN5KSW,400.0,300.0
PCSE9TGZ5PHYFNAY,350.0,250.0
PCSECYY4NYESZ8CP,1850.0,895.0
PCSE76X48PVSDDVK,4999.0,3099.0
WATEYAP32BAUMHMD,745.0,745.0
PCSEE4H5H7QPQHYP,1099.0,499.0
WATEYY4XQ4GEP7HV,625.0,625.0
WATDJTR979TAXJJZ,699.0,699.0
WATDK2G2WM5XHF9S,799.0,799.0
WATDA5ZAXAP2VTGQ,630.0,630.0
PCSEE4H5UQNCDY7G,899.0,399.0
WATE5HFYHRG5HKQ2,699.0,699.0
WATE26J7ZMQDQGZN,950.0,950.0
WATDJTR9HJQGBGWG,750.0,750.0
PCSEAKVBZUG8VZF5,600.0,475.0
WATDGNATHYWSGVE8,525.0,525.0
WATDZ5HGUUHWPYHC,950.0,950.0
PAEE7A8QVZTNQBBY,299.0,160.0
PCSE94FSG87ETQY2,500.0,440.0
WATE8C5ZUTSGNEMF,599.0,550.0
WATDZ5HGXEYDHBWD,695.0,675.0
PCSE4ZQ8TRUZDMEU,4300.0,1675.0
WATDZ5HGF5UXGZVG,995.0,995.0
PCSEC86VEBNYKRB5,950.0,650.0
WATDWABR2QMHU2YK,575.0,575.0
PCSE6SJGY3ZSWGZ3,1600.0,1300.0
WATDA5ZABPHZZV3Q,999.0,999.0
PCSEDSENCUDSXHMR,590.0,320.0
PCSEAKVBFTUD49VH,500.0,350.0
WATDUGUZABNT4RRT,595.0,595.0
PCSEAYRTWFFHXZF7,199.0,149.0
WATDZ2ZQHSAYJPWK,845.0,794.0
PCSE4FKCFUXFP9VW,555.0,500.0
WATDZ5HGMZ3FZ8ET,810.0,810.0
WATDA5ZAHQJNHKJV,799.0,799.0
KRTE8FTB4MQ77HHZ,999.0,399.0
KRTE8BQ3PS5DHXTC,1199.0,549.0
WATDJTR9HKKRXKTJ,595.0,595.0
KRTE9JEY64DMCQMC,1199.0,549.0
PCSEE27FVCXHZZ42,600.0,500.0
WATDZ5HGWG5B5ZWM,575.0,575.0
PCSEAH5WAEHFFNDZ,1600.0,1199.0
PCSEC86VDFGEAMXY,825.0,439.0
PCSEBAGCPVDXVN7G,750.0,599.0
PCSE6SJGJVPE868F,600.0,499.0
PCSDY5AFFQG43YQW,165.0,165.0
KRTE9JEY2HZZN9YW,1199.0,399.0
KRTE8E8NEFJMDNAS,1199.0,749.0
KRTE9JEZ28H4ZWM4,1199.0,449.0
KRTE9JEYFG5UVPG3,1199.0,549.0
KRTE6TC8JFHYB6GH,1599.0,554.0
KRTE92H8GPYRZHVD,1199.0,399.0
WATDZ2ZQWKH2ERZ9,925.0,879.0
WATE9GY4HKXC8Z5E,599.0,550.0
PCSE3YFFCYQVRNYX,499.0,200.0
WATE7VEFGZW7M8UD,695.0,695.0
PCSE9UHWYFHEPB62,1299.0,999.0
PCSED7G5QSRGNGTW,160.0,150.0
WATDYFQ5664GGDGN,795.0,750.0
WATD9H76UXEZHVUF,950.0,950.0
PCSEC86VSX45XVZS,680.0,439.0
WATE8E8PCEJNWYCX,999.0,999.0
TUNE8FWQBS7TVVT7,1400.0,560.0
WATDPV5TUCGZ8JCN,999.0,999.0
PCSE4Q73ZVYGCYMF,1350.0,949.0
WATEYUZXGBYVBF24,750.0,750.0
PCSEAYRTZXHEJJHJ,249.0,199.0
PCSE3X2TT32P5RPH,1679.0,1479.0
PCSECPH2QUEJGJQA,1800.0,1449.0
WATDP5VZZQPZSNZW,550.0,550.0
WATEYAP3ENSXBF7E,755.0,755.0
PCSEDUT3FS8UTKJQ,800.0,599.0
PCSE3X2TJCZGDYYZ,749.0,579.0
PCSEAH5WZYZA5EVA,1200.0,799.0
WATE5HFYAAFVDZMJ,599.0,599.0
WATE8E8PMU6ZRZGZ,999.0,999.0
WTDEDGHHGDEPSSRR,199.0,199.0
PCSE9V6C5NJPG2NN,1299.0,999.0
WATDZ5HGJEQGGB6U,650.0,650.0
WATDZMBRGZ4U7SQX,699.0,665.0
WATE8BTECCNFHG9Y,599.0,550.0
SNDE3VT3MMFHKD4Z,999.0,399.0
PCSEAKVBSWFTSSKN,750.0,600.0
WATDZ2ZQQXGGKMP8,925.0,869.0
PCSDY5AHM2SEJM4K,1000.0,1000.0
PCSE27VWRYYZMNZE,430.0,430.0
WATD9H76RG5FQT5Y,825.0,825.0
WATD9H76VEZPMPCK,549.0,549.0
PCSE2FMZFNZ4GBWB,13000.0,12500.0
PCSE4TF3HP7QP3NR,1299.0,750.0
WATEF3HQZ3KB7U4V,999.0,999.0
WATDWABRFCWT2DD3,599.0,599.0
PCSE4VAVUPCMZZ7A,7794.0,3399.0
PCSEC99MJKWX7FXG,2700.0,1499.0
WATE8BTE58AGYHNX,599.0,550.0
WATDXFGTEHGJXZBP,999.0,999.0
WATEFWP4V5ZEHZZY,899.0,899.0
PCSEE4H584BM2R72,1099.0,499.0
WATE3NWH5FZWAMDA,725.0,725.0
WATDWGAHMR6NHPWB,999.0,999.0
PCSE4V8HRKQH5A5V,3897.0,1799.0
WATE9GY44ZQHHFGP,599.0,550.0
PCSEC86V5NPJGZP7,520.0,336.0
PCSEE4H5JMQQK2N5,1199.0,599.0
PCSE4V8GR7NGY9N6,3897.0,1799.0
WATDWBHR38VKQAKG,595.0,476.0
PCSEAKVB26QCWWVF,500.0,350.0
SNDE4NYH4WHQFZTW,1499.0,399.0
PCSECV3FHFGEG7FG,1499.0,869.0
WATEYAP3JHSPPR9G,855.0,855.0
PCSEAHJCVPRUPVHX,480.0,480.0
WATDJYPXGCMMFZCX,999.0,999.0
PCSEAH5WZB8HNWEG,1400.0,999.0
PCSEDMVVGX3VY4MV,2000.0,1600.0
PCSDYQEWA86AYYVF,1200.0,1200.0
TUNE8X8ZCJX3CJ7K,1699.0,747.0
TUNE8X8ZQ6RFD8JK,800.0,349.0
WATDXFGTHYZXYY4N,999.0,999.0
WATE5HFYCNY5Z8YK,699.0,699.0
WATDZ2ZQGUATCWJT,980.0,921.0
BBADR6BH7Y9CTAEH,1200.0,529.0
WATD9H76PGK9R3E2,809.0,809.0
WATDPV5TSNWTZJWX,999.0,999.0
BBAECEJ9FPDUZECT,4500.0,1349.0
WATDUNJ7VGBH2HJ3,995.0,895.0
WATDTWRZQASCHSMK,999.0,999.0
WATDTDZGVUUNFPYD,950.0,850.0
WATE5HFYDB443B3C,699.0,699.0
WATDGNATBZDSZHGX,725.0,725.0
WATE4S5RZZY6ZCSA,795.0,795.0
WATDZDGRHWMT3DH8,699.0,699.0
WATDZ5HGF7WGCFGH,650.0,650.0
WATDZT4HFBZ7SXZE,525.0,525.0
WATDPV5TVAPYZCJA,525.0,525.0
WATEYAP32CYSTUGF,915.0,915.0
KRTECTVAEGPYJBHB,946.0,446.0
WATDHHASRYSYZGQV,595.0,595.0
KRTECQSNBZUTA92K,666.0,346.0
KRTECQSZ85P8QKZU,1196.0,606.0
KRTECQSNY3GFESAZ,896.0,446.0
KRTECQSNMNUQPNNW,1156.0,576.0
SNDECCHARYUEZVVD,1199.0,499.0
WATE26J7AQZKRJPK,795.0,795.0
KRTEBSMKCGFESHYX,1299.0,716.0
KRTEBKQJFWMZHRRF,1299.0,776.0
SNDEBCQZHYXUYHPN,450.0,450.0
WATDP5NHENJGYYXF,725.0,700.0
KRTECQSNFQVPNEND,946.0,356.0
SNDEARQ3EKZNNP4M,499.0,349.0
WATDYQ93UUZYVFQX,800.0,800.0
KRTECQSNKCF92SE3,1199.0,599.0
SNDE95MFPFPJ66M6,899.0,499.0
KRTECQSZAZSPPJWZ,896.0,446.0
WATDZ2ZQ8JPDHCTJ,1029.0,1029.0
SNDE5E6BCHZCC7JQ,799.0,449.0
KRTEBKQJGSRG2MRV,1249.0,726.0
WATE82VVWGASC4SZ,995.0,995.0
KRTEC89NQNYTJC9S,849.0,496.0
WATE2FAHHP3FEYG6,855.0,855.0
KRTEDQ5CCYKYNK6K,1000.0,549.0
KRTEBMR28FKFZHGD,849.0,496.0
KRTEC89PH6PVAQDT,1199.0,676.0
WATDXFGTREYMG4ZW,999.0,999.0
WATDDAYYPCVYBPYE,549.0,549.0
KRTECQSNHJZPWYCS,1156.0,576.0
SNDE8F3S7QHTHPVG,999.0,899.0
WATDZ2ZQAFGKBF2Z,1099.0,1085.0
TUNE9EW7STRYPZAH,1750.0,721.0
TUNE6S44RSASZMB6,1160.0,399.0
TUNEB7FU74F3UGVH,2550.0,1200.0
WATECKYXXHUYCHQZ,795.0,795.0
WATDXB5HPZFBCDG4,1095.0,999.0
WATDYFQ5UHW3SK4N,995.0,945.0
WATDJYPXZMUSCBJN,999.0,999.0
WATE5HFYE4KECYVA,699.0,699.0
WATDEWZ9UMDYPWYC,750.0,750.0
WATDDXF3D4SGXCW8,750.0,750.0
WATE8H95AJHGJWGY,599.0,550.0
WATE8PBFS9CWJYRP,650.0,650.0
WATDGDHYHGDPZNCX,550.0,550.0
WATEYAP38HHARJDT,995.0,995.0
WATDQKYFVYKGPAKA,749.0,749.0
WATDA5ZAWCTQHAY4,780.0,780.0
WATDP98GNAWTNAEJ,799.0,799.0
WATDA5ZAYCZRQQXH,925.0,915.0
WATDWGAHRCPFYWGW,725.0,725.0
WATEYAP3HZBXA4N5,995.0,995.0
WATDZNSHJHDTS9GN,999.0,899.0
WATEBG8FGBPUPKCV,925.0,799.0
WATDZRZGZAM7HDGV,725.0,725.0
WATDWBHRGZQZQAFZ,575.0,460.0
WATE7F5JK2JFFHD5,599.0,550.0
WATDUNJ7YKMGG9RZ,950.0,950.0
WATE8BTEKQQGHJGV,599.0,550.0
WATDJYPXTT4DQARH,999.0,999.0
WATE8EGFYTPZYMBR,999.0,999.0
SNDEY8PHWKQCADZD,1299.0,649.0
WATE9ZYZTKUEFFVG,999.0,999.0
WATD9H76UHVYGDPA,795.0,795.0
WATE7VE24DXUPMAG,695.0,695.0
SNDE5TY3KAETEZVX,499.0,499.0
TUNEB42QZJVHMB9R,1299.0,779.0
SNDDQQMSMNSQGJMP,1299.0,388.0
TUNEB42Q7WY4HRFN,1199.0,719.0
SNDE56UUKGHHWFGF,1999.0,999.0
WATD9H766HFJKMBM,995.0,995.0
TUNEB42QBZHYP57B,1399.0,839.0
SNDE56UUTHBTQMQ2,1999.0,999.0
WATD9H76YMYPCMCK,649.0,649.0
TUNEB73EGJWTPJ7V,1299.0,1299.0
WATDBRSFAY6UKWMJ,895.0,795.0
TUNE6BCYWTRKGGKA,1099.0,547.0
WATEYAP36PGRZFU3,995.0,995.0
TUNEB73EF5SSGWGS,1299.0,1299.0
WATEF3HQQCVQCJN7,999.0,999.0
TUNEBYH39YV2GFFT,999.0,445.0
TUNE7ZAUNQHFTXEE,549.0,549.0
TUNEA4DTPGMEGRAS,1249.0,811.0
WATEYP8CTDHWH7N9,950.0,850.0
TUNE77HWAG2MK4QB,1299.0,779.0
WATD9H76QFGFQAHV,825.0,825.0
WATDUK7DKS6AJZYK,999.0,999.0
TUNEBE8ADXWRGGKG,1200.0,499.0
TUNEBE8ADAYHZ4PG,1200.0,499.0
WATDFFH3RVHGTBR3,898.0,898.0
TUNEBE8ANHY2UQGE,1200.0,499.0
WATEYAP2ZFEV2JKG,825.0,825.0
WATDXFGTP3FEMGEH,999.0,999.0
WATE3YHHPC4ZBWZ8,750.0,750.0
WATDHUKBNTNDRZ4Q,750.0,750.0
WATE5HFYK4YWECKH,799.0,799.0
WATDDXF3B7QGT3MC,750.0,750.0
WATE2FAHSMPK4TPR,855.0,855.0
WATD9H76GF3QFV22,995.0,995.0
WATDUNJ7PGYUWDGQ,895.0,825.0
WATD9H76JFET8VUK,799.0,799.0
WATE86PH9NEZJWHK,999.0,999.0
WATE5HFYXEJRCTHF,899.0,899.0
WATDFFH3DEZDAWPB,999.0,999.0
WATEYAP3SPZUKHCP,855.0,855.0
WATE6D2XZWXHHPUM,595.0,595.0
WATDZ5HGHXGGHBCX,699.0,699.0
WATDZ2ZQT4ZNRHPU,999.0,999.0
WATDE9NFPB9TBVSK,995.0,995.0
WATDHHASYQHYZH2H,800.0,800.0
WATE5HFYHPFHRCHY,899.0,899.0
WATDWGAHG7AHMW6Y,799.0,751.0
WATEYAP3WGHZZ3FA,855.0,855.0
WATE3HFNNASZJQYH,750.0,750.0
WATDWBHRJHAHKCWG,595.0,476.0
WATE8PBFJDAEDYFQ,650.0,650.0
WATE9GH8QASP5G3U,699.0,699.0
WATED9T48YVSTAA5,699.0,699.0
WATDUK7D7X7MHZYB,899.0,899.0
WATEYAP3FEPWZ8MH,795.0,795.0
WATDNA7SJNHR6YB9,795.0,795.0
WATE67FBCSSHQMZZ,695.0,695.0
WATDJYPXHK7YPECY,999.0,999.0
WATDVGGHWZBHXYBS,550.0,550.0
WATE8PBFZKV5BYDZ,599.0,599.0
WATD9H76N5WQYVGJ,795.0,795.0
WATE9ZYZRREUHQN4,899.0,899.0
WATEYUZXUHBBRZD6,750.0,750.0
WATE7NSTSTUUH7WM,1045.0,995.0
WATDJYPXRGYP5XVT,999.0,999.0
SNDEAHQKYZFGCH7G,1690.0,1014.0
SNDEDGAFFSHFKZN2,2499.0,1499.0
WATEBVHCRKMVBGHW,745.0,745.0
WATDGFAQBJJV2TTK,799.0,799.0
SNDED6556RHZN32H,1599.0,799.0
WATE4CG2YBUS7SJQ,850.0,850.0
WATE5HFYSH7YKZTM,699.0,699.0
WATE4S5RKVGMKTRQ,995.0,995.0
WATEYAP32YHZRCMU,855.0,855.0
WATDNA7SYSHZJ9PA,795.0,795.0
WATDZ2ZQTQVJYHZ4,750.0,750.0
WATDXFGTBUZJVTZQ,999.0,999.0
WATDZ5HGJGTPBEHB,995.0,995.0
WATECFYFXUKZGCVF,599.0,599.0
WATE26J7DTHUYJN8,925.0,925.0
WATE5HFY4MJX6CHD,799.0,799.0
WATDG4KPSFPXYPSR,995.0,896.0
WATDBRSF9CKTYBB7,830.0,830.0
WATE6S3AHZXW9GPK,1090.0,1090.0
WATDZ5HGGUGHEZMH,925.0,925.0
WATDVGGHNSHKU4ED,550.0,550.0
WATE2FAHEHGG5UD6,855.0,855.0
WATDEWZ9KHPSHESC,750.0,750.0
WATEYAP3B7Z2BSYV,765.0,765.0
WATEYAP3CZFYJJDQ,895.0,895.0
WATDEWZ9UHSEHGZG,750.0,750.0
WATDZ5HGPR2KZEQG,650.0,650.0
WATE26J74MGUBFFB,950.0,950.0
WATDT6GFNJN4WGYD,750.0,750.0
WATE6NVSV5WVHAQX,825.0,825.0
WATE63YU8EVHZRCQ,599.0,550.0
WATEFEYNFCM9JJER,955.0,955.0
WATEAGN9N869ZYKV,920.0,920.0
WATE8E8PGC6SARZG,999.0,999.0
WATE8E8PFRKYYXQP,999.0,999.0
WATDKB7JHUHHVMU9,750.0,750.0
WATEYUZXN2DHGZ36,750.0,750.0
WATE2FAGESM5B5VZ,855.0,855.0
WATD9H76H9EHPBUF,750.0,750.0
WATEYUZXWKUESAYZ,750.0,750.0
WATE7VE2MFQWBF4H,695.0,695.0
SNDE7PY9TG8P7YYR,1099.0,449.0
WATEYAP3K2QQQWDH,855.0,855.0
SNDE8SSKSSARAXHJ,699.0,499.0
WATE26J747RNXYG7,795.0,795.0
SNDE8VY9K2JGMJJZ,999.0,399.0
SNDEBKH7XHJFKG2H,898.0,545.0
WATDA5ZA3Z3UJJJQ,749.0,749.0
SNDE7CZENV3E8ZZZ,899.0,489.0
SNDEBKH9ZYMQZ5SE,1299.0,598.0
WATE3YHHFFCUGZFB,750.0,750.0
WATDA5ZA3R73RZWC,999.0,999.0
WATDP753NMW4UDE7,950.0,950.0
SNDEBWZUGVHQYNRS,699.0,594.0
SNDECHZFERU9ENEW,1799.0,847.0
WATE67FBBHGKMYF8,695.0,695.0
SNDECHZFESTFWGTA,1199.0,599.0
SNDECFHYQBS2HJEZ,999.0,599.0
WATDYFQ557AP8EVM,675.0,641.0
WATEYAP3S3TD5EMR,855.0,855.0
PYJEGN9Q9NWSUYGB,6217.0,2487.0
CLTEGE4SGRTVHXAW,699.0,349.0
ACBEGNRDC8MDNRCW,1700.0,820.0
SGLEGBV7SWPSNVWW,799.0,499.0
BRAEGGFEY75GD3AZ,1350.0,624.0
JCKDXPJGEBDHVZ9G,599.0,599.0
SUDEGGAVT5ZMRSZA,459.0,199.0
WFCEGE8AWTDDUAMC,490.0,249.0
SNDEGHUTJWZTDZ4Y,999.0,398.0
SGLEGBV7VGZM7BFR,899.0,499.0
SNDEGHUUNWUVGHWK,999.0,428.0
ACCEGG9VJJHGYPN4,399.0,159.0
TSHEGGPPRG4SUZHU,399.0,399.0
SOCEGHH8ZDCZYSKX,1099.0,296.0
SGLEGBV6MF4E396Z,699.0,399.0
JEAEGFMZCDKBCGMJ,2000.0,588.0
TSHEGG9GBENXNKUZ,798.0,389.0
BBAEGJFQYX2ENC4X,450.0,225.0
BBAEGGDD5QZWZQDT,1470.0,1323.0
BRFEHWGATNCYJT9K,399.0,299.0
SUDEGGAU7XR6PG2K,459.0,199.0
SUDEGGB5XKHZ8YRV,459.0,199.0
DRPEHGFFGQTXK3E3,2145.0,1608.0
CTPEGGFREGQYG8VT,959.0,329.0
SOCEGHM6JKRDJY33,1400.0,1400.0
SFFEHTGHZGMHTZA7,499.0,199.0
ACCEGG9V98NCXGPE,399.0,159.0
SGLEGBV87JYW72HN,799.0,499.0
BBAEFKXVXVM8SYZW,699.0,399.0
SOCEGHM9VGXDGFMF,1400.0,1400.0
MATE49ATUKJUVFW4,999.0,799.0
JEAEGE8RZKMRFFYN,1299.0,899.0
JEAEGGAY5GMTJ2HN,1749.0,699.0
SUDEGGB473ACY9MF,459.0,199.0
SGLEGBV8VZ4QSREY,799.0,499.0
TSHEGF9S8MT2MVYV,1099.0,879.0
ACCEGGAYDMUYE7SK,399.0,159.0
BAREGGF8NBTFWU4G,2199.0,1099.0
SNDEGGA6DEY3GHEF,1999.0,1399.0
BALEGF9PZWC68R3G,299.0,299.0
SGLEGGG3PBR9XMDF,1199.0,499.0
ACCEGGAYF5HTP4RG,399.0,159.0
SUDEGGB28WWTGFUY,459.0,199.0
JEAEGCF5GJNHE3YU,999.0,499.0
SGLEGBV6FW3VWD2H,699.0,399.0
SGLEGBV7DZKMKTUG,799.0,499.0
SGLEGBV4QFHTNHE2,999.0,599.0
ACCEGGDGP2KETAD9,1299.0,799.0
BBAEGFHXHG9BJS8K,3330.0,2997.0
BRAEGJFXKXXSXYXC,399.0,279.0
SNDEGGQ2QZ2HMFYB,1199.0,470.0
JEAEGFMNENQ9G6AN,2000.0,588.0
BRAEGGER5HFB7YXT,499.0,349.0
BBAEGJFRDFNK9FCH,450.0,225.0
BRAEGJFXV7XKSGA2,499.0,249.0
SGLEGBV6ZNUJNJS9,699.0,399.0
CLKEGH4ADYDTQFHE,399.0,269.0
BBAEGG92TNZXGWP2,3130.0,2817.0
DRPEHGFG2FPKZEBB,2195.0,1646.0
BRAEGJFX4HPHMBWT,399.0,279.0
SGLEGBV6USTHRNDH,999.0,599.0
ACCEGG9Z5UB2JZYH,399.0,159.0
SGLEGBV6PV5AZQMH,699.0,399.0
BRAEG7AYZAQBS3EH,1999.0,999.0
BRAEGJFXJGTRFEYE,599.0,349.0
TSHEGG9KQHGQEZXS,798.0,389.0
BANDNHT9FSHKAEYM,900.0,270.0
BRAEGJFXUHYZPDWZ,799.0,319.0
BEMEGFHSDCNRX9SG,9094.0,6820.0
ACCEGGHE7H4QBGSC,1500.0,610.0
ACCEGG9UN8H6EHGA,399.0,159.0
SFFEG3FYNEASKCQK,1500.0,499.0
DRPEHWBFVFRQHHDG,2400.0,724.0
BRAEGJFXSM9ZQ6SK,599.0,479.0
JEAEGF6NP8SFSGM7,1150.0,925.0
TSHEGF8JWKNUMBWJ,299.0,299.0
BRAEGG4P8HYHRAC9,1350.0,624.0
WFCEGE8AZHGFEP8H,599.0,399.0
SUDEGGB3E5K4UNYW,459.0,199.0
TRCEGFEN7UKGF4HB,1538.0,699.0
SGLEGBV5ANNWWFZX,999.0,599.0
BRFEGGQG344GRQQJ,1640.0,839.0
BAREGJ8B2Y3TPUWH,1299.0,499.0
ACCEGJ6KADZTTH3T,999.0,360.0
BRAEGGPYK5FYZPYT,700.0,349.0
JEAEGGDJSGBFYYDF,1599.0,612.0
BBAEHQKMBQTG3E6J,2000.0,1200.0
BBAEGJFQSXZSNB67,350.0,175.0
JEAEHUHKSYBRET3D,3599.0,1799.0
BRAEGG4PJFZEHY5T,1350.0,624.0
BRAEGGFEQRWYDHHK,1350.0,624.0
BRAEGJFX4TT4SEGR,279.0,279.0
SGLEGBV6TXYCHAVG,699.0,399.0
JEAEHYN8MJW4J2BP,1149.0,499.0
SLTEGE83BPHD2N2R,1099.0,399.0
SGLEGBV7HZZGTJTF,699.0,399.0
SUDEGGAVHGYEQJAH,459.0,199.0
BRAEGJFX2VW8NSMP,599.0,479.0
TSHEGG9HK9ZZ5FMZ,798.0,389.0
DRPEHXABYQUYAMNH,1999.0,1199.0
ACCEGGBSWNJB4QEF,399.0,159.0
DRPEEZNFGG9J9KAV,2199.0,999.0
BBAEGFFGE9YP5PFZ,2920.0,2628.0
SNDEGJFVJAHQCENF,799.0,399.0
BBAEGHKRYKUQDXBH,1599.0,1199.0
SOCEGHM6YYCTBXHS,1999.0,510.0
SFFEG3FZXBBHJHZG,1500.0,499.0
BBAEGJFQNBWP6G4G,450.0,225.0
SNDEGFJHB7XH9YPW,1499.0,499.0
ACCEGG9VGRMQGHRD,399.0,159.0
MATE49ATZAJFGTHF,899.0,399.0
SGLEGBV5STVHGKTD,699.0,399.0
SFFEHW2M3MDMQQGD,249.0,249.0
ACCEGGAYEGAQ8ZQP,399.0,159.0
BDGEGEGDEKYKWS3C,390.0,349.0
FSEEG8HWCWCDXSQF,6995.0,6995.0
BBAEGGDCFERYAQHU,2620.0,2358.0
BRAEGGERK8KPVH6Z,499.0,349.0
JEAEGE8QZWHUMPYJ,1299.0,745.0
BRAEGJFXCXSJJF6Z,399.0,319.0
BBAEHWDDMZNYAA3R,2200.0,1600.0
TSHEGF9V4FEUJTGD,799.0,639.0
ACCEGGPTXXYWRBSP,1999.0,199.0
ACCEGGBTG3HMNHNA,399.0,159.0
JEAEGF6NUGGY3NJE,1065.0,850.0
SGLEGBV7K2MGEGRB,999.0,599.0
JEAEGFMHRSUHCHDY,2000.0,588.0
SUDEGGAVFG5GQTZC,459.0,199.0
BRAEGJFXESES6E8F,279.0,279.0
BRAEGJFY9BCBSK3Q,880.0,792.0
SOCEGGZ8MHX79YGA,599.0,299.0
BBAEGFCTGA8BCDTA,2600.0,2340.0
BRAEGJFXYJXQYESX,599.0,479.0
PYJEDM8YGVVZNWVG,499.0,349.0
PLWEBNRHHCXBBBMA,999.0,295.0
BRFEGHPVKBFEJZ3N,598.0,299.0
SUDEGGATGYXA9YBC,459.0,199.0
MATE49ATGDAF4VAW,699.0,499.0
BBAEHWDDQ3PGHJ6J,2200.0,1600.0
SNDEGJFWJVCQY4BG,799.0,399.0
SUDEGGB5GCHTY53K,459.0,199.0
SGLEGBV6TG4NUF97,999.0,599.0
SGLEGBV4XF6GBWZS,999.0,599.0
BBAEGF8HPVZYJ6CH,1900.0,1710.0
SGLEGBV8BENMFZGH,799.0,499.0
BRAEGJFXJR4GPU2C,399.0,319.0
SNDEGFJQBJWUCSHS,1499.0,449.0
SUDEGGATYHBGUFTF,459.0,199.0
BRAEGJFXYTH2MG98,599.0,479.0
SGLEGBV8VGCMH77F,799.0,499.0
ACCEGGAYKTBCGT2R,399.0,159.0
BBAEGGDE8QWHDEYB,1490.0,1341.0
BRAEGJFXVYH38FPM,399.0,399.0
BRAEGJFXUBWQFBCS,399.0,319.0
JEAEGE8QPZN6YVGH,1399.0,999.0
BRAEGJFXUBNKSKZZ,599.0,479.0
ACCEGGBTHFC95B56,399.0,159.0
BBAEGJFQZTGFHJHD,750.0,375.0
BRFEGHPHWBTHAX2X,590.0,319.0
BRAEGJFXYZ5H8DJC,349.0,279.0
ACCEGGAF75RZUBTU,399.0,159.0
TSHEGHHU6C28JJUH,1599.0,599.0
BBAEGGF3HF3ZPBVG,2340.0,2106.0
SGLEGBV65VHSPDC8,999.0,599.0
BBAEHWDDQZRB8BY3,3200.0,1800.0
BRFEGHPN5FEQQGUJ,558.0,269.0
BWLEG47FHHGVJZZZ,2400.0,2400.0
SFFEGG74CMKFQVHF,499.0,435.0
SUDEGGAVPKU79WUX,459.0,199.0
BBAEGFFCHHVSHHTX,1160.0,1044.0
ACCEGG9YCGHJGSZA,399.0,159.0
ACCEGG9Z4QCZJZFJ,399.0,159.0
BRAEGJFXBGRJKXPN,399.0,279.0
BRAEGJFX4ZCMZHH6,599.0,269.0
BBAEGFHEYYMKHFZR,1730.0,1557.0
BDGEGEGCXVSRPJXZ,320.0,299.0
BBAEFKXVJFAAMU9W,2099.0,1099.0
SNDEGGRYTVYGPR6F,999.0,499.0
SGLEGBV6ZYCNDR8F,999.0,599.0
SUDEGGATXD4BMC2G,459.0,199.0
BRFEGJAGCGMUZ7UH,890.0,429.0
SGLEGBV4DEZ9ZGB8,999.0,599.0
ACCEGG9UKGNPHBT2,399.0,159.0
SGLEGBV56CGKHGHC,999.0,599.0
BRAEGC7RVCPDHYKP,799.0,639.0
SUDEGGAUVYAWRG3R,459.0,199.0
BBAEHWDDZHUCSFWQ,2000.0,1400.0
JCKED9T5NPY4GRN5,1899.0,949.0
JEAEGHQYYGDYDBWY,1599.0,799.0
SPMDHEZ4GT8R8HCH,200.0,200.0
SUDEGGATV7QB9GV9,459.0,199.0
BRAEGJFXQ6ZMRMAF,599.0,299.0
BDSEGJBRDTHP5VMS,1399.0,499.0
WFCEGE8AKAZM6Z5D,999.0,460.0
SFFEG763F38URMXA,599.0,229.0
TSHEGFWNBCWVGQNG,1399.0,399.0
TPYEGGUFSKXJFYY5,699.0,399.0
BRAEGJFX7PSVECHP,599.0,299.0
BDGEGEGDXYHYAJQN,599.0,399.0
JEAEGE8RGRFHFUU7,1299.0,899.0
JEAEGF6N2YHEFV6J,1165.0,935.0
BEMEGFHSMHZYNZB8,10393.0,7794.0
SUDEGGATCJNJGD9A,459.0,199.0
TSHEGFWN7RHQBRMU,1399.0,399.0
SOCEHDGFUMY5M4D3,499.0,299.0
JEAEGGEE5XYA5RXZ,1530.0,480.0
JEAEGFMZ7SGJWBR5,2000.0,588.0
CTPEGGFRXHKBYHXM,789.0,220.0
SUDEGGATMGZYFZXH,459.0,199.0
JEAEGHQ45QX6678U,1299.0,616.0
SFFEHGQYTSWWYMXU,1495.0,995.0
BRAEGGERBAHCSF5C,499.0,349.0
SUDEGGB34A8MWUGH,459.0,199.0
WFCEHYZMGJQWVVZU,799.0,499.0
BAREGJ8BSB7QZ8SG,1999.0,999.0
DRPEFH4DTHV7DPCT,1999.0,799.0
BAAEGHPNYQ5JMZNZ,1000.0,349.0
BDSEGCYH59Z8HXRR,799.0,399.0
SNDEGJFV5J8CTGJV,799.0,399.0
SFFEHQVASF8FGSD7,220.0,179.0
CTPEGGFSTGPEZEUZ,1400.0,550.0
SOCEGGVYBTZPKXVP,236.0,220.0
BDSEGJBRR2HQ8E3G,1399.0,499.0
BRAEGJFXKH8YPEZZ,599.0,479.0
FSEEHXHFG6KCYVVU,2004.0,1349.0
SPAEG6QYTABFGD3G,900.0,499.0
SUDEGGB2DNYGWWAJ,459.0,199.0
BDGEGEGCMBZEBC4S,230.0,199.0
CTPEGGFSNDQFAAVE,1400.0,550.0
BRAEGJFXCSKFAKMY,599.0,419.0
BRAEGGER94GAZ3XD,499.0,349.0
JEAEGF5GNHT4TNMJ,1699.0,679.0
DRPEHQY6QFKTCBPA,2099.0,2099.0
SFFEH2FGABYNF47W,999.0,499.0
BRAEGJFXSUDSP8H3,349.0,279.0
SNDEGGQVCF8WEHEP,1999.0,1399.0
JCKDN7WVHQFS7GWG,899.0,899.0
SNDEGGQTJZNMGP32,1999.0,1399.0
SFFEHUBYNBCUKGTD,690.0,550.0
BDSEGJBRVGWMTQZU,1399.0,499.0
SUDEGGATFPGVDHXA,459.0,199.0
TSHEGF9YZUKYJKZG,1099.0,879.0
JEAEHYZRRZDZZNWT,1249.0,599.0
TPYEGGDXBBM74U5V,1199.0,899.0
SNDEGH3HWXFBXZJX,2699.0,1889.0
SUDEGGAWF8KYYB83,459.0,199.0
SOCEGGMEN3VUAKTK,499.0,199.0
SUDEGGBFA9UZ87PY,459.0,199.0
SFFEHW2MKEGWVDEV,249.0,249.0
DRPEG3ZH7GJFFZDM,1799.0,999.0
SNDEGHUUHYK7D48R,999.0,378.0
CTPEGGFRMMMGZXHF,959.0,329.0
FSEEHAGG8YHVYGEB,393.0,246.0
SUDEGGB4EZEJ7ZPV,459.0,199.0
TSHEGF9WSGKT9KYG,1099.0,879.0
BDSEGJBRY7SRXBCH,1399.0,499.0
SOCEGHM6QFEFATF4,1400.0,1400.0
JEAEHYZMPCBH3HCZ,1249.0,599.0
SOCEGHH2FWBTSGBT,2099.0,594.0
JEAEG8HFSZZZHJTM,1249.0,599.0
SOCEHDGFYZUYBZ3T,499.0,299.0
SUDEGGBFNGESYFHT,459.0,199.0
BRAEGJFXW54GVEFH,799.0,559.0
BDGEGEGCZ5ZDXBX9,299.0,149.0
TSREG25AX3TQJZ3K,1500.0,1500.0
JEAEGE8RNMHJPFJW,1299.0,899.0
DRPEFZDBMRGECGZG,1149.0,1149.0
TFHECQNYAPQ2FCHE,1299.0,1299.0
BAREGGF8KXRWMGZK,1999.0,999.0
BRAEGJFXNGCKADF6,599.0,479.0
SUDEGGAVHRHX2GZV,459.0,199.0
JEAEGFMHMXFFUBUZ,2000.0,588.0
SUDEGGB4WFMMA3BX,459.0,199.0
SCREEMC7DYNN5YHF,460.0,400.0
TSHEGGCYZT5VYAGD,999.0,549.0
LJGEHFBTFDGHGGWD,399.0,359.0
JEAEGGDJGFGQXEKV,1599.0,612.0
FSEEHAGGGFHQJKWB,860.0,538.0
JEAEGHQ2EC7RTBPN,1599.0,759.0
SNDEGGRJCFZZKK7Q,999.0,499.0
FFLEGEXHXGFXZAXY,899.0,799.0
FSEEGGVEZFGM95J5,499.0,275.0
BDGEGEGD6EFK9CRM,390.0,349.0
DRPEGVJ8EBZRJV7T,1099.0,1099.0
SFFEH2FGDBS7DMQK,999.0,499.0
BRAEGJFXWMKWGTG5,599.0,479.0
JEAEGFMQSBYX5M4A,2000.0,588.0
SNDEGHUUGAEHYEE2,999.0,378.0
BRAEGJFZYEW2BMFJ,540.0,486.0
JEAEHUHKMA8EGUUU,3199.0,1599.0
BRAEGJFXGYFPGHYG,599.0,479.0
BRAEGJFXHYTGZ2QC,399.0,399.0
FSEEHAGGZGURCPNG,720.0,449.0
JEAEHUHKEAEUXSRQ,4199.0,2099.0
HBLEGH7H48GDRZQP,3490.0,3490.0
SUDEGGBFHW7FW2SD,459.0,199.0
SNDEGFHSZDHSNJFM,1199.0,399.0
TSHEGGDKSQHW3TB3,499.0,299.0
MATE49ATDVVEEEAN,999.0,499.0
SNDEGGTV9XERMGHH,1999.0,1399.0
BDSEGJBR736FBGUE,1399.0,499.0
SUDEGGB3JXAEBFYW,459.0,199.0
SNDEGFJ2GD5GWVSH,1399.0,449.0
JEAEGE8Q8GXYFTGU,1499.0,1099.0
SUDEGGATJKZYUZUP,459.0,199.0
BDSEGCYH6DKCNCMZ,799.0,399.0
LJGEG6UPBW8GKPRD,499.0,474.0
JCKEG4AKNM3HP3MG,7499.0,6374.0
SUDEGGB52W7HYS9U,459.0,199.0
SNDEGGUTDYJCK7KZ,1199.0,479.0
SNDEGFDVAFPTGYED,1320.0,499.0
MATE49ATBA9NXCBG,1499.0,749.0
PLWEBNRH3G6NA7MY,999.0,295.0
LJGEG6UCZNNQEGW2,599.0,569.0
YSPEGGA5JKZFHP97,1687.0,1687.0
SNDEGGQ6T4W8ZGKH,1199.0,399.0
SUDEGGB2FP67XG6K,459.0,199.0
HBLEGGM6MMQMZWK8,399.0,145.0
DRPEFT39HDTW8EPJ,1499.0,899.0
LJGEHB6FRGN73YZA,225.0,225.0
SNDEGGTVV3QBHMR2,1999.0,1399.0
BAREGGF8JSE3HTF9,1999.0,999.0
SUDEGGB4ES3XZCKP,459.0,199.0
JCKDXPJGFGS7UGHZ,1499.0,1499.0
JCKDXPJGDX8MMGDF,1499.0,1499.0
TPYEGGGZHDFZWZ2X,1199.0,899.0
SUDEGGAUR7EGNEQ6,459.0,199.0
SUDEGGATDVCMWGGH,459.0,199.0
JEAEGE8QCDDXCXFG,1399.0,999.0
SNDEGGTVUJZ9HB2M,2199.0,1499.0
BDSEGJBRDPGXNJSZ,1399.0,499.0
ARPEEMCAMGADRCGQ,1150.0,515.0
CCVEFX3XNKFEF843,2589.0,998.0
ARPEE3YX9Z4QGJ86,450.0,289.0
ARPEETMFEHACKNA9,1200.0,540.0
ARPEFZT4FGYZZHAZ,1299.0,599.0
ARPEDWXBWZSBKWV8,500.0,450.0
HOKE6KZCEZJFHQMY,558.0,360.0
ARPEDQM39KH99YSG,1500.0,649.0
GRKEG4UVAZTGYWRB,1899.0,1199.0
ARPEG54NHHJDT9FZ,1499.0,499.0
CCVEFV4RRNH9FAHH,4999.0,4206.0
CCVEFX5JZHYKHHHF,1500.0,700.0
CCVEFV4XN2TQDQJZ,3999.0,3356.0
ARPEE3YXZJUYZF49,450.0,289.0
GRKEG4UV5AHURTPN,1899.0,1199.0
ARPEE3YXEPFNJGUZ,450.0,289.0
ARPEFYZQ7PZSTFFS,1575.0,725.0
ARPEF9YKMZBE6KVM,1500.0,690.0
CCVEFX3WAZFJA92K,2525.0,989.0
CCVEFX3Y9DFJVJUU,1095.0,789.0
ARPEFZT4KHXGY4XX,1299.0,599.0
CCVEG4ENZJCWD3C6,44880.0,22440.0
GRKEG4UWCS4SNUSG,1899.0,1199.0
GRKEG679TVS7CSPA,1699.0,1199.0
CCVEFVXGHKNCVZ5A,2338.0,1325.0
ARPEG55TGY4ZSPNX,1499.0,499.0
ARPEEMC95HMYAJNH,1150.0,515.0
VESEGZRVWZEYTVMG,899.0,210.0
BOTEGZWZQRHK89DS,499.0,349.0
NSTEHYA7NGZJ6Z5B,615.0,489.0
VESEGZRRFGMV9JRD,899.0,210.0
SCFEFTYSYX8BTZ4P,1800.0,222.0
ACCE4JKYGQGYYHBG,550.0,500.0
TSHEGNVDSSTAG8C3,998.0,449.0
SWTEAW3STNNJSKNP,1499.0,838.0
TSHEEDY3HY3Y2HAM,1019.0,713.0
TSHECQKNQNXCF6ZC,899.0,899.0
TSHECQKNFFER2ERM,799.0,799.0
TSHECHFVV3F5FHK2,899.0,899.0
TSHE44QJ9ZN7V7AT,1399.0,399.0
TSHDWUPNBPZZHHRD,749.0,375.0
RNGEA8Z5PHCTUKFF,10386.0,7271.0
NDNEBA9VMD7ZEKXZ,1299.0,519.0
TOPEYP876AAGE9NC,1100.0,439.0
RNGEDAK2URYPNGYG,21387.0,13888.0
RNGEDAK2VM5APFRG,21387.0,13888.0
TOPE34FEMX9JREEZ,1599.0,606.0
TOPEYP8625AYZVQY,1100.0,469.0
RNGEDAK2HFRD72HE,21387.0,13888.0
RNGEDAK2NXNHZWGD,21387.0,13888.0
SKIEDZA3MQZYAV7F,999.0,499.0
SWSEBS2UXYZBSY2Y,1849.0,1749.0
JWSEBUKYG4W5JHDA,1149.0,999.0
JWSEBUKYMWMSW2FQ,1010.0,899.0
JWSEBUKYM3WYYQ7T,1149.0,999.0
JWSEBUKYQPMBZ3RK,1149.0,999.0
JWSEBUKYSBHKNYGT,1149.0,999.0
JWSEBUKYHY2ASTZX,1149.0,999.0
JWSEBUKYBFXYWAGF,1149.0,999.0
JWSEBUKYNF45Q8DG,1220.0,1070.0
SKIE9QZZKZCDKKGU,549.0,499.0
SWSE9UH4KXCHZHRJ,1999.0,1199.0
JWSE2W4ZB5CB4MMH,6248.0,5310.0
TOPEDZ8BBH7MWH86,950.0,950.0
TOPE6KWD9Z4K9D9W,699.0,699.0
TSHEB72FPCF54KZU,2990.0,2990.0
TSHEBGC3SBJM3AQN,3999.0,3999.0
TOPE6ZCJXKZYHHZC,1800.0,900.0
TSHE8Z4HYFUWCVYB,599.0,599.0
TOPE7JZU5WZZVYDT,799.0,499.0
TOPE8FWQYHVHPR5K,1350.0,540.0
TOPE7H2E7ZT54D5B,1598.0,699.0
SNDECRS4R3DV9QXU,2999.0,1499.0
TOPEB84NG2VRMTXB,999.0,999.0
SNDECMAYWVGGDCUF,2999.0,1499.0
TOPE7H2EUPM9UHNB,1598.0,699.0
SNDE7NSTNHAEACGG,1750.0,999.0
SNDECRS4KZZZZN2A,2999.0,1499.0
SNDECMAYFAG2PTYT,2999.0,1499.0
SNDEDG6KQF5WQ4TH,1499.0,575.0
DREEAVBXKQUUVJUT,1399.0,909.0
DREECHFUUCYNCQHM,999.0,699.0
DREECR3HFXYFPHD4,1099.0,769.0
DREEDFVG4HH3HFHT,599.0,356.0
DREE9QSVADZEKNJS,1899.0,799.0
DREE77HWTTVAZGFJ,799.0,479.0
TSHEDF3HADCJKGWD,1299.0,1299.0
TOPE5W8M8VJMZK35,1299.0,649.0
TOPE5UZBE2MSQFUM,899.0,549.0
NDNEBA9VUFJGTDEE,1299.0,519.0
TOPE7FKZY8BWUGVV,1390.0,556.0
TOPE9684RQWWZFTV,1149.0,349.0
TOPE5W8MBDVSZVFF,1149.0,599.0
TOPE8YAUGSAPYUYQ,1349.0,599.0
SGLE6WQCVSXJHGP5,699.0,249.0
SGLE6MVKC8GWKYCF,699.0,249.0
RNGEDAQDHZPJHK73,24225.0,19380.0
RNGE8URWFPRT4QZ3,13053.0,8918.0
RNGE8TQ9J4ZGYGFA,29282.0,21000.0
RNGE9HEA2SSEK9ZD,39903.0,30950.0
RNGE9HE4FJUJ3CTH,19007.0,17106.0
SWSEBGYUPTH7GSHE,2999.0,949.0
DREEDR97ZHGNPWFR,1560.0,1560.0
DREEDR97B3HHSNBH,1560.0,1560.0
DREE7UZEF2QNW4RB,995.0,995.0
DREE8FRHCWWXCYFS,1310.0,1310.0
DREE4FC4TAR8M5GN,1965.0,1376.0
DREE4FC46AXGNA5V,1965.0,1376.0
DREECB3FVCA7GB5H,2295.0,1607.0
DREEADCWZ6XFZCGJ,1395.0,1395.0
DREEDR97RXXXSZXX,1560.0,1560.0
DREECZGZVWGQM23M,1375.0,1375.0
LJGEA3HF99BWZBFA,499.0,379.0
LJGEA3HFG2YDEWDC,499.0,379.0
LJGECQY8RP28UPH9,1798.0,598.0
TOPE75N4JHUJCF2H,699.0,419.0
TOPE5364EPE8W5FV,699.0,419.0
TOPEYY3987PACQE7,2499.0,999.0
TOPED9T33BGVTQZS,999.0,699.0
TOPED9T3FQYMDWQW,799.0,799.0
TOPEDAFGWRUNR7XC,1099.0,699.0
TOPED9T3J3EMHDKH,899.0,899.0
TSHEBGC34TVWJGHN,1999.0,1999.0
TOPE7ZHZHEDT5QTS,750.0,750.0
TOPE6WCMBT6BWUPM,1250.0,499.0
TOPECJFAVVZSQZQK,830.0,830.0
TOPE94JHSWNVX2GS,2199.0,2199.0
TOPE4NZACGQADPHM,845.0,338.0
TOPE9Q37AVTVDVFJ,1599.0,1599.0
TOPE89H8PCWMHBCP,660.0,610.0
TSHE4S257WYDXMMX,570.0,400.0
TSHE4DNGZFWK6GYR,570.0,400.0
TSHE4S26FVNGW5TZ,570.0,400.0
TSHE4DNGWNY3TE4B,570.0,400.0
TSHE4DNGUCMVXYUH,570.0,400.0
TSHE5YZC5ZFJYPR2,570.0,400.0
TSHE5YZCKAZYG7MS,570.0,400.0
TSHE4DTF53HPYMU4,570.0,400.0
TSHE4F2GSWVGKG4D,570.0,400.0
TSHE4KACQVSBXCFC,570.0,400.0
TSHE4DNG7XJBX5T8,570.0,400.0
TSHE4S26ZSFE9JTB,570.0,400.0
TSHE4DTFMJ4EVN4W,570.0,400.0
TSHE4S26RPZTXB7R,570.0,400.0
TSHE4F2GNYJYRSSG,570.0,400.0
TSHE4F2GYKJUF5P8,570.0,400.0
TSHE4ENHQHZYRNYZ,570.0,400.0
RNGE65FGMRNRDSNH,11274.0,11274.0
DREEA8ZPVQDYZYR6,1799.0,699.0
DREE3KKW8XZDHJRW,2599.0,1403.0
DREECJV2GVFHGQB7,1940.0,1940.0
TOPE4NB7QJFGX4PV,895.0,582.0
TOPECJ64Z6PCJGNH,699.0,699.0
TOPE9WZAFZZBASUF,899.0,899.0
TOPECUBZAZUGCZZ5,899.0,899.0
TOPEBZRHXYPR8GGM,699.0,594.0
ACCDXH5GDRTGXQ6K,649.0,649.0
RNGE65FGHZXFMJZM,11459.0,11459.0
LJGEBVA8YRNGTZHG,999.0,369.0
TOPE7ZHZHT3SKKMN,1250.0,1250.0
TSHEDNUUTYKDFDHF,1799.0,1349.0
RNGEA9ZWUESYHZWU,36004.0,32044.0
TOPEDHEA9YERKGUT,899.0,359.0
LJGEBVA8WWNWETZE,999.0,369.0
SHOECKEYFVTA6E8S,999.0,549.0
TOPE7FYTNWSWAF6N,899.0,349.0
TOPE8N224TNYFGG5,999.0,499.0
TOPE9QQC8FQCKATQ,1050.0,450.0
TOPE97AJEGMUG3ZQ,2000.0,875.0
SHTEDWHGGHUZZTMZ,500.0,349.0
SKIE2T2YHZFNXCDH,895.0,438.0
LJGEBNNZGHGUECCT,1099.0,799.0
SHTECY56T5NFH5KP,1899.0,1424.0
TSHE8CAWEGE3CUPM,660.0,259.0
SNDEBS8AHG8YQZRY,599.0,299.0
SWSEDXEYSZJGAGZF,1999.0,699.0
SWSEDXEYKZKKEMSC,1999.0,699.0
SWSEDXEYHWHW5UF4,1999.0,699.0
SWSEBFKBUUMHWJJH,2199.0,749.0
TOPE94JH8ZFHZVTV,2199.0,2199.0
TOPE94XU499AB6X7,1699.0,509.0
TSHE9QSDKGZANSZP,799.0,479.0
TOPEAN43YRRX5X5G,1499.0,659.0
TOPEAN43DT3FHZME,1299.0,571.0
TOPE7T5FMBVW9EFY,1199.0,480.0
TOPE5W8M7YCEPVEF,1149.0,599.0
TOPECV69HWZGWRAW,1695.0,1695.0
TOPECUZYVBVQ3FEZ,2695.0,2695.0
JCKEDMQ7RTWDZCTB,3999.0,2000.0
TOPE89KYEWKHKRDZ,1699.0,1019.0
TOPEDQDFYDDZWY58,999.0,599.0
TOPE8YAUHKSW9UMD,1199.0,599.0
SKIE4S4NN4MHYM3Z,1400.0,560.0
TOPECRP5CUHTQM5C,1800.0,1386.0
TOPEBN6MZNGGZEMY,545.0,475.0
TOPEBN6MTHYGMFDZ,525.0,475.0
RNGE3NFSNCUBC3QM,5769.0,599.0
ACCDXH5EBSDJFXHR,399.0,249.0
TOPEBYXVCYTBF6MX,899.0,719.0
ACCDXH5H3FVMCQT8,649.0,649.0
ACCDXH5JHWBCNQQ4,399.0,249.0
ACCDXH5HDZZU8QRH,399.0,249.0
ACCDXH5JWYYPBBGC,399.0,249.0
ACCDXH5JAMHWFH8C,399.0,249.0
ACCDXF9HT5SHRYYE,299.0,199.0
ACCDXFAGYWTHWYGT,299.0,199.0
ACCDXH5JGXMTZFTZ,399.0,249.0
ACCDXH5JXWABF7GH,399.0,249.0
ACCDYAGVFPSCPQUY,549.0,349.0
ACCDXH5FBZWDPPHX,399.0,249.0
ACCDXFAJ8NGKEQ5A,299.0,199.0
ACCDXFA5QFCZZ4WZ,299.0,199.0
ACCDXH5HUUZCHVZG,399.0,249.0
ACCDXFA6DYGMS3FZ,299.0,199.0
ACCDXFAMJSGUGTZQ,299.0,199.0
ACCDXH5G5BB2BGUA,499.0,249.0
ACCDXF9UAE73HDKX,649.0,599.0
TOPE8YMASZEUXPRY,899.0,899.0
TOPDSGUSBSDSRXVJ,799.0,799.0
TOPE8YMA9YXKAGEW,899.0,899.0
TOPE8YMARDXTNDCH,899.0,899.0
TOPEAUZ3KFKFAUKX,999.0,999.0
TOPEAUZ3KNTUPHGG,999.0,999.0
RNGEA9ZYZHCM83WC,8249.0,8249.0
TSHED2RDHXJTWHCF,1799.0,1439.0
RNGEBFSXWAGFPHMY,27764.0,16526.0
TOPE94JHDZCHXW6Z,999.0,999.0
TOPECRP5KCUZWYGA,1800.0,1386.0
TOPE593EQJA4WW4Z,899.0,399.0
TOPECCCPGSVFTHHC,1299.0,1299.0
TOPE494XPFCSZA6H,2495.0,2495.0
RNGE96Y2DCHGZ5AH,11393.0,10821.0
RNGE96Y3GVM4MYVK,11073.0,10517.0
RNGE96Y2KTQSGHNG,11455.0,10880.0
RNGE96Y4TQHKBXXK,13282.0,12616.0
RNGE96Y2XUMQZWXH,10338.0,9819.0
TOPE7QTUGVGEFKH6,899.0,600.0
RNGE96Y3FNJ4TVSA,11441.0,10867.0
TOPE7QTUPGHXCBGZ,1200.0,600.0
RNGE96Y49HCWGUGH,12851.0,12206.0
RNGE96Y4USHKXVCY,12572.0,11941.0
TOPE8ZAFE5CCV9Y2,1232.0,999.0
TOPE4ZKTWZMZG635,1400.0,616.0
TOPE6ZCJTWVV9GRK,1000.0,499.0
ACCEAHRFVZCK8T8H,1499.0,699.0
TOPE8PBFNH9YNHFK,1400.0,850.0
ACCEAHRFCDZHX2CG,1499.0,699.0
ACCEAHRFBR6PTFZZ,1499.0,699.0
ACCEAHRFSGVQHE6T,1499.0,699.0
TOPDZFGCFH8AMJ4B,499.0,499.0
ACCEAHRFFKPGUGGX,1499.0,699.0
ACCEAHRFZFNGZMET,1499.0,699.0
ACCEAHRFHPRZYETJ,1499.0,699.0
ACCEAHRF4G8FZA8P,1499.0,699.0
ACCEAMGZHGXYJSHR,1499.0,649.0
ACCEAHRF2C8HJ3PH,1499.0,699.0
ACCEAHRFFH3S7HFF,1499.0,699.0
ACCEAMGZRRYVAHDC,1499.0,649.0
ACCEAHRFFBDWUM5V,1499.0,699.0
ACCEAMGZGAQWYYMV,1499.0,649.0
ACCEAHRF4CYDEGGB,1499.0,699.0
ACCEAMGZF5ZHHKJK,1499.0,649.0
ACCEAMGZMAXHG3M5,1499.0,649.0
TSHEDN7F5NN5A6RQ,499.0,499.0
TOPE6ZCJHVHREXRX,1000.0,499.0
TOPE4ZKTSBAEXGFR,1400.0,616.0
TOPE8ZAFC7JSV7QX,1799.0,799.0
TOPDYTH9HA7Y9YER,799.0,799.0
TOPE6ZCJHHQVNAET,1400.0,800.0
TOPE8PBFSKVGFFYS,2400.0,850.0
TOPE8ZAFHWK5RD5M,2800.0,949.0
TOPE9HYGS96GGY2C,2600.0,999.0
TOPEBWGFN8MFKKKE,899.0,450.0
TOPE6ZCJBVZY3HBH,1900.0,950.0
TOPE8ZAFY82P7AGT,2400.0,799.0
TOPE8VQM3KWDWMP8,2899.0,950.0
TOPEB7DZ5YSNTRUU,999.0,449.0
LJGE8ZEM3SVXM3GZ,499.0,375.0
JCKEDFY6TDNS9VM9,4999.0,2249.0
TOPECCNVM4SN9F9C,1499.0,1499.0
TOPECENJ85HRQQHA,1699.0,1699.0
TSHEEFKQHY3VVB5H,1499.0,500.0
DREEBX4MTZTJ9Q8R,1299.0,399.0
TOPE7NMGHMTJPCMT,799.0,799.0
TOPEDFACGQGAAAST,925.0,694.0
TOPECYENWHHDGFCH,999.0,999.0
TOPECJD5NZV5Q3DB,799.0,639.0
TOPE5F53GUYFP5DD,1545.0,772.0
SHOEEHAFN6MDYZZK,590.0,590.0
TOPEBRC6S4VBQZJS,799.0,639.0
TOPECQHYWSVQME9S,2795.0,1677.0
TOPEBRC6ZHWGYHFD,899.0,593.0
TOPEA2684KHST8JF,1433.0,955.0
RNGDWS2RYY9UCJAX,18086.0,18086.0
SHTECN9HDECRYPF8,1099.0,659.0
SHTECN9HFVZYP2V9,1299.0,779.0
SHTE4V9ZUZF8MXAC,1799.0,849.0
TFHECYGABBG9NRZM,1549.0,1549.0
TFHECYGAREJ2ACWS,1499.0,1499.0
LJGEATZSCYZA22DJ,525.0,525.0
LJGEATZSV5VGNDXW,525.0,525.0
LJGEATZRSSYWGWRQ,525.0,525.0
LJGEATZRDCFAJGYZ,525.0,525.0
LJGEATZSXY7YYY7V,475.0,475.0
LJGEATZRMUMFTZZH,525.0,525.0
LJGEATZSESZPRQX3,525.0,525.0
LJGEATZREKFCWH8G,675.0,675.0
TOPE5MCE7YUGFMHY,1445.0,722.0
TOPE5W325WWQFR3B,1545.0,772.0
TOPE5F53Z6W4V2CP,1595.0,797.0
TOPE6QGAWN9YDQWZ,1095.0,499.0
TOPE5F53CXYGPVTC,1495.0,747.0
TOPEB7BFCW7YG7KG,1199.0,499.0
SHTE9C3VMAASRH33,1599.0,499.0
SHTEDZY5RMB5ZZVG,1599.0,499.0
STFEBCZQ5YYZJYSG,1370.0,1150.0
RNGE5GSJTGW5V9CQ,20341.0,20341.0
SHTEDZXRFQJKNKAU,1599.0,499.0
SHTEDWTVCEUBHNJN,1299.0,714.0
SHTEDWTVVGDRVTNX,1349.0,741.0
RNGEAWXHPVZ3XYHC,28374.0,28374.0
TSHEDFAD9E8PNTQX,599.0,499.0
TSHECPZRPFMWUTGJ,599.0,499.0
TSHEDFADFYUN663X,599.0,499.0
TSHEE3MZY7KCMDVV,699.0,499.0
TSHEE4WZVGVAMRAP,699.0,499.0
TSHEDB4N3EGFZHWF,599.0,499.0
TSHEE4WNPAZGNG97,699.0,499.0
TSHE8ZJ4MGKSCYSD,1798.0,699.0
JCKEDSH2YMYDYNDF,4599.0,2299.0
JCKEEB6HUUJU4HFV,4999.0,2499.0
JCKEEABZDWF9VU7N,4599.0,2299.0
JCKEEAEZMGBEXQFK,2699.0,2699.0
JCKEE8F6SYDX4HCY,6499.0,3899.0
JCKEEB5YX5Q8HYBM,5499.0,2200.0
JCKEAEA7REDBGJVY,69999.0,48999.0
TOPE7ZHZJZN8ZFJV,950.0,950.0
TOPE7ZHYDE2MKNHF,900.0,900.0
TOPE7ZHZJY9AJM7H,1150.0,1150.0
BZREBXM8BFP6HZVP,3599.0,1999.0
RNGEDAK2KK6VXQQ5,18820.0,12221.0
BZREBXM8DYBHURWH,3599.0,1999.0
BZREBXM8H66HR9CX,3599.0,1999.0
TSHEBSF8NCFVGSQZ,799.0,799.0
TSHEBSF8CMAF9GMW,799.0,799.0
TSHEBSF9Q5AUSNGS,799.0,799.0
TSHEBSFAYNFJY6ZY,799.0,799.0
TSHEBSF9NBDWJXZW,799.0,799.0
RNGE8Z3MGUD542BT,21734.0,21734.0
RNGE4Z3DDZ3YAKSG,6900.0,6624.0
SWTEDMVMMFVPR5GR,2395.0,1916.0
RNGEB84Z6NCDPEVN,3680.0,1839.0
RNGEYFH7FFZBBHCB,7403.0,7403.0
RNGEYFH7K2DUKUMB,7390.0,7390.0
RNGEBD45KWPUJG3F,2560.0,1279.0
RNGEB8AG2HHBGBH5,2600.0,1299.0
ACCEASSUYWK9GAWX,990.0,249.0
SHOEBQ36GHBZEYHY,1490.0,1490.0
RNGEYJM5EDNDHGUH,25404.0,25404.0
TSHEE4WTGAQDUHS9,799.0,599.0
TOPE5W8MDNZMUAAK,949.0,549.0
TOPE5W8M8CHZ3ZJH,1099.0,599.0
TOPECRF6XU7Q8RFH,1299.0,497.0
TOPEDGDPQQYGGGM2,999.0,799.0
TOPED77KRHWBGGN6,999.0,549.0
TOPE5KFBTGKWZF6V,1888.0,649.0
SHTECYHHYPFZD2X2,1199.0,599.0
SHTEDWTVTHSU5XCU,1299.0,714.0
JCKEDWXXATC4FTXC,1999.0,899.0
JCKEDWXXUQHHDWMJ,1999.0,899.0
JCKEDWXXETESBWDZ,1999.0,899.0
JCKEDWXX2FFGCCHJ,1999.0,899.0
JCKECUWVV8HD8DY8,2049.0,819.0
JCKECUWVVD8ZZ4R6,2049.0,819.0
JCKECUWVSFQKYFGR,2049.0,819.0
TOPE9R3UHYTAGKKH,695.0,599.0
TOPE9799GQGQRNKG,899.0,629.0
TOPEBKTXDAH892NK,399.0,399.0
RNGEBQZP39SWWYPF,33330.0,30466.0
DREEDTNSBYHA9YGC,2250.0,2250.0
DREEBFX7ADUDMZWS,2520.0,1890.0
DREEDTNSGFUFPYBQ,2700.0,2700.0
DREEBPVEHTXTJHTT,2590.0,990.0
SWSEDSPEGGYXZFEW,749.0,749.0
SWSEDSPEKVXHKFGW,749.0,749.0
TOPE5HVZ5DKR3HSX,1399.0,469.0
TOPE7F94BQM8GQQD,699.0,349.0
SWTEDMVMUQHEH2ZP,1895.0,1516.0
JCKECBJ8GQ9ATR2Y,3099.0,2320.0
JCKEBGGJWV6UH4FV,1799.0,1079.0
JCKEDVZMPH4R7FNN,2499.0,1749.0
TOPE7ZHZV9GTZAUS,800.0,800.0
JCKE24NP9VDMR8KD,1950.0,1399.0
JCKEBMZ8EH7XAD6D,4999.0,3999.0
RNGE4BR96HQUWVMW,34816.0,27853.0
KRTECNPR9XG683JY,1040.0,417.0
RNGE8Z3KPNB93ARN,7193.0,7193.0
LJGEATZRPF2FVE7H,525.0,525.0
LJGEATZRG8Z45YZJ,525.0,525.0
LJGEATZTDHZAFJDD,525.0,525.0
TOPECUBZMZ9KQEYZ,699.0,699.0
TOPEBZ4KZGWGMR3V,3000.0,899.0
TOPEDHFBFPKCQF89,999.0,599.0
TOPED9QXG3SA42MD,1780.0,1780.0
TOPECB58QJ53M4KH,3000.0,899.0
TOPECB586KWJY34R,3000.0,899.0
LJGEATZSBXX3GT64,675.0,675.0
LJGEATZRNV5ZURF7,525.0,525.0
TLPE6G7CF8RD4AFS,1999.0,1650.0
TLPE6G7CW7ANM9WT,1999.0,1650.0
SNDEAK7FMEZQD9Y3,1699.0,1189.0
TOPE97AGZXUP5NJH,799.0,529.0
TOPE8S7QPKHRWNHE,949.0,699.0
TOPE8S7QVYHDFTZX,1099.0,799.0
TOPE7H4JGGERNABE,1099.0,399.0
TOPEDUW4C69H6SGW,900.0,360.0
TOPE99DTCKGQKZDH,799.0,399.0
TOPEDWWYTHRAADB3,999.0,499.0
WCKEDVH6ZYWJ2QCH,1899.0,949.0
WCKEDVH6WZBMEKHN,1899.0,949.0
WCKEDUW96VMDHGTN,1899.0,1099.0
WCKEC8AG8EYWFSA7,5999.0,1999.0
WCKEDV2AHU7T2K2Y,1899.0,949.0
BBAE4BR6QAUEK73K,2500.0,1125.0
BBAE4BR6EHHHGPYM,2200.0,1056.0
BBAE4BR6DH4DYCFZ,2600.0,1170.0
TROEBQGHANHWD3BW,1799.0,1799.0
TROEY6NUCJBGCHZS,1199.0,1019.0
RNGEB98WFFRHH9RY,11998.0,5999.0
TOPE8FYXVADXWVST,449.0,178.0
RNGE9B79AGXBZW2F,999.0,475.0
TOPEBFCH7DEVHC5H,1595.0,957.0
RNGE9B79FYSAQS2M,999.0,475.0
TOPEBUTMCXPBY7FK,1299.0,649.0
RNGE9B79KRZG5UWK,699.0,399.0
TOPE8FH7HKPMMEZK,1199.0,579.0
RNGE9B79MMA62HQ5,999.0,499.0
RNGE8UQ5KVGCJHAM,1330.0,532.0
SNDEDB2FPSNFBUTU,2595.0,1397.0
SNDEAK7EXPF32JJT,2199.0,1539.0
SNDEAK7EKNJJ55UV,2099.0,1469.0
SNDEAK7FSYH3XPM6,1699.0,1189.0
SNDEDPHWHMF274KK,3295.0,1999.0
TOPDZFGCYSYHDZD6,999.0,999.0
TOPEBJBBFXFZ6XWG,195.0,195.0
TOPECZ67SRGTS2U8,445.0,445.0
TOPEFUNKNGYJXFBY,599.0,499.0
TOPE8Q4XG385FAP3,1599.0,799.0
TOPEBF3X55KHPZNG,1000.0,399.0
RNGE4BR7H4QS6JD3,20692.0,16554.0
TFHEDAHNQRZAZUHQ,1299.0,974.0
SHOEAZF5XX5ZQYDH,498.0,498.0
DREEDAZC8SWYRQSK,2399.0,749.0
TROEATNW2VJPJU8U,2100.0,1499.0
TROE9MH8GZRFSMXX,3100.0,795.0
TROEE72YBFQQPXMT,1499.0,789.0
TKSEA5G4KTPUYQHV,4499.0,3075.0
ACBEJCZ6GBFFFWGY,1799.0,759.0
PTGEJCGHY2CHNMK3,1999.0,649.0
ACBEJCZ78U6BFZYF,1799.0,759.0
ACBEJCZ5VZMUNHR4,1799.0,759.0
PTGEJCMNCFZY78FP,899.0,599.0
DREEGVVG36ZHHYHQ,1999.0,599.0
DREEGJ3EAZJC54D4,1795.0,1795.0
BZREJT2RFKMWGNZZ,2499.0,2499.0
CPWEGPAUVPVUGDMB,1299.0,499.0
BDAEGVFSHNTGUZFQ,999.0,999.0
CPWEGPAUKED3MPMF,1299.0,499.0
PYJEJY5ZFUMTXEHR,599.0,399.0
WCKEGGGDUYZHCHJY,950.0,750.0
RSFEHYDXK3ZUVRVY,665.0,369.0
BOTEGZWGRM6MPZZD,499.0,349.0
KTAEGZBEGW2ZFHNB,1999.0,1699.0
KTAEGYZZWT9ZYDQW,999.0,499.0
RSFEHYBRPRRCKZQM,665.0,369.0
BLUEGUWGH5GAGTGF,4000.0,3549.0
BLUEGT8ZHVXSYAFP,2855.0,2625.0
BOTEGZWWMYKZG4GF,499.0,349.0
WTBEGYYBQTZXRQK3,500.0,285.0
KTAEGYZZNB6CDSEH,900.0,450.0
RSFEHYDWETAQG6M7,900.0,580.0
RSFEHYE2GRC9ZHMJ,1025.0,449.0
BLUEGT8Z5ZGGHGQB,1400.0,1256.0
OFSEGVPGRDA3D8SM,2774.0,1626.0
SHTEGXV5GFYUNPQQ,1999.0,999.0
SHTEGYG6ZTPZHBTH,1899.0,655.0
SHTEGXV5HJXKTCHQ,1999.0,999.0
SHTEGXV5GB5HU5GG,1999.0,999.0
SHTEGYHSH7MG4SVU,1999.0,674.0
KTAEGZBRBFRH3MTF,1500.0,999.0
SHTEGXV575W5CGTU,1999.0,999.0
KTAEGYZPAWSNTKGM,900.0,450.0
SHTEGXV5ZGHWEMYR,1999.0,999.0
SHTEGXV5ATXWFBGE,1999.0,999.0
RSFEJUH5T5TBBSDG,400.0,295.0
MUGEJWBRFZJHGSBG,399.0,349.0
DISEGEBDYGCVZWPF,24999.0,17999.0
SADEGYY4GFWHB68N,199.0,99.0
BCHEGSMPHEHY98FG,495.0,275.0
DISEGEBDVDZ8KEBS,29999.0,24999.0
BCHEGTZFDWMDGEJB,299.0,120.0
BCHEGTS9Z3RKZYTM,720.0,400.0
BCHEG58AVZ4EKZAP,695.0,695.0
BCHEGSMPSRGNPAMN,630.0,350.0
DISEGEBEEUZFTQYN,24999.0,17999.0
BMDEGVYEMNWS2XH2,8778.0,5486.0
BMDEGVYDBZ7NHRZH,71687.0,44804.0
BMDEGVYEE6HXZJCK,58520.0,36575.0
REMEGGG5QGBHAJAD,599.0,444.0
GLSEGZBQHEQVHKHS,1499.0,899.0
RNCEGNRYZQZFZSHY,699.0,340.0
WATEGZBRSV3JTCUH,1499.0,599.0
PTPEANCHZADGHSGH,586.0,586.0
PTPDVPEXQ88YHBEE,3390.0,2790.0
HMBDVFVBYZ4GTNQG,2599.0,1949.0
PTPEANCHYHSGUGMF,639.0,639.0
PTPEANCHU79KNHU9,490.0,490.0
PTPEANCHERBBXQSW,683.0,683.0
SNDEBDGSCHSVQYYE,1599.0,249.0
SHTEA8GNUNWHQYDD,1399.0,839.0
SHTEBS8Z8PAHNZZV,795.0,795.0
SHTEBQXKHGDXDRE5,1895.0,1895.0
SNDE2RSFZ7Y3G7Y8,399.0,299.0
SHTEBG9CGJ5N9RGZ,799.0,599.0
TSHE9YDHZDDYKACQ,599.0,599.0
TSHE8HZYZUC8NGTD,399.0,399.0
SNDEBDGSABAC5MMV,1599.0,249.0
SNDE37CXG3BUGJYV,1490.0,599.0
SNDEBDGSBAGMVRBE,1599.0,249.0
TSHE8HZY8MVVGGBA,409.0,399.0
SHTEBS8ZE8JYZEZE,795.0,795.0
TSHE7VE2FDKT4DT8,1499.0,449.0
SOPDZ3P5FDBAGJGE,225.0,200.0
HMBE2H8GSPFJAFFZ,1699.0,1099.0
BRAEB3TRYF3NYZVP,299.0,269.0
TSHE8HWMFHUCGF9P,699.0,499.0
SHTEBS8Z97ECWYXJ,695.0,695.0
BRADX3A8SH2GGZ7Z,349.0,175.0
SNDEB7AZS33VMN66,1299.0,799.0
TSHE8KHYFHKXHRXX,699.0,299.0
BRAEBWXWFK7FXJBY,598.0,598.0
COMEAZ945RHFFGUS,38890.0,38890.0
COMEAZ94HWYQTZHZ,35390.0,35390.0
SHTDCFZRMHZFFUK3,2199.0,1209.0
SHTEBS8ZFZGZXDPH,695.0,695.0
SHTEBS8ZRBGG6ZXT,695.0,695.0
TSHE6SJFFQUMVYBH,599.0,399.0
SNDEBCJFGBGHQR9P,1399.0,1399.0
BRAEAFRZ6ZVSR3E9,270.0,270.0
TSHEBBYT3AK9SBC5,299.0,299.0
SHTE3MSD8GGSZ8PT,745.0,745.0
SNDEAN66UYZSVFXF,1899.0,949.0
CDBEAFWE9TJEUYUQ,1599.0,804.0
BRAE8JEEVWH4Y54V,250.0,200.0
TSHE9RVF5GFVRXF8,999.0,199.0
ACCE2966HH9YVHKT,349.0,249.0
BRAEANHWZBUUYSHG,399.0,399.0
SNDE7XBNDYY8EWFY,1499.0,749.0
SNDEB99ZEFFF6HWJ,1485.0,699.0
BRAED7BHZSS9Z8G4,999.0,449.0
TSHE9RVGQU8FNYAZ,999.0,199.0
BRAE5XBNRRYNMMGU,555.0,255.0
SNDE8B3PAXZESCKK,1499.0,999.0
TSHE535MZ5CVFQ8F,1100.0,595.0
TSHE7JPWCMCYTFFV,699.0,600.0
BRAE6Z79EM4UKUNM,399.0,180.0
SNDEB9AYJW69XZHB,1485.0,699.0
TSHE8JZHJPUPWDKZ,699.0,299.0
BRAE5VAWEAXZ5HBE,365.0,365.0
SNDE5YYS52XEGFUY,1590.0,1113.0
TSHE8GGHEMKPZHGH,699.0,299.0
BRAEATGY5FGGJAZZ,495.0,490.0
SNDE67G9YZRHAS9T,1490.0,745.0
TSHE6KZZQ7BGSSQE,599.0,499.0
BRAEFWHAV6EWJFBC,600.0,405.0
SNDE93J4NRPZAC2S,599.0,449.0
BRAE6YVCDFY4WHFT,599.0,270.0
TSHE8QFATEHUZCUX,1198.0,899.0
SNDE9TK26RTFHUXH,499.0,299.0
HMBE9HQPHESMX6VV,2950.0,1675.0
BRAEATGYJQBWEFBE,390.0,390.0
HMBE62H8NGZHYMQR,3000.0,824.0
BRAEA9GPCDCH9XGH,179.0,179.0
TSHE9WZAAGSHPRQD,599.0,399.0
BRAE5HVNQ3QZRWHF,699.0,499.0
BRAE8UXYFFJTYDJ3,900.0,499.0
TSHE8HWMBE3PHY5Z,699.0,499.0
SHTEFFFNJMNHJSHN,1000.0,850.0
TSHE6ZF3GEFT9ZRM,599.0,499.0
SHTEB3NDV3AP6HDU,1299.0,1299.0
TSHE7G83RZVRTTBB,599.0,549.0
TSHE9WZADKTETCYG,599.0,399.0
TSHE6DVYCMURZJNH,599.0,399.0
TSHEA7W9ZQE7AGGM,1079.0,499.0
SHTE9AFSB7T4QMQV,1399.0,1199.0
BRAEAJXRUPCUSZVP,749.0,749.0
BRAE8B3Z96XDRBSF,399.0,180.0
BRAEATGYXHGDK5WS,495.0,490.0
SOPDFZRFNPZKTDG8,120.0,120.0
SNDE69752TNHECD8,1399.0,699.0
LJGE2WBEKW9ZHKJU,495.0,395.0
TSHE8KKZRMHYY5T6,699.0,299.0
TSHE6ZF3FTCBWT4R,599.0,499.0
SNDE2PQ45GJSGYKB,1899.0,1299.0
BRAEBBW6YY7GK4J2,499.0,349.0
SNDEBYX2QX6F7ZCW,1440.0,705.0
SNDE69H7RHFAUARF,2375.0,1187.0
HMBEY2Y5DFBZPQHE,1299.0,1099.0
BRAE4MU4JHPNSKZS,400.0,248.0
LJGEB32XJCFHVF5H,499.0,249.0
WATEAFA9PN5QVYXP,1199.0,399.0
SNDE4BHTMEG9GUMX,699.0,399.0
TSHE8QFA2YVHT8ER,1198.0,899.0
HMBE777EERDZYKWD,2974.0,2399.0
LJGE2SQ2TTUBPDDT,299.0,199.0
BRAEAFRZVZZUZ7ZB,415.0,410.0
TSHE4QFHPYHRGJCV,449.0,449.0
LJGE9D7UZYPYZFZ6,799.0,349.0
BRAE6YVCVSAFHFPG,999.0,449.0
LJGE92RZFF4M7XAB,399.0,199.0
BRAED7QUJVM6HEEZ,849.0,389.0
KRKE4HB7PUX7SZJE,3246.0,1599.0
BRAEB96BH9YCMFRM,190.0,190.0
LJGE9D7UD4XXFVNZ,799.0,349.0
KRKE9F9SRBFDZSPE,1299.0,449.0
BRAECT26XXBDSZWJ,280.0,196.0
KRKE4HB7QWZSWCDH,769.0,500.0
LJGE88JYCMZ6GK9A,395.0,296.0
LJGEAZCCKYAS5FXX,399.0,399.0
BRAEBYT5V65YZWY8,1299.0,499.0
BRAE8YJHPPWMYBPZ,335.0,335.0
LJGE2FAEGYYQAVWR,897.0,539.0
BRAEYGH6GCHZQUJG,250.0,219.0
LJGEACY8PNFJJJC5,989.0,989.0
BRAE43Q8JKSCZ7EQ,450.0,405.0
BRAE6JCZAVVBXEFG,349.0,249.0
BRAE6JCZDJM7X9NV,399.0,180.0
BRAECWP8YJWXFHUH,399.0,199.0
BRAEAMDPC2XJHNBH,425.0,420.0
LJGEB3XBZHF4CNUF,500.0,349.0
LJGE4F36P5J4SPYV,1399.0,599.0
BRAE5RSFKKH5K2QU,600.0,299.0
LJGE6E7VNBYRHGA3,349.0,179.0
BATDCXVFGC7BHGZK,1799.0,1440.0
BRADX3A8YZHAPEEY,699.0,599.0
BRAE2TXSXRVEBYGQ,430.0,275.0
BATDCG2BUYHJSUZE,1899.0,1436.0
BRAE6Z79BSUTAFHF,249.0,199.0
BRAE8VP62FXYQ5N6,399.0,180.0
BRAEAFRZ6M2PANXK,430.0,425.0
TSHE8GGHBFCQKMHV,699.0,299.0
BRAEBWXWZVBPQMZ4,698.0,698.0
TSHE8GF4TE8CWJNK,499.0,499.0
BRAE8YJHWQHP8ZAK,385.0,385.0
TSHE8GF4NWDCDSX2,599.0,599.0
BRADZUAFECE4HFZZ,450.0,260.0
TSHE8GF4NEEGKNRH,699.0,699.0
BRAE6YVCHYSFSMWY,349.0,249.0
BRAEAMDPHVZGZFGK,425.0,420.0
TSHE8GF4ZQK2JVBS,699.0,699.0
LJGDXGTWBN7JGYGB,499.0,249.0
BRAE2XHUYWB7JYPR,349.0,249.0
TSHE3BWDKM9E2G46,799.0,399.0
LJGE8Z444HGJ8YJT,450.0,240.0
BRAE8Q48VV5XVTGF,540.0,243.0
LJGEBDSG7SS96REY,385.0,225.0
BRAEYTZ4FSZ3FXSJ,430.0,195.0
LJGE2FADAGF6HQRU,897.0,539.0
BATDF3AYH7YNCUZC,549.0,399.0
BRAEBQGTYXHBRU9E,599.0,399.0
BATDCG2BN6HDVWPW,13599.0,10999.0
BRAEDAZCYE8NJYRE,499.0,299.0
LJGE6XPWNXDQGMZQ,299.0,179.0
BRAE3HGCKX8PGBWH,399.0,249.0
BATDCG2BY234294F,7775.0,7075.0
LJGE3FPMVGJYUG8V,1399.0,549.0
BRADZUAFUWG8KZ6F,525.0,325.0
BATDTHQV76ANNZF5,18015.0,14214.0
BRAEAZAAVQSTWTCJ,699.0,699.0
BRAEAJXR6YE8AZDN,699.0,699.0
TSHE9CRGW6WGHZHF,599.0,449.0
TSHE4QFHXGSR5YPE,449.0,449.0
BATE8ZGJQVVYTVHC,1199.0,899.0
BRAEAFSD8SF9H84C,349.0,349.0
BATE8FZ2PZFVYKQB,1915.0,1880.0
BRADX3A8RGKXQNE4,449.0,449.0
SHOECFF6RGVPAVP8,2899.0,639.0
BRAEBQGSZFRHGT8Y,599.0,399.0
ACCEGRYUMK6MDDX2,499.0,279.0
ACCEGRYU79JF2HZM,499.0,279.0
ACCEGRYUZDNYEYJW,499.0,279.0
ACCEGR4KPQS9XQWB,399.0,169.0
ACCEGQXFX2FRTRC7,399.0,169.0
SHTEGZZCFCNRPUR7,799.0,499.0
VANEGDV9VWHGCEBN,750.0,690.0
SWDEGP9BEMJMED3F,1399.0,749.0
ACCEGQY5WKZGDDZD,499.0,249.0
SHTEGQCMGZZZYZZN,1449.0,912.0
VMREGZPQT34GTFAZ,1050.0,594.0
SWDEGP9ASG5Z5WAR,899.0,499.0
VMREGZPQ8HBZPXQ3,1050.0,594.0
SHTEGQCHRXYSRJRE,1899.0,1196.0
ACCEGZZZZDQ9BRYX,275.0,174.0
VMREGZPQ5P8YQQP2,1050.0,594.0
ACCEGR4DQFCCXNH8,1299.0,399.0
VMREGZPQY4E6YXE6,1050.0,594.0
SHTEGQCHZTHH8K8A,1599.0,1007.0
ACCEGQY59RFBNWE8,499.0,249.0
SHTEGQ6K3TYKM2HM,1499.0,899.0
SWDEGP9B8BQ3MJDE,1099.0,549.0
ACCEGQY5YJHWDCGW,499.0,249.0
GRPEFKPR8Y9W66AZ,750.0,390.0
ACCEGRYDNFGBF5UE,399.0,169.0
VMREGZPQQR7QURFF,1050.0,594.0
VMREGZPQRK37MARF,1050.0,594.0
SHTEGQD9KZCUAAGY,1599.0,1007.0
ACCEGR4ZHHMWSMFM,399.0,169.0
VMREGZPQXG6EAB8Y,1050.0,594.0
VMREGZPQJBYMBPRV,1050.0,594.0
VMREGZPQHEJGYQYJ,1050.0,594.0
ACCEGQY5HDFHWWNK,499.0,249.0
SHTEGQCMKYYFNHGN,1899.0,1196.0
SWDEGP9AFNF3JFMB,1099.0,549.0
SHTEGZZCHCEYJJ2J,1099.0,699.0
SWDEGP9AHSFHRSUF,899.0,499.0
SHTEGQCHNFHAM5FF,1749.0,1101.0
SHTEGQCHNQ6QWYMH,1749.0,1101.0
VMREGZPQPHUZCEQE,1050.0,594.0
SHTEGQ6KZZPGVS2P,1499.0,899.0
SHTEGZZCH49Y3YHY,1099.0,699.0
VMREGZPQGV6ENXFG,900.0,644.0
SHTEGQ6KGERZXKHG,1499.0,899.0
VANEGPA7ZKGT2UUH,21125.0,1700.0
SHTEGQ6KUEZGARZV,1499.0,899.0
VMREGZPQ5ZKCSUDH,1050.0,594.0
VMREGZPQFRYKVGZT,1050.0,594.0
SHTEGQCH3BTXUHAH,1599.0,1007.0
VMREGZPQEQ3FX7JZ,1050.0,594.0
VMREGZPQ9RQHZ2YN,1050.0,594.0
VANEGPA7YHEVNMBF,1625.0,1300.0
SHTEGQD9DTRYZXSF,1599.0,1007.0
RASEGNQK4QGHRE3K,600.0,400.0
MKTEGQHWZJZGFB5Z,1599.0,799.0
SHTEGQCHG5TRFMBC,1599.0,1007.0
VMREGZPQAZ3ZCP4B,1050.0,594.0
SHTEGQCHXSTYTYAG,2049.0,1290.0
SHTEGQCMD5YNKUDZ,1749.0,1101.0
VMREGZPQGETQSRCZ,1050.0,594.0
VMREGZPQBCFWZHB2,1050.0,594.0
SHTEGQCMMRZCZUZF,1599.0,1007.0
VMREGZPQ4HGXZEQH,1500.0,1106.0
VMREGZPQACGUQQCA,1050.0,594.0
VMREGZPQEKJJ8KDP,2600.0,1110.0
SHTEGQCMQDWYZHBP,1449.0,912.0
VMREGZPQWBTTDZN9,1050.0,594.0
SHTEGQD8DXJZP7G2,1599.0,1007.0
NSTE4SBXUUEFHGGV,1599.0,749.0
VANEGQ6HKXP73RDE,1100.0,745.0
SHTEGQ6KQGVGND97,1499.0,899.0
SHTEGQCHW77QKGNW,1599.0,1007.0
VANEGKVF3W5GGC8D,695.0,295.0
SHTEGQESJCF5HA8E,2199.0,999.0
SHTEGQCHMHPU9XFX,1749.0,1101.0
VMREGZPQBHRGJBF6,1050.0,594.0
SHTEGQCHBEWQBVBT,1599.0,1007.0
VMREGZPQYTYQWGHK,1050.0,594.0
TKPEFZYF5CU3KFMC,599.0,239.0
SHTEGQD9SXDQBAHA,1599.0,1007.0
SHVEFAS3RT9N63BU,699.0,475.0
SHTEGQD9S64XH6MH,1599.0,1007.0
KITEDNZ4WSP8YQFZ,2399.0,1899.0
VMREGZPQBRVY5EEK,1050.0,594.0
SHTEGQESCBEPDMZZ,2199.0,999.0
VMREGZPQVBXT7HFR,4000.0,2674.0
SHTEGQCHDMCA3TFD,1599.0,1007.0
VMREGZPQWWGWTXQZ,1050.0,594.0
VMREGZPQBRG5S9SQ,1050.0,594.0
SHTEGQCMGEKUTYWH,1749.0,1101.0
VANEGPA7QRCS9YT7,2125.0,1700.0
SHTEGQ6KKZAANJVZ,1499.0,899.0
SHTEGQESHTJGYG3S,2199.0,999.0
VMREGZPQM6DNNVFB,1050.0,594.0
SHVEFE3MDHCGTDF6,2000.0,999.0
SHTEGQCHN7FM4QDY,1749.0,1101.0
VMREGZPQRRHHGHTF,1050.0,594.0
JEAEJYRG92HHHQWF,2499.0,1399.0
JEAEJ2JNCWJDF5HK,2299.0,1149.0
JEAEJ2JTFASURAEU,2299.0,1149.0
FABEH23A8G9NAP6T,2499.0,959.0
SHTEGZB8HYN9BCZK,1295.0,1166.0
CPGEH2CZAF2KGYPA,2000.0,1099.0
BBOEHFDQXSGZCJWE,1080.0,1080.0
SOCEHFAYXFJ4NB39,2399.0,549.0
CILEHF7XYKPJZ75H,894.0,795.0
CILEGZ7EVXY2ZDYY,899.0,699.0
CPGEH2BQJBDNMCK8,2000.0,1099.0
SHTE4MAFFV6MM7HG,999.0,519.0
SHOEGHZZ2FP7BNGU,499.0,249.0
CPCEGHM6AC6WXZCN,489.0,389.0
STIEGHKBGY635GPP,1259.0,239.0
CPCEGHZ2QKNPYHRK,489.0,389.0
SHOEGHZPWYRHMYCF,499.0,249.0
VAREGHJHAH6GXVVF,5999.0,1298.0
ELREGGQ3MUDPCH4J,1800.0,1199.0
STIEGHG7JZPAGFAF,1299.0,299.0
CPCEGHM7XYH8URNF,489.0,389.0
VAREGHJHWHFSB5ZZ,5999.0,1298.0
ELREG64UPRZ8GZBQ,150.0,145.0
VAREGHJHWVWSFNH8,5999.0,1298.0
VAREGHJHAYZH3DEE,5999.0,1298.0
HKSEFHYXHEBSYZR6,5000.0,4200.0
SHOEGHE932WJZYYY,495.0,495.0
VAREGHJH5ABSJB7P,5999.0,1298.0
SHOEGHHMQRQFGSPV,1199.0,499.0
CPCEGHG3YNZMHFCZ,449.0,449.0
SHOEGHJVFNAQQ2CK,2499.0,999.0
STIEGGKNHX6YKZVH,1199.0,189.0
SHOEGHP9PHPUUJ7K,499.0,249.0
RKSEGKZVBEGUFNYT,3200.0,1431.0
VAREGHJHEWTEXDVW,5999.0,1298.0
SHOEGHJVBSMSXQCV,2499.0,999.0
SHOEGJTFGB2NEXGY,999.0,499.0
STIEGHGZBCDJ7SWN,1299.0,299.0
STIEGKHUVAMEZMV3,599.0,199.0
STIEGHZFWR7RE3EG,1299.0,299.0
SHOEGHJVSSEWBGJY,2499.0,999.0
SHOEGHKABZ66JWWC,1299.0,1104.0
SHOEGKU9SUZRXPHY,1299.0,474.0
SHOEGHHGGDVFZEZG,1899.0,1799.0
SHOEG9JCNHTZQESY,3145.0,3055.0
VAREGHJHK5HMXGPV,5999.0,1298.0
CPCEGHG364F5SC6A,749.0,749.0
BRFE9QY4U9PZGVRH,450.0,320.0
STIEGKHUWG8GTKFB,1599.0,499.0
CPCEGH8NHZHZDFXR,1099.0,676.0
CPCEGHHTHUKBPSSP,489.0,389.0
VAREGHJHYJQYYJKA,5999.0,1298.0
SHOEGEXTGK5GGRW3,999.0,595.0
BIBEJCBYFTQDKZNT,4453.0,3181.0
JWSEJU24VXXWXJGZ,1450.0,1450.0
PTLEHK3XTJT2NASD,2445.0,815.0
CRDEJTZJWHQ5MCYR,1299.0,499.0
CRDEJTZKCCUAHCBB,1299.0,499.0
PTLEHK3XYDGFC7Y9,1797.0,599.0
SNDEJTZGSUR5GTZM,756.0,378.0
SNDEJTZBDGZYVGG6,698.0,349.0
JWSEJS7QG6UCWAAZ,570.0,400.0
CRDEJTZJAEB6JNQT,1299.0,499.0
PTLEHK3XJGZZH62H,2445.0,815.0
SWIEH2B255KZN8N3,1049.0,1049.0
BIBEJCBYSWXBFFJ9,3326.0,2376.0
SNDEJTNXZ6YGMZMZ,780.0,390.0
CLTEHVGS4J9HXKVS,939.0,530.0
SHOEJWZBHYYEAG6E,1299.0,539.0
TIEEJXDP9SYSGBFQ,799.0,649.0
SHVEJQMQGHKBG9YW,999.0,479.0
TIEEJRB7SQA6KFGZ,1499.0,229.0
VASEJQQJFTSHHKVW,1250.0,500.0
SNDEJRB3ZCF39NCY,895.0,895.0
VASEJQQGFSTHTUAH,1815.0,725.0
NKCEG26QTA3MVXUN,6000.0,1212.0
SNDEJTZYMNA2YHYY,778.0,389.0
VASEJQS2YGQRCG5J,1000.0,400.0
VASEJQQHDBMQZ4PK,1650.0,660.0
SNDEJTPN7JUHRZGM,499.0,499.0
PBXEJTJRMMZEBYGG,399.0,199.0
KHKEJTJFZTWHQQGU,1499.0,450.0
SNDEJS7AGFRYHWGV,799.0,300.0
TIEEGZHAGYEHFWFY,999.0,589.0
RSFEJT4ZNP5V7HH2,850.0,599.0
SNDEJTAMJRYJEP8E,999.0,499.0
VASEJQQM7BHKGJHM,1250.0,500.0
VASEJQQNGXXSK9HM,1000.0,400.0
RAQEJCP523JH8BR4,500.0,399.0
PBXEJTJRCMZ2H7ZE,399.0,199.0
LBXEJS7ZFUEJF53Y,599.0,299.0
NKCEJTV9DHZJTJYY,1780.0,890.0
SNDEJMK8PGUGVXZQ,799.0,295.0
VASEJQQGBDQ5GJQ5,1490.0,595.0
THBEJR5FKXUBZFEP,1250.0,1250.0
VASEJQQHZQMGPMCG,1100.0,440.0
NKCEG26PMGGQWG27,6000.0,1212.0
VASEJQS2A8HYMPBB,1250.0,500.0
NKCEG26QNDF7EFHG,6000.0,1212.0
NKCEG26ZKKWV2UNC,6000.0,1212.0
SNDEJTZGDSZFAU5F,794.0,397.0
VASEJQS2JUKGGGGN,1300.0,520.0
NKCEG26PAKEV9HNW,6000.0,1212.0
SNDEJ9CZPRW8XFGD,499.0,389.0
HACEJU8F5MTVFHGV,499.0,360.0
NKCEG26PZCG3HKDF,6000.0,1212.0
VASEJQS2NAGCHGCP,1290.0,515.0
VASEJQQHGQQFUEMM,1300.0,520.0
NKCEG26PYFRYKTSD,6000.0,1212.0
HACEJP42QMUPNAQM,450.0,320.0
NKCEG26TEZNUNJKU,6000.0,1212.0
SNDEJMK8J2ZEZJKX,799.0,295.0
SFFEHBHYHYFGY63U,499.0,249.0
SNDEJU7GFDYXKHCG,1299.0,699.0
VASEJQQKWQXWNBMK,1815.0,725.0
HRBEHPGUHFBJ8GKD,395.0,395.0
SNDEJMK8HWAQEPQY,799.0,295.0
NKCEG26PENJCRU2V,6000.0,1212.0
TIEEJS5GRHZGUMDN,1499.0,229.0
SNDEJU7GGGXMAXZS,1299.0,699.0
TIEEJTDTVSFPTNEF,1099.0,265.0
VASEJQQNGZGQGHCD,1650.0,660.0
SNDEJU7GHGYTX7VM,1099.0,599.0
SNDEJU7G9C9SDGCE,1299.0,699.0
HACEJU8HEYSEXMUK,499.0,360.0
MAKEGPC7WGGZFUZV,497.0,382.0
ACCEJHEKWCGVMTHH,500.0,329.0
KBHEGPKX86TJTTFY,499.0,230.0
CNSEJMBC6X4KHW2N,1400.0,820.0
ACCEJHEZHGMYZGYT,8999.0,4890.0
PYJEJMKJHZNBSJHH,699.0,349.0
KBHEGN9ZV9CGHHBP,499.0,207.0
MAKEJAP85CGFDYNE,164.0,126.0
ACCEJHEYMFQUSCXD,3999.0,2490.0
HACEJNFYCHHNZEDP,449.0,306.0
CNSEJMBCCXWF3BAD,1400.0,820.0
PYJEJMKJHAK78KJH,699.0,299.0
MAKEJAK6JWM3GWME,364.0,280.0
TKTEEQ3XW7Z7GR5E,1699.0,1019.0
FABEJGYZTGMV9B7Z,999.0,750.0
FABEJHCYVZMGGFWF,549.0,249.0
DREEG6Z8JPUZDGET,1500.0,679.0
DREEG73HFS6DZBDW,2900.0,2470.0
DREEGU3GGPKGHUGJ,1450.0,775.0
SAREGTVFGRYRDCNH,5000.0,899.0
SAREGTVEX3ZNBJNY,5000.0,899.0
SAREGSFVGA9ZCPT2,2000.0,1500.0
DREEGR57VHJJCGFK,1800.0,1800.0
DREEFN4CXGMF7FCH,800.0,320.0
SUSEGT8H7MH5DPHM,749.0,249.0
SUSEGT8HGWZUVMUQ,1049.0,499.0
BOLEFYQHHXVPYJH2,849.0,849.0
SAREGSFW6RDSHGNU,2000.0,1500.0
SAREGSFVH6BFMRAK,2100.0,1500.0
SAREGVTHGXURGSG9,1499.0,849.0
SUSEEHDYHGRZDXGS,1199.0,699.0
SAREGSFVJ5ZVBMGU,3000.0,2000.0
PLOEE4WKQVG8X6FH,2690.0,1076.0
SAREGSFVV6AHVUYY,2500.0,1700.0
SAREGTVFFTURURNH,5000.0,899.0
SAREGSFVBWGSZACA,2000.0,1500.0
BOLEGZXAXYHAJMZY,899.0,499.0
SAREGSFVYZUQMT2Z,2100.0,1500.0
SAREGVTE4CZ24RYK,1499.0,849.0
SWTEFRQ6QE8A4AEA,1680.0,1680.0
SUSEGT8HH98XDE2S,849.0,339.0
DREEGU3NRQMDCFER,2580.0,1340.0
SAREGSFVAUTRGFMG,2100.0,1500.0
BOLEGGXHGEZKRPGT,399.0,399.0
ACCEFZG2VSFDHKVZ,9999.0,2600.0
SAREGTVFZG6KEGHB,5000.0,899.0
SAREGSFWFMAUATSX,2000.0,1500.0
DREEGU3NMHQZYFWM,1990.0,1045.0
SUSEGT8HHGKRPNJF,849.0,339.0
SAREGSFVMYZC7EGW,2100.0,1500.0
SAREGQFGZ68DH3T8,2999.0,799.0
SWTEGFMKJT3BYHG6,1799.0,599.0
SAREGSFVZVTKHYS5,2500.0,1700.0
SAREGSFVGZBN2UC8,2100.0,1500.0
BOLEGTGHZXZM3HHG,449.0,449.0
ACCEGTRBSPQCHUY5,999.0,499.0
TUNEH2MKQBCHNSZE,1800.0,850.0
JCKEHETDXKFYJ3EB,12500.0,7499.0
TFHEHXJUQFKNGGC2,1000.0,550.0
TUNEH9BTKUQGUZHA,695.0,485.0
ACBEGYJFC4VBAHCU,1575.0,1181.0
SRTEHH8886VHZQAM,1545.0,1236.0
SRTEHR3JPKGKKHJB,856.0,856.0
LJGEG7NSAYGQKQ8M,899.0,469.0
PELEG7RC48ZESHM3,2150.0,972.0
SRTEG78F2PFK24ZJ,999.0,549.0
BHGEJQY4GJ9PEZX5,799.0,499.0
VESEJFR9MNJHZFNM,1598.0,699.0
DBGEJNZR3DF9NFRY,549.0,549.0
TLCEJ6F3UFGHG3AH,5178.0,4401.0
VESEJFR8GX5GGCSG,1598.0,699.0
TWHEAHKUNGJFPRQP,769.0,269.0
VESEJMKKGVE3D9WW,1598.0,699.0
IRPEJH8KGZ7XEFDU,500.0,380.0
BRAEHQZBBEX3GATV,255.0,255.0
VESEJMKNJ2JVGCEX,1598.0,699.0
SRTEEYREHHHZZGGG,115.0,115.0
SRTEEYRFQD9V9YBT,115.0,115.0
ACCEEGQT5VMA4GGE,5779.0,3899.0
LJGEFTYKNF6URF4G,300.0,300.0
ACCEEZGY4FT4WC8H,9649.0,6449.0
SRTEEYRERRHA543N,115.0,115.0
SRTEEYREBSQJ9XEG,115.0,115.0
ACCEEZGXKKMCVE8C,9999.0,6649.0
ACCEEH54FHWVHZHN,9999.0,4999.0
CMDEEFCX8VGH3UYG,4140.0,3499.0
NSTEGG52S7DCXZ2T,899.0,899.0
LBXEJQ2VFA2VTTHH,299.0,299.0
LBXEJQ35ZG6HWGE3,199.0,199.0
LBXEJQ36HZUEYVAJ,169.0,169.0
BZREJH9PC4Z7RGUS,1699.0,1699.0
LTNEHQSP6MQAQWR9,599.0,349.0
STKEHRG4EFR7HX7H,435.0,350.0
LTNEHQSPHYAHDKCG,1399.0,825.0
LTNEHQSQSYYEJUH7,799.0,550.0
LTNEHQSPHT4GAM7P,2199.0,1635.0
STKEHRG4VZGMVFT5,560.0,450.0
LTNEHQSQZV6EGAZZ,2599.0,1950.0
MASEHCDZJHYU5UZH,1999.0,799.0
LTNEHQSP479D2F8K,999.0,699.0
MASEHSBAG2UHXHXE,300.0,199.0
LTNEHQSPPERPKVRC,899.0,550.0
MASEGHZ7GKDQSS6E,2999.0,765.0
LTNEHQSPYYBAEWYY,2099.0,1458.0
LTNEHQSPPDC48D46,999.0,550.0
MASEHCDZHTRRNPGN,1999.0,799.0
LTNEHQSPYVUJVBT5,899.0,515.0
SFFEHQVA8DK4UJYH,200.0,169.0
LTNEHQSP8TGD3ZBG,899.0,515.0
SMTEHPYZKFAYSE5B,803.0,472.0
SMTEHQYYZAN3ZDG8,2582.0,1519.0
CALEHRY7AQSHY5RC,410.0,410.0
ACCEENJNGEHXRNCE,6749.0,4549.0
SHIEHG6PEJXGWHNK,600.0,300.0
SMTEHPZJEQWD7SH5,923.0,543.0
SFFEGYZKYEHUZACV,700.0,349.0
SMTEHQYVGJ9QDJSP,1817.0,1069.0
SMTEHPYK9VUHQRQK,781.0,459.0
SMTEHPYKF9GQJHCF,2145.0,1262.0
SMTEHQYZRV4SGZSJ,1552.0,913.0
SMTEHY6TJHJEBMBJ,999.0,425.0
SFFEGWP99ZYHSHFM,499.0,149.0
MIXEHSR4WXK6YGGU,5295.0,5295.0
SHIEGSDVTESTQFAQ,800.0,150.0
PWBEGH7TYBFEEZQK,5499.0,2149.0
PWBEGG7AMQ6UGNZW,2099.0,1099.0
PEAEFZBGGMJFGJPP,2999.0,1299.0
VLBEGG5HV258XEHM,449.0,206.0
TKPEGGHBZZW2MHFW,1299.0,809.0
SPBED63HEVGEG5KG,599.0,415.0
CRNEGHFTNZAFQPD4,2549.0,2549.0
VLBEGG5ZMDBMCWMF,449.0,206.0
TKPEGAKYXBMSAMG8,3795.0,3415.0
CRNEGGZFH8XWXYEA,999.0,399.0
PEAEGBRCQMFYTPU4,2780.0,2653.0
TKPE7KXCFXUGBUUR,450.0,310.0
MATDAHY8TCGBPRHD,875.0,875.0
TKPE7KXCAUZY4DGC,700.0,460.0
KTAEGXWEDPPVZKAP,999.0,999.0
KTAEGXWFWAUJTGWR,999.0,999.0
BLOEGYWFQRFHPXGE,1999.0,949.0
BLOEJFFYGJCJZERW,2999.0,949.0
BLOEJFYB3DFGTY7Z,2499.0,999.0
BLOEJFFYAA84WZAE,2999.0,949.0
BLOEJFFYH62ZDGFG,2999.0,949.0
SHTE89ZK8H5TTWTT,1199.0,471.0
SHTEBUEGUX7QFFEN,1599.0,499.0
SHTEY8UNH9VEYG4B,1499.0,499.0
SHTEY8UNX8WYBSJG,1649.0,449.0
HACEJUHDM5MTPKYW,245.0,245.0
PTPEJVNJHB6FXHDJ,2999.0,2999.0
RUGEHCDG6DKDUCDZ,2199.0,2199.0
HACEJXH6WH8QCVKD,625.0,315.0
HSTEJTY7GK4GJFBG,1199.0,620.0
SHOEJ3AZDMUAUMMY,999.0,499.0
UMBEJ2N4JGKABZPZ,999.0,375.0
UMBEJ2N4FVGZUCUZ,999.0,375.0
TSHEJCZGS7YSKFGZ,1399.0,1099.0
TSHEJCHZSRYX8WNY,1738.0,825.0
PYJEJENKGGSEC33V,999.0,299.0
TSHEJBJKP8GTQJGF,999.0,999.0
TSHEJB9G4C976RRU,599.0,299.0
ACCEJDE3FRNVDZKU,999.0,179.0
TSHEJB9GAY4A4GZ7,599.0,299.0
DREEJCBAHVKSBGMZ,599.0,599.0
BLUEGZCARCHECHRW,450.0,405.0
NSTEJCAZYYYAZXGY,1350.0,799.0
TSHEJDYZJARGYJGP,649.0,455.0
PCSEJEK8SVX5EWAK,1200.0,1200.0
SRTEGHDFSZFWPHZG,1445.0,867.0
TSHEJB9HBUSJ6EZM,599.0,299.0
DREEJEYBGH53GSVF,1799.0,959.0
TSHEJCUYWTCP4QY2,1499.0,999.0
TSHEJB9GWGGQZHHA,599.0,299.0
DREEJFHXWZDFYBGH,5099.0,5099.0
TSHEJCUX5AZCY3SZ,1999.0,1299.0
GOGE3H9MZYZEZFZV,1200.0,590.0
TSHEJB9G3ZBJTJXR,599.0,299.0
DREEJFHXDJ48EX99,7099.0,7099.0
BRFEHYYWTDCTMHMA,1199.0,549.0
DREE6TUDFCEGGVWM,1999.0,599.0
TSHEJCHGYNGXZHKE,1738.0,825.0
DREEJBKDNDZFM3EZ,549.0,549.0
DREEJCBAHS3DAJNR,749.0,749.0
DREEJFHXDWUFDFFV,6099.0,6099.0
SRTEJF2S2JDSHJTF,549.0,411.0
ACCEJFPSWXZTJWJ7,699.0,499.0
FDMEHFKZDGXRNGVZ,899.0,329.0
ACBEHFPXNE8ZUSKK,2398.0,1199.0
ACBEHFQC8GH5YMQZ,2398.0,1199.0
TKPEEAFQGVWZXJYR,699.0,489.0
NKCEHJ5XRT5FPHFK,849.0,595.0
ACCEGXK4F5AQPYUD,8285.0,7574.0
ACBEHFPYESMQGJMY,2398.0,1199.0
BMBEHPAGGDSSYMUZ,35.0,35.0
ACBEHFQFETTGSGRP,2398.0,1199.0
CGPEGQYHCJABVGHZ,999.0,299.0
NKCEJVHY22PWWRZJ,999.0,254.0
CBHEJVGBWGPXGMUE,1299.0,299.0
SHOEJQCKU9ZRGJT8,799.0,399.0
CBHEJVGFEJAHVEYS,1299.0,299.0
ACCEJHBZMXNBNAPF,999.0,179.0
VAREJUNCKFCZG9CH,2299.0,999.0
LTBEJTHWEWWGGKUY,2600.0,2348.0
NKCEJRANJCNVFZHM,899.0,599.0
NKCEJVHYHAYQZVWR,999.0,254.0
HDREHKYRHEYAJWZD,2999.0,1299.0
HDREHKYRZKJFXQY4,2499.0,1099.0
TOPEHHSZZTPRT8C8,449.0,449.0
SHOEHFH8RH7WHMZW,2995.0,2995.0
SHOEHGYNUNVJZYMZ,999.0,499.0
JUMEEHDZ6CMKNEQ9,595.0,595.0
SHOEHGYZGUHY8FFU,999.0,999.0
TOPEHFYBVAUNRGX3,1499.0,597.0
HACEGGERPZDHNCFS,725.0,450.0
SAREGJY9JUXNZHXN,2320.0,551.0
MUGEGJG8UAGBXEZ4,449.0,225.0
SAREGJY7NJ9QSCA8,2340.0,555.0
HACEGGERAPW67KFW,540.0,350.0
HACEGKHCGRWZURKD,249.0,189.0
TSHE6F3FWHA3MYJH,500.0,399.0
TSHEA9Y2SUHT58UP,799.0,419.0
TSHEA9Y2CFFFBTZC,799.0,419.0
SHOEHB4H8U8XSWET,999.0,599.0
SHOEH7SY8PZPF9NE,499.0,499.0
SHOEHC8QSEFW8MZP,1299.0,974.0
PHFEJNHGK4CZJKEG,1999.0,674.0
BCHEF9ZEK3JFWSZF,499.0,399.0
BCHEG4GCEYBZEMDC,599.0,299.0
BCHEG9K9JYMCZK4C,1500.0,620.0
NSTEG48QAMBSKRXW,499.0,286.0
BCHEG3HHQGGTEAWG,899.0,373.0
BCHEG22KWMYDFGY7,900.0,500.0
NSTECQBQFGMTK9TE,499.0,455.0
BCHEG22KYTFKA3SC,400.0,225.0
SPBE4DWQDZWZDC7Q,3499.0,2872.0
BCHEFC6S4HTYEZZG,1240.0,499.0
BCHEF5M8MKQU9R7F,699.0,547.0
BCHEG3YMFRRT5RGH,899.0,599.0
BCHEFBVDHZZ9FSDP,399.0,149.0
NSTEG48NJBVTSPDQ,529.0,309.0
BCHEG2JSDGQZEFVV,1899.0,555.0
BCHEF5M6ECJAHRHU,699.0,547.0
BCHEG2BGGHBQJGGW,350.0,200.0
BCHEG2BGAKNMXGSE,550.0,300.0
BCHEG2BGWFC3SYAG,550.0,300.0
BCHEGAP6VWRZ3TNH,1299.0,699.0
BCHEEYZYHBFFM7W3,975.0,650.0
TSHEDCVYEJNFDZ27,399.0,399.0
BCHEEYZYAWA7KR4Y,900.0,600.0
BCHEEYZYZCYDG9ZZ,575.0,375.0
TSHEDCVYX4WKTWXW,499.0,499.0
BCHEG687RAGARBKG,600.0,300.0
BCHEEYZYHJKRCGWG,600.0,400.0
SPBE2GVZYK3CUMPH,3999.0,3999.0
BCHEEYZYTRJSQZWR,500.0,325.0
BCHEFHZGGZHCDPV9,899.0,285.0
BCHEF9K9HUMF8ZQY,499.0,399.0
BCHEGFZ84WF3ZTVJ,800.0,450.0
BCHEGAMY9VZCJJZX,1299.0,699.0
TSHEDCVYG8XP47ZE,699.0,699.0
SPBDHUGSZWYGTS57,3360.0,3360.0
BCHEGAPMNHUGG233,1299.0,699.0
TSHED8VZGGTGFFGH,399.0,399.0
BCHEG523JRHYZPYE,1299.0,899.0
BCHEG3YMSTT9HVHC,899.0,599.0
BCHEG336GXRGFGC3,320.0,220.0
BCHEGARUNJCHGFRH,690.0,490.0
BCHEFGV9AWFVTHAC,899.0,275.0
BCHEG22KQPY5NMHA,400.0,225.0
BCHEF5MEGYHU2RGB,699.0,547.0
BCHEG22KWJHNVX7P,800.0,450.0
BCHEG22KWAVG6CVH,300.0,175.0
TSHEDMWXJYJCZQ9Y,149.0,149.0
BCHEG2BFPRKG8ZEJ,900.0,500.0
BCHEG9K9WW28QZBH,1500.0,620.0
BCHEG2BGR3FYMQ5Z,1200.0,650.0
BCHEGFZ82BDJGWV7,900.0,500.0
BCHEFYAZNHGV7ZSN,875.0,329.0
BCHEG7XFD8Z2SYNF,1099.0,259.0
BCHEF5MFXUGRWYTY,699.0,547.0
BCHEEYZYYVZEPSFH,750.0,500.0
BCHEG9KDGJMZ8YPR,1347.0,449.0
BCHEG9SPDNZ4WH7D,1499.0,999.0
NSTEG6X5BZEGXPZ2,500.0,399.0
BCHEGAMZXFBH5VHD,1299.0,699.0
BCHEGFZ8AWHEEJMX,900.0,500.0
TSHEFHZGWZBATVNE,325.0,162.0
BCHEG4ZCN2SKWVCV,588.0,485.0
BCHEG4ZQ9GKNSHXA,1299.0,899.0
BCHEGAP6ZKD7ZSR7,1299.0,699.0
NSTEG48NRGZZSGUH,529.0,309.0
TSHEDCVYDZTWUD5H,399.0,399.0
BCHEG2BGDHQZ4ZSM,1200.0,650.0
PSREG6VQUVDHV98Q,6000.0,4333.0
BCHEFFPYRYFZFZYQ,499.0,399.0
BCHEEYUE7NGAFHVT,999.0,397.0
BCHEF5MHXGFYH4WV,699.0,547.0
TSHEFHZGHXECTK2F,445.0,222.0
TSHEDCVYUYJFMVEF,399.0,399.0
BCHEG2BG5UJKZYZG,800.0,450.0
SPBDEKSZ5JF9EYAC,595.0,595.0
SPBDGGG8MYABNX6U,395.0,395.0
BCHEG22KGPWUYX4G,325.0,175.0
BCHEG2BGEXDJDHFT,500.0,275.0
SPBE2GVN9DBHYG9H,6999.0,4599.0
NSTEG48NKVWHGGZV,529.0,309.0
BCHEG5C5VCCSXW9D,999.0,279.0
BCHEG5F53WB7RDG2,1299.0,899.0
BCHEG22KEUYHGT7K,350.0,200.0
NSTEFH9FMYHGZBEK,529.0,299.0
BCHEF5ZYFHDCSVRN,2000.0,1560.0
BCHEGAZ8PJG7ZQRR,1299.0,699.0
NSTEG48NGGGGPC8F,529.0,309.0
BCHEGFZ8KKS5549R,800.0,450.0
BCHEG4DRZFNEZVVG,450.0,300.0
BCHEF9ZE2EAVYCAU,499.0,399.0
BCHEFGV9KXJXPGMZ,1299.0,288.0
SPBEFPKHHQ9TUKAY,4999.0,799.0
SPBE2GVZMANCQNZW,5999.0,4299.0
NSTEG48ZZZQWSV5F,529.0,309.0
SPBE3RJXPR9DZTPT,4000.0,2099.0
BCHEG22KQYKHZ2SN,500.0,275.0
BCHEGAS3GAZHGF9M,690.0,490.0
BCHEG22KSCZCNAVX,350.0,200.0
BCHEG7XFDRPYRWAA,1099.0,259.0
BCHEG9KDJD3HUQGG,1347.0,449.0
NSTEG48PMGVFNCME,529.0,309.0
TSHEDCVYA5U6PQUG,1299.0,1299.0
BCHEF8VYHUWKFRJP,899.0,780.0
BCHEG22KN2AZGWV4,350.0,200.0
BCHEF9ZE9R2FJFGG,499.0,399.0
BCHEF5MAVC8GEXTA,699.0,547.0
BCHEG2JSSAYUDQSC,1799.0,549.0
BCHEF5M6WFBMEAZP,699.0,547.0
SPBDHHHHXPZJDGYB,4500.0,4500.0
BCHEG22KNCSNF3ZY,350.0,200.0
BCHEGAUGVCNJDFHW,590.0,390.0
TSHEDCVYEHDWNG5Z,499.0,499.0
BCHEF9ZE3WHUBZ3Z,399.0,299.0
NSTEG48ZJY2XC6RU,529.0,309.0
NSTEG48PHV8HRKYB,499.0,286.0
BCHEG2BGDBCQMPUG,400.0,225.0
BCHEG2BGQXXHKFAS,550.0,300.0
BCHEEYZYG7UWJZHU,675.0,450.0
BCHEG2BGBXGDCHWF,1100.0,600.0
TSHEDCVY5YDVHBQQ,899.0,899.0
BCHEFAY9RZAQYTGN,1299.0,809.0
TKSEE4FNWRDYZYGK,3999.0,1899.0
BCHEG9KD8QFHR66S,1347.0,449.0
BCHEG33RXZA3T2XT,1050.0,750.0
BCHEGFZ8DPMAQYZU,900.0,500.0
BCHEG22KSMK4MR2G,350.0,200.0
NSTEFH92QYA7V3AE,529.0,299.0
BCHEFGV9AJTCDKV2,1299.0,288.0
BCHEF5M5JQBVBVEN,699.0,547.0
BCHEEYZYHGZ5W6SX,575.0,375.0
BCHEG8EHCXU9UZGA,599.0,399.0
BCHEG2BG5HMPMMYX,550.0,300.0
BCHEG9KDDVJNPHPA,1347.0,449.0
BCHEGFZ8GFKHF75R,900.0,500.0
BCHEFHYUNCXTDHVU,1299.0,809.0
TRODZZQYWFFVUW3G,845.0,550.0
SPBEFYPKMKRHMYPG,1499.0,1300.0
BCHEG3UZASFRJKTB,500.0,450.0
PSREGFZ8MXRM6FFQ,6100.0,4500.0
BCHEG22KTAGUNUFX,325.0,175.0
MBPEJMV5XB9SF8P3,1999.0,599.0
MBPEJMV862YUENUP,1999.0,549.0
MBPEJMV8TZQRBF9N,1999.0,549.0
SWDEJSDZMGBXNFJV,1991.0,998.0
MBPEJMV6ADZK33SF,1999.0,449.0
BDSEJSEZYPCYRTHS,1399.0,699.0
BDSEJSJZ6HYKU3KK,800.0,280.0
MBPEJMV6CHZHHHKM,1999.0,380.0
BDSEJTHQJSEAEEJZ,2599.0,698.0
TWLEJG4GYHHBEHYX,290.0,190.0
SWDEJNDYDMSRHGSZ,2699.0,1050.0
DREEHZJVQQ8FH9EE,1493.0,896.0
DREEG6ZWM9JSX2ZT,880.0,585.0
LCHEG6NYZBQZABWQ,2499.0,899.0
SAREG7H4PSRJ5XZV,2999.0,1234.0
OTAEHTCEMXR3FVVF,500.0,200.0
SAREG44UGXQU7AJD,2599.0,650.0
SAREG7KUZTFADYW4,2999.0,1499.0
LCHEGYVSEQPSANHT,1990.0,799.0
LCHEG6EK2PHZDYRQ,3599.0,1299.0
PBREH6ZR9GDJGYEV,1315.0,1315.0
DREEG6HY4JG8JZDX,2267.0,1088.0
MATEG59AP2KGQZUV,360.0,320.0
OTAEHTCG45ECK7AD,500.0,200.0
DREEGYPSYD23Y8CV,1600.0,1600.0
SAREG44SGVXFFJZJ,2599.0,1050.0
SFFEHF8EGEZHGVQ8,700.0,290.0
DREEG74CKJZ6XWEE,990.0,594.0
PENEHEXWKFVUKEK8,499.0,308.0
DREEG6R2F2STHXGY,810.0,545.0
SAREG4535HPVV2ZV,2599.0,1100.0
OTAEG356HUUGPCTU,299.0,199.0
LCHEG5CDZWHZEUWQ,2999.0,639.0
OTAEG356AVUHKYHG,299.0,199.0
SFFE7BG5FK8KG25T,398.0,249.0
DREEG569Y4FYG3CZ,1333.0,800.0
SFFEHGT4TBH5ZTTJ,599.0,249.0
OTAEHTCDUMGYDGPU,500.0,200.0
LCHEG62YD3RKHXVX,2999.0,799.0
HDNEDVWY9WFXB4B8,6246.0,6246.0
BKAEGFX2ZAQTSRMD,2900.0,1485.0
SHOEF6Z7ECCP4HKW,1200.0,599.0
SHOEG66BVBPXZ7HJ,1599.0,1399.0
BKAEGFWZ2GQBFZYH,1700.0,872.0
BKAEGFX22WD6ZKRK,2900.0,1535.0
ACCEGGXEBPFGCDPQ,999.0,599.0
HBAEGEXDRN2PQ8A6,500.0,357.0
AVCEGCNNFZN5HVGB,2965.0,2965.0
BKAEGFWN3FWKGYJG,1700.0,854.0
NKCEGE6V8DZ9PHBV,699.0,699.0
NKCEGE6VY83SUHQ9,799.0,799.0
HBAEGEXDDGSHZRB4,500.0,314.0
JUMEES2JXPG3FGMG,1499.0,524.0
NKCEGG44XAHJEPCD,1500.0,699.0
HDNEDVWYHZKH2Z9Y,11604.0,11604.0
AVCEGCNWNBG9QNDC,2999.0,2999.0
AVCEGCGPZF3ANNUZ,820.0,563.0
TOPEGBSUC8JDVQVY,1570.0,469.0
AVCEGCZ4WYMJJCTE,7200.0,3498.0
HBAEGEXDPZQKRDUH,500.0,314.0
ACCEFYBARV3SZXZR,999.0,599.0
ASLDZKCYDYGKQZGJ,1899.0,1565.0
HBAEGEXDWNA7TMAQ,500.0,314.0
SHOEG6FTDZRRUVDJ,499.0,439.0
AVCEGBRYHDSGSHGX,4290.0,2050.0
AVCEGCGPHGNPDZNW,820.0,563.0
HDNEDVWYCSDUPFND,6861.0,6861.0
NKCEGG4FGCXYTFPC,1500.0,699.0
HDNEDVWYYQG7YDHB,7308.0,7308.0
SHOEFFHZZGWGNZSE,2499.0,1499.0
HDNEDVWYZKSHSUXF,11410.0,11410.0
AVCEGCJ2GFMHGFKE,750.0,689.0
AVCEGCGPJTZ3GGWB,900.0,568.0
HDREFYDGNZGMEMCH,1600.0,1600.0
AVCEGCGPUJJZQKAQ,1300.0,709.0
AVCEGBFBGFRWJSPS,2818.0,916.0
SHOEGGDUCHU2FWQG,599.0,399.0
BBOEGGV3NYMKAFMA,2999.0,549.0
AVCEGCNVZJHWXBMT,7200.0,3383.0
BKAEGFWZ8SG6JUFG,1700.0,834.0
HDNEDVWYGTNWKNNK,12681.0,12681.0
HBAEGEXCEUHYGMGE,500.0,347.0
BLREFZGNFDU3KFPH,800.0,398.0
HDNEDVWY5WWAZE4A,11037.0,11037.0
ACCEFYBA2PKGHQAB,999.0,599.0
BKAEGFWSYB7AXUJS,1700.0,847.0
BKAEGFWSYQ49Y4BY,1700.0,897.0
SHOEF8NHSDK8CXTC,1999.0,999.0
HDNEDVWYJWXXGFHN,4045.0,4045.0
TGTE9YQ6FSDDPPHE,150.0,150.0
NKCEGG487BXDYHGW,1500.0,699.0
HBAEGEXCYKVZM83N,500.0,350.0
HBAEGEXDTN3BB4AE,500.0,314.0
HBAEF6G94958PFCM,3999.0,1999.0
WTBEGAQGJJPH3FBF,399.0,249.0
SHOEG8BM8ZFYGPTP,999.0,499.0
SLTEE6YYX9J6AYV5,500.0,399.0
ACCEFYBAYY7HPBGH,999.0,499.0
NKCEGE6VUFPSFVZW,599.0,599.0
HDNEDVWYFZXNZFPM,12168.0,12168.0
BKAEGFWZGUHG2XHA,1700.0,859.0
ACCEFYBAHHZJJK6Y,999.0,700.0
AVCEGCNNRVZUXF4H,2999.0,2999.0
TGTEFMHNBXYDCSQS,1299.0,899.0
HDREG9G7ZGHQHEHK,799.0,385.0
ACCEGFBYZCVUMFF5,599.0,299.0
HBAEGEXCWARKFFZB,500.0,347.0
BKAEGFWZBRPSZKGG,1700.0,834.0
HBAEGEXCQMGGQ6ND,500.0,347.0
BKAEGFWS3GZDNWRZ,1700.0,884.0
HBAEGEXCYWV4CCEV,500.0,350.0
WCKEGGYJPZ7MKAHQ,950.0,750.0
HBAEGEXDUS2PXNG6,500.0,314.0
HDREGAA5JZTWH6UR,3250.0,2800.0
HDNEDVWYBF3PGSFE,6677.0,6677.0
ACCEFYBA3VFCDG9D,999.0,699.0
HDNEDVWY7YJTQZAZ,8093.0,8093.0
ACCEGGXEA3XUYKMV,999.0,599.0
HBAEGEXDVVRTA5UT,500.0,314.0
WCKEGG6YZUBZUVXD,1672.0,836.0
HDNEDVWYPYCTG8KA,5040.0,5040.0
PTGEE9PF9WH93CXM,2049.0,1849.0
PTGE9A8S8HXQFFFV,1633.0,1633.0
JWSEAXHZ7H7SQZ2V,2000.0,460.0
PTGE93YHHK7YSHQY,1633.0,1633.0
PTGEE9APYTJ3GYWN,2149.0,1949.0
LJGE93H2GNZ6ADHC,998.0,375.0
PTGEE9CSJWGBQDBY,1849.0,1649.0
ACCE6ZEAZN5J8YX9,799.0,449.0
VHREB3ZY57M2PFUM,1500.0,873.0
BLBECQSZSFRMF5CU,630.0,399.0
CRNEE84JQ6CF85PY,1999.0,1332.0
LJGEAEGEXKU2ZUPM,699.0,299.0
CRNEE84JMPW7YXUF,1999.0,1332.0
LJGECMEQUF29R4KD,600.0,225.0
DCBEC88EWEXHEHBZ,700.0,525.0
CRNEE84JXGRJUYZZ,1999.0,1332.0
CRNEEABUQYVKMN2H,999.0,599.0
VSKEC9SFEQVKCWVG,900.0,501.0
CAPE2ZGGFBG5YKGW,1000.0,699.0
STIEYZ5TQ93UFXRH,598.0,399.0
STIEYZ5TSXN8QU4H,598.0,399.0
BTWEE4HMGWFQPGWH,449.0,449.0
STIEYZ5TGZSPA2FQ,598.0,399.0
TOPEAFHYZBF8YTVZ,1599.0,1279.0
LJGEAB2HGWKYZ4RH,899.0,399.0
DIADX5SNFGQ244SP,949.0,520.0
VHREA2YHV47FAKF5,599.0,376.0
LJGECNPE8BUVGNRK,1200.0,350.0
SIPEDFVEPJGZBK9X,995.0,825.0
LJGE8WRYTHEY87TF,1200.0,349.0
TOPEDBNYGQS4E5MF,1499.0,1080.0
STIEYZ5T8JH6GFHX,598.0,399.0
CRNEE84JFPHW6GJQ,1999.0,1332.0
LJGECNPENSGGBDYN,1200.0,350.0
JWSEDZAQESABNNTE,1499.0,399.0
CRNEE84JNMD6XRRF,1999.0,1332.0
STIEYZ5TKK8CNADN,598.0,399.0
DIAE3GD7WCFGESBN,1683.0,999.0
STIEYZ5TUKTYH4KD,598.0,399.0
WATEEGTHCNRZFZ5Y,1199.0,499.0
DIADYM2VYBRSREHH,550.0,523.0
STIE6Q5UZBVBPZZZ,449.0,224.0
CRNECU3ACNR85WVC,3748.0,2249.0
STIE6Q5TNH3UMHNU,599.0,299.0
SWTECAGUGVHAKGSM,1999.0,999.0
STIEYZ5T6WKUJERC,598.0,399.0
CRNEE84JUBYGFVX7,1999.0,1332.0
CRNEAMGZMSVZNBYQ,1049.0,648.0
CAPE2ZGG9N9UFHCH,1500.0,749.0
DIAE8YHUWQFB5RQU,1699.0,699.0
LJGE8MZQSX6QHFZU,999.0,299.0
LJGE8MZQEVAFUQ7G,999.0,299.0
BLBEDTNX4XUVYHV9,400.0,262.0
STIE6Q5TCMRCR7SU,899.0,449.0
TOPECMNZEZTPUKBY,1295.0,1295.0
STIEEHYKCHDXQGFW,998.0,499.0
CRNEBPU6HFFUHQQA,1599.0,1099.0
CRNEE84JYN5GMBBY,1999.0,1332.0
CRNEEABUBQZTGDZC,999.0,599.0
STIEYZ5TBAA9A2HD,598.0,399.0
LJGE8WRFWEFGPV8H,1200.0,349.0
CRNEEABUVHAQZ7RQ,999.0,599.0
BLBE3Z6XSRG54AQH,399.0,245.0
STIEYZ5TMKYFZSWB,598.0,399.0
TOPEDGHGZQHCXFFT,1199.0,1199.0
TPMEE6Z2FAWCZZSR,4300.0,3600.0
CRNEE84JXHGUXSY5,1999.0,1332.0
STIE6JA4XVUXVA24,849.0,424.0
CRNEEABU2XDGQWTX,999.0,599.0
CRNEE84JVFQZDN5B,1999.0,1332.0
CAPEDVMZBGHQWV9Z,999.0,999.0
STIEYZ5TNACUD77N,598.0,399.0
LJGECJ27V6X3MQAH,600.0,250.0
BTWEDFCPBQ6FNNGB,449.0,449.0
CRNEEABUF6FKE8H8,999.0,599.0
ACCEE76CRD8G6MNH,999.0,399.0
STIEYZ5T4GMGBZEU,598.0,399.0
BLBEDZARQ6FVQGGH,1999.0,275.0
VHREBBHBHNTBYNHZ,1999.0,1199.0
STIEYZ5TKHKRYRSM,598.0,399.0
LJGDWAC3ZATUGA3D,899.0,399.0
STIEYZ5TGYYRJGEP,598.0,399.0
SHIE7X8ZWDHV9YZD,445.0,345.0
PHFDZ5YTRP55HEYG,1500.0,870.0
STIEEHYKHDNH7GFF,998.0,499.0
ACCECR3MKTJYYG7B,499.0,290.0
LJGE8MZRD8GE2WXM,999.0,299.0
CRNEE84JXXRZVTV9,1999.0,1332.0
DIADDHYVTARSHEKH,740.0,740.0
CRNEEABUKT8CGAGU,999.0,599.0
LJGE4YPS8AZZVFQ2,1497.0,397.0
ACCDCYB8NCGPEYEU,1816.0,99.0
STIEEHYKFSCTYDYT,998.0,499.0
STIEEHYKGFJZ8ZKA,998.0,499.0
LJGEAGHHYEDG7CDG,999.0,399.0
CRNEE84JQ6AK55XM,1999.0,1332.0
CRNEE84JQGQHBTQU,1999.0,1332.0
WATEDZ9FUHPEQQZF,677.0,299.0
ACCEDGBH5D5HBCBH,799.0,339.0
STIEYZ5TYMKVXHUZ,598.0,399.0
CRNEEABUMQ2UXZAH,999.0,599.0
CAPEYGFGAGKXDWGY,2999.0,2999.0
LJGE2FH7WC9W4AT2,849.0,219.0
LJGED2A4CGQAZTSZ,999.0,399.0
CRNEE84JUZ7H98V3,1999.0,1332.0
CRNEDHZGTZCDDAFQ,2299.0,1399.0
CRNEEABUGDHYGAYF,999.0,599.0
STIEYZ5TJ8FBPSBV,598.0,399.0
CRNEDGD2AF33BHNZ,799.0,518.0
CRNEEABUZH4GSCTE,999.0,599.0
ACCEDQ5CYXS7E7HZ,499.0,299.0
CRNEE84JYEAKHDFG,1999.0,1332.0
CRNEDAKFZH5QH8GD,799.0,499.0
ACCECZPPZFGBTRUG,599.0,249.0
GLSEEDTXEEJDZWDN,499.0,399.0
STIEYZ5TGZKTGBF9,598.0,399.0
TWCEA96ED9EZN9UW,599.0,152.0
STIEYZ5TKGHQWDAB,598.0,399.0
CAPEBJ37GKBB5DK2,1299.0,909.0
CRNEE84JNGJT9VQ3,1999.0,1332.0
CRNEEABVM3B3AGPU,999.0,599.0
STIEYZ5TYUFJHDMZ,598.0,399.0
NRSEEAG2VG6ZNBEP,900.0,400.0
BTWEE2GMPQGD56ZT,999.0,649.0
TWCEAXCCYCES4JYC,699.0,199.0
CRNEE84JUWNY6MYF,1999.0,1332.0
TWCEAXCC3XYD6GPP,699.0,199.0
TWCEAXCCNPYAJUZZ,699.0,199.0
CRNEE84JMARMPBGW,1999.0,1332.0
LJGEDP8YUUKZMH5E,1299.0,249.0
STIEYZ5TJ5HSFPPB,598.0,399.0
VHREB3NZAKNHNQFY,500.0,278.0
LJGE7YGXYVYXQ66U,1704.0,319.0
ETHECTUGNUQNGTWK,1999.0,1999.0
ACCDXZK5X7SKPZZT,699.0,250.0
TWCEAXCCG5MJVMWG,699.0,199.0
TWCEAXCCAGDX3XGG,699.0,199.0
CRNEDAKFTTSGFWFP,699.0,449.0
ACCDXZK5H9WPZ84Q,699.0,250.0
STIE6JA4S4J2EG8B,899.0,449.0
TWCEBZZUUZS54TFU,499.0,159.0
STIEEHYKPPRXANDJ,998.0,499.0
TWCEAXCCQTGYETQK,699.0,199.0
CRNDY6GWJWFVZUGE,570.0,349.0
STIEYZ5TQ3FU8VGU,598.0,399.0
VHREB3NZD9YGJ2JD,900.0,778.0
ACCE6QH4PRZFAVHW,599.0,329.0
CRNECTCZ4ZQZRBR7,3748.0,2249.0
CRNEAMGZVKQGHWSV,1049.0,648.0
STIEEHYK7FT2BYPP,998.0,499.0
PHFEEDJREU4HHEJG,650.0,450.0
VHREB3ZYJWHDDGV6,1500.0,873.0
ACCECA554ZHRTYAG,699.0,449.0
CRNEE84JGYZZVSEW,1999.0,1332.0
LJGE4YPSGWGVZZMT,1497.0,397.0
CRNEDX7NPUEWFFAG,1499.0,973.0
JWSE346HTY2GRPTH,889.0,414.0
LJGECMEPYYNV8HRH,600.0,225.0
CRNEE84JVT2BYQHR,1999.0,1332.0
TOPE789SZDCNRPXW,1095.0,1095.0
ACCEDQ5CSFTU5QSG,499.0,299.0
DIAECK8G9X9HZVHN,749.0,749.0
BTWEE2FFGXVH3MFW,649.0,589.0
STIEEHYJZNF6H9FN,998.0,499.0
ACCEEAMDDNRG3PH3,699.0,229.0
GLSEEDTXVX3DP9W6,699.0,499.0
STIEEHYKHYS3XCTH,998.0,499.0
VHREB3ZYGQYX5KHF,1500.0,873.0
LJGE8WRYUWKGHRYZ,1200.0,349.0
LJGEDWX3HT32UDXR,640.0,320.0
STIEYZ5T5FF3RUKQ,598.0,399.0
CRNEE84JSPKEFZAP,1999.0,1332.0
CRNEE84JKMYF9X3G,1999.0,1332.0
LJGEYTZDGDR6EKT3,1299.0,279.0
LJGEAB2HWZ7XNW9B,899.0,399.0
LJGE8WRFR2VCA39K,1200.0,349.0
CRNEEABUGPKZNYMH,999.0,599.0
CRNEE84JZGP5FYTJ,1999.0,1332.0
SICEDUQB2QJDHU3Y,449.0,349.0
LJGE7YGXZZYD4Y8S,1784.0,319.0
DIAEB4YS4AX9AYQX,900.0,699.0
DIADWQ3VESEPHFNH,750.0,750.0
STIEEHYKJU8XPPRJ,998.0,499.0
VHREB3NZXGMGYFEJ,2500.0,1048.0
LJGEAGHHYC4GKFGM,999.0,399.0
STIE6JA4UNR5RK4S,499.0,249.0
LJGE7YFFXBUUW5TZ,1045.0,399.0
STIE6JA56ZUYQH8B,799.0,399.0
STIEEHYKCGGXDZGW,998.0,499.0
CRNEE62HHQH6V3YN,699.0,449.0
SHIE95FZRPVUP9TT,470.0,390.0
STIEEHYKXGSW9FYH,998.0,499.0
JWSECHHPFRKYJZNZ,875.0,400.0
STIE6JA4BCHZFQ89,999.0,499.0
DIAEF638ZF399G5K,560.0,504.0
LARED9QVZY4HTGKK,499.0,349.0
LJGE8WRYHYRQEFZB,1200.0,349.0
DIAE3CTQMCSHQHEK,1060.0,954.0
CRNEBXXACHA7AJ5C,3299.0,1999.0
BTWEE5JS4H6YV66W,479.0,479.0
CRNEE84J4GHCRBQY,1999.0,1332.0
TOPED32CDZZXXWH5,2099.0,1364.0
LJGEAGHHPFR7QPMK,699.0,299.0
STIEYZ5TNV9BAWM9,598.0,399.0
BTWEEFJ8FQQ9TXWZ,899.0,299.0
CRNEEABUDQYRYWKC,999.0,599.0
CRNEE84JYAYUQEHB,1999.0,1332.0
CRNEE84JN6EGWHXW,1999.0,1332.0
STIEYZ5TS53XAZUR,598.0,399.0
GLSEDNZ4WA8XVVFF,329.0,290.0
GLSEE2VFGQXMK4ZB,1620.0,795.0
GLSEDFCZUZVUPGDE,3265.0,1865.0
SHIEASHQC6NHHHZQ,349.0,279.0
LJGECQQFRRYFHCTB,800.0,350.0
STIEEHYKGKFSAZTZ,998.0,499.0
SWTECYHHU6Z2QZWT,1000.0,800.0
STIEYZ5TZG9N32H6,598.0,399.0
STIE6JA5JTYFXFRE,599.0,299.0
STIEYZ5TTBC5EYUS,598.0,399.0
DIAEBYZFWTGNBASF,1100.0,890.0
BLBE9Y64SAE5CPFH,1400.0,400.0
CRNEEABUTTAYCJQY,999.0,599.0
CRNEEABU5BYSWDFK,999.0,599.0
CRNECTCNWCSWPU4H,3748.0,2249.0
DIADYM2VE6PZGSK3,550.0,523.0
STIE6JA4JQZ675HW,949.0,474.0
WATEE9XA84DBE5RG,699.0,299.0
CRNEEABUQGQX8RPH,999.0,599.0
STIE6Q5UAMR4ZWPD,649.0,324.0
LJGEDDZJQCSHX4TT,400.0,180.0
CAPECT5UT8476PFD,1199.0,959.0
TOPE6YMGKH2SZGMK,1795.0,1795.0
CRNEDX67ACJHFGNT,1499.0,973.0
LJGE8MZQBDGWBGDQ,999.0,299.0
STIEYZ5TQEGTNAUD,598.0,399.0
DIAE4BFMKWPXQF2M,600.0,580.0
SWTEFQ3U7STYSGYT,1399.0,699.0
STIEEHYJZBYHET4F,998.0,499.0
ACCECVMN8RYWCW7Z,499.0,299.0
DIADDHYVANWVEZAF,570.0,570.0
CRNEAMGZHFFHX5DM,1049.0,648.0
STIEYZ5TUPPGU2E4,598.0,399.0
CRNEEABUMFVC4SH9,999.0,599.0
STIE6Q5TVFH8YHN5,449.0,224.0
CRNEEABUQGGMMXNX,999.0,599.0
LJGE8WRFYDYT4RGF,1200.0,349.0
JWSE5H8HMZPGYRGH,1999.0,399.0
STIEYZ5SVEZX9BJG,598.0,399.0
STIEYZ5TBYZ9VUFJ,598.0,399.0
CRNEE5ZSUJZ82AZE,1899.0,1299.0
LJGE4SVX2N98YRKZ,499.0,229.0
DIAE2QNERNBQJ8ME,970.0,699.0
STIE6Q5SH9WHXSZG,499.0,249.0
LJGE8MZRNYJCG7AH,999.0,299.0
DIAD4Y8ZG8QGG6GX,2490.0,2490.0
CRNEBFX57PVYZG5F,4500.0,2696.0
CRNEE84JAMEZYWWD,1999.0,1332.0
STIEYZ5TDEJUQUHD,598.0,399.0
LJGEY6D3VWCHKVPW,435.0,200.0
ACCEB5SDSFFZZDNG,1499.0,500.0
SWTDZKYDB5FJNPNJ,1799.0,1799.0
LJGE8WRFYJPHUAE6,1200.0,349.0
DIAEBR84ZWGNQK7G,1599.0,799.0
CRNEE84JVYFHHG3X,1999.0,1332.0
GLSEEADZCH9FJGXW,370.0,370.0
DIAEAHWGMRAZM99C,985.0,739.0
LJGEAYRSXNFYGGY8,699.0,194.0
JUMEBYV7G9SYGWAY,1295.0,777.0
TOPE5DJHZJWJTM8W,1599.0,1119.0
CRNEE84JVTAMPFEP,1999.0,1332.0
VHREBBHBK6KSZC6N,1999.0,1199.0
LJGE524RJZMTDWJH,798.0,329.0
CRNEE84JYUBZJGNN,1999.0,1332.0
LJGE8WRYFTZRHYTA,1200.0,349.0
CRNEE84J3QNGUZPP,1999.0,1332.0
ACCE5K5HXZHYJAHF,699.0,250.0
BLBEF3HEDXF5EBVP,799.0,490.0
CRNEEABUZZVXKJXW,999.0,599.0
LJGE8FG49ZJGFQYH,999.0,349.0
DIAECGQ7GY9U8SQF,560.0,560.0
TOPEEB3RDRFHR6VU,1295.0,1295.0
CRNEEABUA6JHCV4U,999.0,599.0
DIAE4Q5MNNHPXKXN,1040.0,620.0
SHIE4ZX45DEK8GY5,600.0,480.0
VHREBVKZZXGZFVGC,1500.0,873.0
DIAE4Q5MBSTEGHRW,950.0,950.0
CRNEEABURAKRRRGY,999.0,599.0
CRNEE84JUHJMMDPU,1999.0,1332.0
LJGEAYRSRG45HP88,699.0,194.0
ACCEDFFKZ5DGSBWQ,699.0,449.0
SOFECYFAGGVMMWS7,108000.0,70200.0
SOFE8HPYTFK7ZQKH,56400.0,36660.0
CRNEEABUHEFT4URP,999.0,599.0
CAPE7QZJXYRBJG56,895.0,665.0
CRNEBQCZHNX8SRWZ,4800.0,3196.0
CRNEE84JN5JQCZG6,1999.0,1332.0
SOFEE7ACDGRPDWGZ,93600.0,60840.0
SHIEA33PFVZWGR3Q,350.0,320.0
ACCEEBGJFCGXHY3J,931.0,840.0
DIADSN4DSMJZWCPW,2295.0,2295.0
CRNEYW6P8NZEK9EQ,1099.0,656.0
ACCEE54QE6Q2XVZA,499.0,299.0
CRNEE84JWGZSYDDC,1999.0,1332.0
LJGE8WRYRQDNQMAY,1200.0,349.0
LJGECMEPPZN9BJMV,600.0,225.0
VHREB3ZYYDTFGAGH,500.0,278.0
LJGEBXRRYVZFVRDH,659.0,229.0
SOFEDVYZMGY6UXFJ,61800.0,61800.0
LJGE7ZC2G7WRMNGY,999.0,399.0
BLBEDH9XMZBXAYAH,600.0,320.0
LJGEDPJBNXGVSUDF,998.0,399.0
TIEEEAKTZNHWJ35N,501.0,501.0
SHIED8FA8YMGFQNC,300.0,233.0
CAPEDVMZYZTY7UAG,1999.0,1999.0
CRNEBXXCXTBWMMKQ,3299.0,2199.0
SWTECFFWWQ5BDTMP,1191.0,775.0
CRNEE84JXSRGYKYF,1999.0,1332.0
SOFEDVYZZJME6AJR,15900.0,15900.0
LJGEAZSFPCZ3HYXV,499.0,210.0
CRNEE84JRDJQRDZH,1999.0,1332.0
SOFEDVYZ564ZQTNJ,44500.0,44500.0
DIAE4Q5MP7TFVZ8T,890.0,890.0
SOFE8HPYPESPQRPD,35700.0,23205.0
VHREBBHBFPDAF7G7,1999.0,1098.0
ACCE5K5HZVHYCQHY,699.0,250.0
SICDBJVHQ3DJRGM9,280.0,180.0
ACCE5K5HMGMMYCHH,699.0,250.0
TIEEEYH5AQHKFG2C,599.0,499.0
LJGEABXYZJ9CDTFY,999.0,399.0
ACCECR24JGSPKHDG,699.0,349.0
SOFEDVYZAHXWYTGW,51400.0,51400.0
CRNEEABUMPW6BZ8C,999.0,599.0
LJGE8MZUHE97DHP4,999.0,299.0
SHIE9Y8XB8UPYHKS,425.0,340.0
DCBEE798FWYDAUTD,3999.0,2399.0
LJGEADY4Y5JHREMQ,999.0,399.0
CRNEE84JPGSNF8XH,1999.0,1332.0
LJGE8WRFXVYZPUCM,1200.0,349.0
CRNEE84JXKGJAE4J,1999.0,1332.0
LJGE8MZQFMGZKP9E,999.0,299.0
CRNEEABUGTGCG87N,999.0,599.0
SOFEE2TZYPDUVU9G,27000.0,17999.0
SHIE92VMGH3SEEVU,501.0,451.0
CRNEEABUMNPQZGJY,999.0,599.0
ACCDXZK5FVEADHUF,699.0,250.0
CRNEDAKFFE2NGEYZ,799.0,499.0
BTWEE9APJJHT7ZHA,899.0,479.0
TIEEEDY3JMYXZSXJ,451.0,451.0
CAPEDKXZJYCYQANZ,900.0,399.0
SHIE55R4YXKFTNFR,600.0,450.0
DIAD4VTRTSM2F4YR,590.0,590.0
VHRE5Y7G8CMPZP2M,800.0,499.0
TIEEEBPKU6FDYZRS,451.0,451.0
SWTEC87HBGGCZ5HZ,1999.0,999.0
TIEEEBPKZY2JY5US,451.0,451.0
CRNEE84J6RFBY57B,1999.0,1332.0
CRNEE84JQZE2TYHM,1999.0,1332.0
TIEEEAKUU4RWW38Z,501.0,501.0
TOPECZMBMP9R6WFN,1699.0,1104.0
ACCEDQ5CWGUW4VGV,499.0,299.0
ETHECM6WDWQATHHH,1183.0,599.0
JWSE2NF5S457GG6A,599.0,279.0
LJGE8MZQCURQCSXU,999.0,299.0
TIEEEYH5JYGS7EAW,599.0,499.0
CAPEYGFG6ZCZXQHV,2999.0,1199.0
SHIEAW37Y9S9DSAJ,399.0,299.0
VHREB3ZY4FDJGJ5E,500.0,278.0
ACCECRF7VSPDYQKU,499.0,290.0
CRNEE84JQG9WX6RZ,1999.0,1332.0
LJGE8MZRN4XFMFBJ,999.0,299.0
BLBE9AZKHH8DZMCT,500.0,249.0
TIEEE8H9UBYCPHAP,599.0,249.0
CRNEE5ZSD8SKMGQB,1899.0,1199.0
LJGEDDZKUX8FQKTH,400.0,180.0
SOFE8HPYHNT7KUXG,36600.0,23790.0
LJGE8WRFGNHZKZCV,1200.0,349.0
CRNED63HNKF4ZHDN,799.0,529.0
VSKE8XFGH33MKKG3,6000.0,2728.0
LJGE4YPSH5NK3GMY,1497.0,397.0
TIEEEAMCPYPVFAYZ,301.0,301.0
CRNEE84JNEVAWBJH,1999.0,1332.0
JWSDUGFCNMVZFWHX,819.0,359.0
JUMECZHGZYPKKPXK,2310.0,2310.0
CRNEE84JWHJXZWVP,1999.0,1332.0
BLBEB33S7YRUNBEM,597.0,235.0
LJGE4VAVHAEBKRGV,1497.0,397.0
TIEEEBM6KBNQQUYU,351.0,351.0
LJGEABWZUD5AZ7JE,999.0,399.0
LJGECQQFN2MNPHMM,800.0,350.0
LJGE8WRFZ83BD7G4,1200.0,349.0
LJGE8WRYY2C8HXWT,1200.0,349.0
CRNEEABUD4DPU4BZ,999.0,599.0
LJGE8WRFSJZAFYY8,1200.0,349.0
CRNEE84JTCWGADGY,1999.0,1332.0
CRNEE84JRH2KQU7P,1999.0,1332.0
VHRE7FUYCK5UHUPQ,899.0,599.0
BLBE7EZ2EYPFGEEX,725.0,399.0
CRNEE84JRHGRDZYY,1999.0,1332.0
LJGECMERZRSNVEHZ,500.0,180.0
CRNEE84JUX4HHETA,1999.0,1332.0
LJGEDPJAHHZHR7UB,998.0,399.0
TIEEEFKZHZZF72JK,499.0,374.0
GLSEEANP3Z43QAUA,2257.0,2257.0
CRNEEABUVNAACWBC,999.0,599.0
LJGE8WRFZZNHG29E,1200.0,349.0
VHREB3ZYVVX5ZHGH,1500.0,873.0
SHIEYZF6VHZ5HTVV,599.0,449.0
LJGE8WRFGEZAGVBX,1200.0,349.0
LJGEE8FK4SDHKXAD,500.0,199.0
CRNEDDYREZRDKVSY,3148.0,1889.0
VHREBSGGGYMBXU5E,788.0,499.0
CRNEDX3GCRFHQEB3,1499.0,973.0
LJGEAYRSU4DT75EQ,699.0,194.0
TIEEEANPD39ABGPA,501.0,501.0
LJGDWAC3UMXHNAMU,899.0,399.0
TIEEEBN6ATMHFU2E,451.0,451.0
CRNEEABUXZZJGSJJ,999.0,599.0
CAPEDVMZGYJDU8SE,999.0,999.0
BLBECSRFVRR7XCZH,375.0,209.0
TIEEEAPANUAGHMUP,301.0,301.0
CRNEEABUZNMZJMUK,999.0,599.0
LJGDZJBCRTFHWPZM,999.0,399.0
TIEEEAG2F5EPHGKZ,501.0,501.0
VHREBSMGYYUBVHHF,788.0,499.0
CRNEEABUSVCAMHGW,999.0,599.0
CRNEE84JBS35CCDG,1999.0,1332.0
TOPEE2GZHMHWZADH,1595.0,1199.0
LJGE8MZSZZKEDAXG,999.0,299.0
ETHEEEGYB4DZHRBM,999.0,499.0
TIEEEBHFDEJKVRUG,651.0,651.0
WATEE8V43NBQDJ9M,999.0,399.0
ACCE9YWXSSSVBKAC,590.0,285.0
CRNEEABUFZYDXQXZ,999.0,599.0
CRNEE84J3UWBFE3H,1999.0,1332.0
CRNEE84JANPGQBE7,1999.0,1332.0
SOFEE2TZENKKKYY7,32000.0,22499.0
TOPE9T4DQUSCG8AW,1799.0,1499.0
TIEEEAPAH83GEGEA,501.0,501.0
ACCEDD2QZTSXUA74,699.0,350.0
BTWEEAHUFNKU2YJH,2500.0,1499.0
VHREB3ZYZAFWTNXJ,500.0,278.0
PHFEE9ZQGBXX5NYY,999.0,899.0
CRNEDAKFVWTHSKFF,799.0,499.0
SOFEE2TZGCRUECXM,27000.0,17999.0
ACCDXZK5MGRCNARW,699.0,250.0
SWTDRCHFRNTWNEEJ,1599.0,799.0
BLBEDZE5C9G5GDP8,750.0,365.0
CRNEE84JWP32C7YK,1999.0,1332.0
CRNEE84JTVDV3XUQ,1999.0,1332.0
CRNEE84JSHBGFVRF,1999.0,1332.0
VHREADGKUAXTFNFG,1999.0,1190.0
CAPEEFYZJPSPGUYW,2899.0,2349.0
JWSDSCB7TWJSVKHZ,1318.0,299.0
SOFEDVYZ29EW7VEP,41000.0,41000.0
TIEEEYH5RXNEA9ZQ,599.0,499.0
VHREB3ZYKEFGHVV6,1500.0,873.0
TOPEEFMFSQTJC9DJ,1499.0,1049.0
BLBECQUKSFHGRRTA,749.0,749.0
ACCECZPPPBXPD5HJ,599.0,249.0
CRNEEABUEUGZBSMT,999.0,599.0
SOFEDVYZSG7DTMYG,57500.0,57500.0
PHFDWUHW25WAWXHY,300.0,132.0
SWTECYW6DMF5VQTZ,1299.0,850.0
SHIDYWYMZRFZST3G,370.0,370.0
BTWEEFJ8Y9TH7BSY,899.0,299.0
BLBEAM6QSK8M92JH,999.0,349.0
TIEEEDNSPMTHCQFG,301.0,301.0
JWSE4AE5YCMDGYTQ,666.0,300.0
CRNEEABUMK4GFDGU,999.0,599.0
TIEEEBM6ENWMNXQF,351.0,351.0
CRNEE84JVCCGKSZA,1999.0,1332.0
CRNEEABUH9AJ4FEP,999.0,599.0
BLBEDPZZK4DJYNUM,450.0,259.0
CAPEDVTES4EQMG4H,899.0,899.0
SOFECYFAH37ZKUKW,162000.0,105300.0
ACCECR3NJWYETKGC,499.0,259.0
CRNECSYF7U72GEQH,2498.0,1499.0
VHREB3ZYJU7MGTDN,1500.0,873.0
CRNEE84JZGUQQREZ,1999.0,1332.0
SOFEDVYZHDUAAYRJ,14800.0,14800.0
SWTEE72YGRZTR9EF,1399.0,999.0
SHIE5QEZYYZHAAWJ,430.0,290.0
CRNEEABUNSZGREFS,999.0,599.0
CRNEEABUSFPDUEVJ,999.0,599.0
BTWEEA7F2NTYYHCF,735.0,735.0
SHIE5QEZPB7NE2W3,430.0,399.0
SOFEDVYZZMSWQNED,25800.0,25800.0
JWSDZ5YEDDCUJAJH,750.0,148.0
CRNEE84JUGEHDQHZ,1999.0,1332.0
TOPEEEDZHZYBGEWX,1500.0,1199.0
CAPE8HYQSXRDAGGC,2200.0,1100.0
CRNEE84JH3TXUBNT,1999.0,1332.0
SHIEBP8VVHWKGHSK,400.0,299.0
JWSDU5SDFJVVBEGC,999.0,449.0
VHREB3ZYMXSW9RZT,1500.0,873.0
BTWEEYJR46VFFQW6,999.0,649.0
SOFEDVYZQNYZYYFT,14500.0,14500.0
SHIE4DJHAYYJCKKY,500.0,500.0
CRNEE5ZS269N23JY,1899.0,1199.0
JWSEDYHYRURHGUNG,899.0,225.0
VHREB3NZAWHG8CTF,900.0,778.0
CRNEE84J7C2RSDFP,1999.0,1332.0
BTWEE5JSBPGZ6WZZ,479.0,479.0
CRNEEABUZD9V2PWE,999.0,599.0
CAPE7QZJWGKZSBMJ,1495.0,1111.0
ACCEEAMDYVBMZHYV,699.0,229.0
VHRE4VJVSUAT3PS2,1499.0,998.0
SOFEE8CG5UF2TRPD,30600.0,19890.0
CRNEE84JMRFZCVEZ,1999.0,1332.0
TIEEEDJ6VMM4HUHF,451.0,451.0
TOPECH4FHGAQXFDH,1999.0,1499.0
TIEEEAHSHFGDXPRE,501.0,501.0
CRNEEABURVVKTHGX,999.0,599.0
SWTEA4AKGDGYDNAH,1599.0,799.0
SOFE9FS5ASZFGWVD,18800.0,12220.0
TOPEE5QFN4SWPNFM,1895.0,1295.0
SOFE8HPYDWP32TDZ,31200.0,20280.0
JWSE6KAFNXHKYHPT,1199.0,349.0
BLBE9NJ3EKVFRJS6,1100.0,490.0
TOPEBFCGXQRRT9RC,1699.0,1019.0
ACCECV2HXZ6YF25G,500.0,444.0
VHREB3NZZ3YCJX9R,900.0,778.0
ACCED9SFDA6ZQD2J,1595.0,1276.0
KRTEEAHQW9YG4Z2H,1099.0,499.0
TIEEEANPF3PHCXM8,501.0,501.0
SOFEDVYZ7SAGYGHC,65900.0,65900.0
KRTEEAHQXHSP62KZ,1099.0,499.0
NRSEE5UKVAGREFAJ,1595.0,695.0
TIEEEBM5NYRYWF42,301.0,301.0
KRTEB48YQ2KV6CZE,999.0,425.0
BLBEEB6HBDZGRHE9,897.0,829.0
TOPE9Q36NXHXGWZR,1095.0,1095.0
BTWEDRTHRY83HXYY,300.0,170.0
VHRE4ZNGMPBTHHZN,800.0,449.0
ACCECA55HRCW6W8K,699.0,449.0
KRTEEG6XHZFMR2TD,1099.0,499.0
KRTEE8TYU7NFGCWT,1200.0,490.0
TIEEEBM4UVEXSPWE,301.0,301.0
BTWEE2GHAVDAAG3J,999.0,649.0
TOPEE2GKXTFZN9FG,1295.0,1295.0
CAPEEAFSZSDZXHBA,1000.0,625.0
TIEEE5ZQMFV6KEYV,799.0,599.0
KRTEEAHQYZHHNYTH,1099.0,499.0
SHIE4SFGZYMZ6QUB,385.0,350.0
BLBEE5QEJWDQAWXH,900.0,399.0
AQFEBFC6H27WZW58,300.0,199.0
JWSECS55NZVFHU9W,1200.0,299.0
VHREBBHBPXHHHPYE,799.0,341.0
KRTEEG6TRXKTEDXN,1099.0,499.0
SHIEYEG85KWVX9FZ,349.0,339.0
TOPE7BZAZKKJJXB6,1599.0,1199.0
SOFEB7MHGWTHZFVJ,37900.0,14900.0
VHREBSMGB5G8YCPU,788.0,499.0
KRTEYM23GSPDWPKV,830.0,345.0
SOFEEDSGZAUQEMTB,25000.0,18000.0
BLBE2GTCQEHHRMC9,699.0,299.0
ACCE6QH4MYYFKNYQ,599.0,329.0
SOFECYFACHZTHA2C,85500.0,55575.0
VHRE5E9JCDHCUNUZ,2500.0,1123.0
KRTE9RDQZQZ3PCXD,1699.0,399.0
KRTE8HQUGTUCC8PX,1099.0,399.0
BTWEDYY4TJDYZTWC,999.0,699.0
NRSEE5UKHDHUYP2H,1350.0,650.0
TIEEEYH5TZSMRT2M,599.0,499.0
SOFEDVYZVFTZHMYT,44500.0,44500.0
KRTEEAHQZQJVFHQZ,1099.0,499.0
TIEEE5ZQVUG3QWPZ,799.0,599.0
SWTE2MCEV3ADGTAK,799.0,699.0
KRTEEG6GKZSWKZDH,1099.0,499.0
PHFEEB4KVGZEYDBS,899.0,799.0
TIEEEYH59522JQ2G,599.0,499.0
BLBEAY5YNVAPYQT5,375.0,242.0
JWSEAXHZZHFXWKRR,2100.0,490.0
TIEEE2YSK3FAQ5ZF,599.0,499.0
SOFEDVYZTDGWBSMN,68400.0,68400.0
BBAEECMMZGPVNHY8,1500.0,669.0
BBAEEDQYKWXZDFHR,1293.0,517.0
BBAEE2NFRUJJAEA7,1299.0,599.0
BBAEE995FZHUKWRH,1890.0,590.0
BBAEE82Z8WNRMWBZ,1890.0,590.0
BBAEEHAFWJY9GBYC,2999.0,699.0
TIEEEAKTGVCP5KCT,501.0,501.0
BBAEE4FMJ7CPVWJU,2000.0,660.0
BTWEEAHVWQZZCTUN,899.0,479.0
TIEEEAPAZAEGD7JS,501.0,501.0
VHREBBHBGQ9FWJVQ,699.0,349.0
KRTE7RMRRGYZSAET,1199.0,499.0
BBAEEFYG3Z2FMAHF,2475.0,745.0
BBAEECVVYFX66DEZ,1999.0,699.0
TIEEEANPBF7F4GH7,501.0,501.0
BBAEE933J2HCZBGJ,2890.0,890.0
SOFE9FS5PGNNQV9N,27200.0,17680.0
KRTEEGQYY5H9EY4K,1499.0,499.0
NRSEEGNTQCE25TVY,749.0,749.0
BLBEAEH6TYRUHVNR,1500.0,419.0
CAPE2ZGGQ56T9HGZ,1500.0,699.0
BBAEBFKGGVUVUZKH,1725.0,690.0
BBAEE2NFKJWYBZ4W,1299.0,599.0
BBAE52QH6R5GMSQA,1500.0,695.0
KRTEDZ9EWYXZYKNF,749.0,320.0
BBAEB79JFG2VZVYG,3250.0,995.0
BBAEE4CBQ2XXHBBK,2000.0,660.0
TIEEEBKJFN2XZMN4,301.0,301.0
SWTECEH4CD4Z46GH,849.0,649.0
JWSECH8883YKCB7F,750.0,350.0
SOFEE7AC7XCYXDVC,204600.0,132990.0
BBAEE7XMJRT8GGGA,2490.0,790.0
CAPEYGFG4HFH6HXH,1499.0,1199.0
SNDE2ZZZTRZ6HHFW,1899.0,949.0
SNDE5PJGWDSXSDQN,1199.0,599.0
BBAE3QDNUGVN8QYG,1339.0,525.0
BTWEEDBQDZKZJY5E,800.0,274.0
VHREB3NZKU68PRVB,500.0,278.0
SWTDZCHNPYBTGZBX,1395.0,999.0
BBAEEAEQTYGWMGZC,1800.0,849.0
BBAEEBKG7CXKFXWY,2045.0,925.0
SNDEYPJ5CRZZZTR8,3190.0,955.0
BBAEECMMPGJNEVKR,1500.0,669.0
BBAEECVVEFTTYUJA,1999.0,599.0
PHFEBZ2GBSK3U43Z,749.0,549.0
BBAEBZTBUGTHUZQS,2163.0,649.0
BBAEE992JPGG7RQG,2890.0,890.0
TIEEDZZJNZVNZ8UG,699.0,499.0
VHREB3NZEN8HGQHT,500.0,278.0
BBAEEDQYM9BJDD9X,1293.0,517.0
BBAEBFKGNG7PJARH,1725.0,690.0
SNDEF3HVZW4NPVCN,1995.0,995.0
BBAEE2NFUWAXYF6J,1299.0,599.0
BBAEE8A9A2TAUQQ2,3190.0,990.0
ACCE9YWXVFTHQHJ2,590.0,285.0
BBAEECVVGEXSKGUD,1999.0,699.0
BBAEEFYGEHSQMJBS,2475.0,745.0
BBAEBFKGYQ2GPKHK,1725.0,690.0
SOFEDVYZHG5SHGXM,44500.0,44500.0
BBAEEEZKVPZYTGBW,2799.0,999.0
BBAEEDQYSEHRNAFH,1545.0,618.0
BBAEEFYGHMGZFDUP,2475.0,745.0
TOPEAP5VYCZKFHB3,1525.0,1225.0
BBAEEEV24CQHEH6H,1500.0,669.0
SOFEDVYZFGA9KG6N,19900.0,19900.0
BBAEEEV2VHQYFZCM,1200.0,549.0
BLBEBGGHBA34GYGH,700.0,253.0
VHREBBHBCFFWVCTR,699.0,349.0
TIEEEYH5D2CYRCRG,599.0,499.0
SOFEDVYZRHJG8J3F,86500.0,86500.0
KRTE77XHSKPFQ9NY,1199.0,395.0
BTWEE2PHAGQWEYDK,649.0,589.0
SOFECYFA8R8T5HNG,217500.0,141375.0
KRTEEGQYSFZXSJ86,1499.0,499.0
BBAEEHCZZSGJHSAW,2499.0,899.0
BBAEEEGYGJPDYAR4,1500.0,669.0
BBAEEDQYMPEKRAH4,1690.0,676.0
BBAEEEGYJK5SWZH9,1500.0,669.0
BBAEEEGYNGNWYHXK,1500.0,699.0
SNDEEAFUVTYYXEZ6,1498.0,599.0
ACCE6ZEAGEHBHHHS,799.0,449.0
SOFEDVYZXN34ZJZQ,13900.0,13900.0
TIEEEYH59EYF8ZHG,599.0,499.0
SNDEYVXWYMSUHCF4,3290.0,985.0
TPMEE72YPGSUVPGH,4500.0,3599.0
SNDECJAMZFFBC2UG,1200.0,699.0
TIEEDEY9PDYGWKDW,699.0,631.0
BBAEEDQYHXQP7CMW,1838.0,735.0
CAPEDZVRVGH9YZSZ,1200.0,665.0
BBAEE6ZDKHPTFFDA,2600.0,899.0
VHREAFYHWMX6CHG7,599.0,376.0
KRTEEGQYZFGAYC58,1499.0,499.0
KRTEEGQYHVH9PZ9X,1499.0,499.0
SOFEE76DZYFDSVCP,37000.0,24050.0
SWTE7V5K6JAMTFZQ,1299.0,779.0
SNRDZ4AUYZ4PAHJT,470.0,394.0
KRTEDFFUF9SUYUEU,999.0,399.0
JUMEEFJAYGPS6NXG,2150.0,1075.0
SNDE9B8FER3FJVJ7,2999.0,799.0
SNDE93UPDQ5TNMZG,1400.0,599.0
KRTEE8TYJCSDVHR2,1200.0,490.0
TOPEEB3RXGNKFFP5,1295.0,1295.0
SNRE53FVTK2FQAKU,395.0,320.0
KRTEBD5MYUWZ5WF5,949.0,439.0
CAPE2ZGGSU5MZ8DB,1000.0,699.0
BLBEBZZQXAKUZFFK,920.0,390.0
SNREA7P9GK8HM2Y4,180.0,170.0
SOFE94HW8TPTGPNX,73500.0,47775.0
JWSEAXHZUDNH3ASY,1500.0,370.0
TOPEBFCFUCPYTD7M,1799.0,1079.0
SNDEEAHTXGUPHWBS,2999.0,900.0
SOFEDVYZQQVG4X5T,27900.0,27900.0
VHREBBHBYY9HGJ66,699.0,349.0
SNDEEAFUZE3DHFXG,2248.0,899.0
SNREYGHC2HC9FGMB,195.0,180.0
ACCEBKBXVFYQPJPZ,1499.0,299.0
JUME8BZK5JR2KATK,1520.0,999.0
SNRE6DNNHRCCZ6VK,120.0,105.0
SOFEDVYZGFTKSDGG,44500.0,44500.0
SOFEE7ACZNC57QYQ,84300.0,54795.0
SOFE9FS5HNUYGF3M,17500.0,11375.0
SNRE4F2GBWVF6UKR,299.0,224.0
KRTDXM88AJFUVZWK,990.0,395.0
TIEEE8HAJZAFFEXW,599.0,249.0
BLBEDQNEADZDUJ7J,950.0,450.0
ACCEAFYW5QDXZJEH,990.0,285.0
KRTEE8SGZQWGZCUK,999.0,425.0
KRTEEAFWYSZKAHTP,1199.0,349.0
VHREB3NZNQGEVUER,2500.0,1048.0
KRTEE9X7GRE2K6WN,1149.0,349.0
SWTEEBJB6SUDGRZG,1299.0,909.0
SNRECKFC9SYZY9NG,2000.0,1299.0
SNDDQYT6Y4FTMDDP,2795.0,699.0
JWSE2ZP3CZKXGZB5,699.0,335.0
SNRE9ZQNP9YE6CG8,995.0,995.0
KRTEDZ9ESJWSABWS,749.0,320.0
TIEEEAG2PSQBW2JK,501.0,501.0
SNRE53FVWSRGRGS7,295.0,265.0
TIEEEYH5PHMUNGZX,599.0,499.0
SFAEEGTF6PZ82MFX,1600.0,1300.0
SOFE8HPYPJPUUZ3H,108900.0,70785.0
VHREBVKYXYUJFMUM,900.0,778.0
SNRE8GR3PFYVXEVV,1600.0,1550.0
TIEEEYH5PWDZUY65,599.0,499.0
SOFE9FS5YH6TTNJT,13400.0,8710.0
TIEEEAKTD2HGHGPZ,301.0,301.0
TOPECV93GCG5ZZAG,1699.0,1399.0
TIEEEYH5PY5KFYEW,599.0,499.0
SNREYCF7YMXSPZZ5,275.0,244.0
SNRE3Q384VRQC2ZP,1300.0,1219.0
KRTEEGQYVKMUBYEJ,1499.0,499.0
SNRDWTGQ9FDKB33Y,395.0,395.0
SNDE5RH6ZV2V6HGZ,2190.0,985.0
TOPE9ZZ8SGT9ENVF,1299.0,1039.0
KRTEDVYRV6TGHHMT,1199.0,499.0
TIEEEDJ6UGBNGKAT,451.0,451.0
BLBEATUAUHNEQGTH,899.0,420.0
SNDEFNNDTQUEBB6D,2190.0,985.0
SFAEEGTFKDTHTGAD,1600.0,1300.0
SNDEYGKYHFGMBHJS,2170.0,990.0
VHRE8YHUHAYGJZ2Y,999.0,280.0
KRTEDZ9EUWNG8GNM,749.0,320.0
SOFE8HPYHFDGPFHV,75300.0,48945.0
SWTEAXYCE2BGBZ8Q,799.0,799.0
TOPEDFFJMUYZFYW3,2495.0,1497.0
SNDE2MAAEEQWTYGA,1630.0,745.0
KRTEEGTKUHPZGGUF,1099.0,499.0
BLBEB33SVEEHHYHA,897.0,330.0
TIEEEYH5V3DKJ3EH,599.0,499.0
SOFE8HPYGZCKGXFZ,38080.0,21325.0
SNRECF6UH7GERGGU,399.0,399.0
KRTEEGQYSNHPEYMX,1499.0,499.0
SNRDZHPMS2JSVHG5,330.0,323.0
SNRE5XJHFUE2FHU6,495.0,450.0
TOPEDGHGQGDVNHVY,1199.0,1199.0
CAPE2ZGGBSYGHRWR,1000.0,699.0
SNRE82YYYKFZFACZ,450.0,270.0
SNREYQD9GEZTJYZM,1200.0,1055.0
SOFEE7ADPUPX9MTW,69300.0,45045.0
TIEEEYH59SJASWAM,599.0,499.0
JWSDWRC2NPPXEHGC,1147.0,499.0
BLBEYXYHGMXNNABE,1050.0,990.0
SOFEDVYZFMZPJ3V6,36700.0,36700.0
SNRDZMQ862AJVKGG,1099.0,1099.0
VHREBBHB6MJEVFHQ,1999.0,1199.0
SWTEBKPYZUHGBWCH,1045.0,899.0
SNDE28TSTBZUGG8M,2495.0,699.0
KRTE4PXM3U9MTYPH,1599.0,395.0
SNDE2ZGMTQGZYMZG,1599.0,699.0
SOFE8BZMZWJYZUWW,23100.0,15015.0
SNREDYA3JVMCTGXJ,290.0,261.0
TIEEE8H98GNWMY9J,699.0,249.0
SNRE6RN4WM64VEVP,1730.0,1730.0
SNDE28TUKXHH5ZEW,3495.0,3495.0
VHREBBHBKGWZHYF7,699.0,349.0
SOFEE7ACBVAGKYUV,250500.0,162825.0
SOFE8HPYASTGDEBF,42000.0,27300.0
SOFE8HPYDEWAGBBH,54300.0,35295.0
TOPEEA7HW6A35WXG,1449.0,1449.0
TIEEEYH5MQJM5HHF,599.0,499.0
TIEEDZZJ7CCJHHPM,699.0,499.0
SOFEE8CG7UJ62T8F,23400.0,15210.0
ACCE6QH42EPVSGWT,599.0,329.0
BLBEF3HEKYURWHKG,699.0,419.0
TIEEEAHSK2GGGAEQ,301.0,301.0
KRTEBBEN7GXNP7MX,1399.0,399.0
JWSEFCTMUXBJGWRN,985.0,195.0
KRTEEG6WTPWUZWWA,1099.0,499.0
SWTEDFY6NJMSHPZK,1399.0,839.0
TIEEEYH5RDF2G3M6,599.0,499.0
SOFEE7ACTFUYMFGG,73800.0,47970.0
KRTEE5FKAZPQGZVM,1199.0,349.0
SNDEEAFUYNTKFMQJ,1748.0,699.0
TIEEEBM5HHACYAYN,301.0,301.0
KRTEDZ9EYGADAEC7,749.0,320.0
SWTEAXYCZJV4T5HA,999.0,999.0
SNDEEAFUSGWPCYSS,1748.0,699.0
CAPEYHQQP7AGHSSZ,2999.0,1499.0
KRTEEGQYRFY7MEFG,1499.0,499.0
KRTEEGTKC6PZZAHG,1099.0,499.0
TIEEEYH5YE4FJ345,599.0,499.0
VHRE4TF7XUNZQGJD,665.0,550.0
SOFEDVYZPCRAFKEQ,53300.0,53300.0
SNREDZEKGTF8KTUR,995.0,695.0
SNRE56H4GFPNYGHV,570.0,558.0
SNRE5GP8YDRKNAKE,295.0,275.0
SNRDMU8FYJSKBXX3,2106.0,1049.0
SNRE9BDSSGFRYVMJ,840.0,756.0
SOFEDVYZ4USUDJJV,21400.0,21400.0
SNDDZK9YVB2HNF8R,2090.0,760.0
SOFEDVYZFZZJQFWY,43100.0,43100.0
TIEEEAKUHAAK8MXK,301.0,301.0
JWSE6HKCPRSFG5YX,1199.0,349.0
SNDE2ZZZZYZVZQHQ,1899.0,949.0
SOFE8HPY7Y8DFUMX,38080.0,21325.0
KRTEFFGYSEQZEPCU,900.0,395.0
SNRE777GADUHTECX,1540.0,1540.0
SNDE2B97YKEBEBBG,2590.0,799.0
ACCE9YWXSCSNUGWA,590.0,285.0
JWSE2V7FY2EHVSZX,1360.0,299.0
PEREAYF3BDBWK3JZ,450.0,387.0
KRTEDPEEKUUHVH5R,1499.0,399.0
SNDEFR96XHDY6ZKH,2190.0,765.0
BLBEE5QEZPXQ7KFH,1000.0,399.0
DIAEE8YAHKX7HWP3,179.0,179.0
TIEEEBZ6RVHN8JZG,351.0,351.0
KRTEEG6THBN2GCJN,1099.0,499.0
SWTEE995HZE9WRTM,1799.0,899.0
SNRE8UKZYJFCGJZR,699.0,575.0
VHREB3ZYZAUDNXZF,2500.0,1048.0
SNDEB2DMZXGFA9YM,1500.0,689.0
ACCE6QH4UHRE7WHQ,599.0,329.0
SBWEEFZSFDPHFEKM,999.0,439.0
SNDEEAFUXUYASSYN,1748.0,699.0
SNDE2HP6K7YXNUWX,2190.0,985.0
UTLEBGCEUGC5MJZ5,2000.0,1650.0
KRTEEG6HMEXFXUZY,1099.0,499.0
PHFDX3DE5FDNXN8K,799.0,399.0
CAPE7UGWGJVTFZGM,799.0,799.0
TIEEEANPWXSYHGCP,501.0,501.0
KRTE9RDQZSVEH7H3,1699.0,399.0
JWSEAXHZMNDY9ETJ,1200.0,300.0
SNRDZHPMBUEC5JFZ,350.0,332.0
VHREB3ZYSG8WAA7S,2500.0,1048.0
ACCEAHKQWCFCR3WZ,599.0,299.0
SOFE8HPYX66KMC3A,108900.0,70785.0
SNREYFC5FFNDUUGJ,215.0,215.0
TIEEEYH5GMTNE6YA,599.0,499.0
KRTE89S7ZX7GUEGT,1399.0,399.0
TOPE6Y9NZYXUSA3R,1699.0,1444.0
SWTEA38QECSC8KXY,1595.0,999.0
SNDDZ5KKZ4MRCVQS,2500.0,899.0
VHRE5Y7GNHPYZ5HQ,800.0,449.0
SNREDXF5HUYHXT7H,799.0,579.0
ACCE99CUN85W8QHE,590.0,285.0
SNRDRWRB7CC3HCJU,245.0,230.0
TOPEDF95XZC3KRYV,1299.0,1104.0
SOFE8BZMFT7VRBSJ,48600.0,31590.0
KRTEEGTKS9KZFGXD,1099.0,499.0
VHREB3ZYZSEMKBGH,500.0,278.0
SHOE28TKBXVEFWZM,2295.0,999.0
KRTEE8TYB3SK7JTA,1200.0,490.0
ACCE9YWX8DPNFTF8,590.0,285.0
SOFEDVYZPRSPVQFW,16900.0,16900.0
KRTE6K6WGYPAWGGP,1999.0,387.0
TIEEEYH56RSDMFAF,599.0,499.0
SNRE9PNZDMPZC9SH,150.0,140.0
SWTEEYDSNHH6BYU5,999.0,499.0
VHREB3ZYGJREKQDW,2500.0,1048.0
CAPE2ZGGHSGZAHGB,2000.0,899.0
TOPE8YMA2AJHHHP9,1499.0,1499.0
SNRE8BXBZET8CZBT,1950.0,1389.0
SNRE2DKY688AZS3J,145.0,145.0
PHFEEB4KX3ZZFWVU,999.0,899.0
SNRE9WHFUEMHYEAE,1044.0,997.0
BLBEA2D83ZJDBEX4,790.0,295.0
TIEEEYH5BDGKZBPX,599.0,499.0
SNREFCHPZR8YGBSX,1400.0,1344.0
CAPE2ZGGCAHUAUVS,1000.0,699.0
SNREBR5MZHSPP6SQ,120.0,109.0
TIEEEYH5ESYDMPCA,599.0,499.0
PEREEDNTFNBVFWQD,1095.0,1095.0
PTGEE9APWGGDTTMM,1749.0,1549.0
TIEEEAG2F38HFAGH,301.0,301.0
PTGECWDX3WH37FGC,2800.0,1800.0
KRTEBTFVNGVVBNFY,1795.0,399.0
TIEEEYH5S8MN5ZFF,599.0,499.0
BLBEDMZYZSSCJUZH,898.0,898.0
PTGE8X4XFDTAASHU,2299.0,1749.0
NKCEEH56PZFRUGNU,310.0,300.0
SNDE28TRKCZXHCJY,1895.0,799.0
SWTEEAKVZZQRHUPE,1599.0,799.0
PTGEDZBHGHUYZZAM,2499.0,1799.0
PTGE8X4XSVWSNXEG,2299.0,1749.0
TIEEE8A8UBKG9BMA,599.0,599.0
NKCEEAKUFHZQQTZP,26800.0,26800.0
SNDEEAFUMWCMZUGV,2248.0,899.0
SNDE3CYGBGUTYRSH,1545.0,690.0
PTGEDZBHZHGW2H4H,2499.0,1799.0
KRTEEAHQSMY7DHMR,1099.0,499.0
SNDE2ZZZYAZS8EXY,1899.0,949.0
TOPEE2GGSZTSNKPR,1299.0,1299.0
PTGE8X4XCNEHVXY2,2299.0,1749.0
NKCEE7XH9MQHGTFP,549.0,499.0
NKCEBUSTZRTHWKNB,29700.0,17820.0
PEREAYF3MFSJJMYU,450.0,387.0
PTGE8MNKQ5NFA85G,2299.0,1749.0
PTGEE9PFHU3AUWP5,1749.0,1549.0
PTGEE8Y9HPREBKEK,1749.0,1549.0
PTGE8X4XMV6XJGUF,2299.0,1749.0
SNREYGHCFWFGFA26,145.0,140.0
NKCEEFFZB3AFHB2K,3249.0,1299.0
PTGEDZBHHZKKGTFZ,2499.0,1799.0
BLBECGN3NT4GEGNG,1550.0,402.0
NKCE2QKGRKR2YFYF,25000.0,25000.0
SNDE5PJGURDFBURG,1199.0,599.0
PTGE8MNKFHYGAPFG,2299.0,1749.0
PTGE8X4XJM4SFDFZ,2299.0,1749.0
SGLEJ8GVTZDGFGUJ,1099.0,479.0
PTPEGG3XD3GAPBNB,470.0,460.0
SRTEGKWYRMVXC7GE,4742.0,1897.0
AIREJ3SFZNZ5RHRZ,399.0,229.0
NRSEGS9MBEBZVGK9,998.0,499.0
NRSEGS9MVZYYGVJE,1050.0,525.0
NRSEGS9MTKR9HPPN,998.0,499.0
SHOEGP2X3GMKZVES,1999.0,899.0
NRSEGS9MZHZZQ84B,800.0,399.0
SHOEGSNVQN4HAGV2,999.0,499.0
CKIEGRF2ZVMW5TC5,450.0,380.0
NRSEGS9HMJPHYYGA,740.0,370.0
NRSEGS9MJBXQTN7N,900.0,450.0
NRSEGS9MEGAZT9SY,1050.0,525.0
NRSEGS9MCRHGYHHZ,1398.0,699.0
NRSEGS9MKXVCWJAB,900.0,450.0
SHOEGZ7FYFFSFKHY,399.0,299.0
NRSEGS9HHFNXFJYR,798.0,399.0
NRSEGS9MHABZQUCH,700.0,350.0
HFCEGNHHRG5UUDJF,499.0,299.0
NRSEGS9MDCNWTCH3,1000.0,499.0
HAREGHFYTVPNXEG6,827.0,297.0
SNDEHDC6YDWFWHV2,690.0,690.0
SWTEBYZGPBJESZ7R,2600.0,1100.0
ETYEGYDFUSD2HGAU,1699.0,849.0
ETYEGW59FFDEFGMU,5700.0,2850.0
SHIEGUMAYPJU3HDW,1500.0,800.0
SHTEG88ZZRQ5GEZD,1299.0,517.0
JWSEGGHZGHS5JG7D,2700.0,670.0
SHTE7F94HZH36FXN,799.0,399.0
SHTE4G4UYTUHREDU,799.0,499.0
SHTE5YHGMHQZHD8E,899.0,449.0
CPCE49C9W7EFFSSS,259.0,138.0
SHTEFWHF7HHYF6ZH,1099.0,494.0
SHTEFKJF6EZYQGB4,749.0,499.0
SHTE7HGFGYNZN7PT,799.0,360.0
SHTEATTURTG7HX3X,1500.0,399.0
SHTECFPYKSAGHGH2,349.0,199.0
SHTECRHEZH2TBSE8,1000.0,399.0
SHTEBBWK5RY6SCPU,999.0,350.0
SHTEA4PCZUPPGHY2,599.0,300.0
SHTEBYGWYRYJADYH,599.0,399.0
KRTECARAFGAGAMNE,1499.0,699.0
SHTE4YFYJDWERKMR,799.0,399.0
KRTEDCZFNJR26X49,1895.0,550.0
BBAEDVR8DQYHHPEB,749.0,299.0
DREE9MGZ8UKR8JFM,349.0,314.0
SHTE7F94JPGHWHDG,799.0,399.0
SHTE4G48XNHGJQYF,1299.0,389.0
SHTE524QZZ2VGM3C,1200.0,350.0
SHTEBYH3RZZWQHZX,799.0,445.0
SHTDXYNYZBPHFFFX,999.0,199.0
SHTEBBWDKMTMKZXH,849.0,424.0
SHTEYPEAG7JNSVNN,799.0,399.0
BBAEDVQEFGUZ6FCE,649.0,249.0
BBAEE992M8XFWEHE,2000.0,495.0
SHTEE69NHZKZW7BN,999.0,495.0
BBAE8UJP6A882UU6,999.0,345.0
SHTDXTWUTHJFR8UH,799.0,479.0
SHTECDERSNWTPCZH,999.0,399.0
SHTE6GACZPHBUPYE,999.0,499.0
SHTE94E9YHVD5YKW,1095.0,495.0
BBAE4S7SVZGPY5KW,1797.0,449.0
KRTEDV39QHMGJ7X5,1699.0,549.0
SHTE2PR3RKEMUW3H,599.0,300.0
SHTEYUYSZ9MHSMGB,999.0,499.0
DREEAMDYR8FHGBF2,1149.0,499.0
SHTE4ZUYKEZKHYJQ,500.0,275.0
SHTDVC4GB6G5XE3K,899.0,499.0
BBAEFJG7NFBWZ2BP,1049.0,399.0
BTWEB2PFYPSZNNVK,1490.0,820.0
BBAEBGYQSTSQHVTY,960.0,960.0
BBAE2GZ2XHSHZFQG,1860.0,538.0
BBAEDUT9GZD49FHT,999.0,350.0
BBAECD6FBNVFWPQB,1722.0,454.0
BBAEE7XMHPFPVGUA,1000.0,199.0
BBAE9ZGYHHZMHWXQ,999.0,349.0
BBAE96RPUGWMTDFM,699.0,149.0
SHTEYQHGSRM5SX3S,1799.0,475.0
SHTE7HGFZAZXUM9T,1099.0,495.0
BBAE9ZGYGSUHMTXG,1299.0,399.0
SHTDZWNYY6D6H2CM,849.0,424.0
BBAEEYYXSEDGJVHV,750.0,750.0
SHTDYTMFF8GW6ZKJ,899.0,405.0
SHTE4CNCZVYKFS5Q,1399.0,387.0
SHTEYX5H8NYSBBBW,1095.0,328.0
SHTECY55PF7VXSTR,899.0,450.0
SHTE5YHGPAWASKFZ,899.0,449.0
BBAEDVQFCVT4UTMR,999.0,399.0
BBAE76FZ6E2ZERN7,1495.0,299.0
SHTE6SEMTFDTVY2A,799.0,399.0
SHTE4ZP4Y3T97MGA,999.0,499.0
BBAEFKN6ESTSR6D3,1499.0,299.0
SHTEFUHGAUHRCJ5J,899.0,449.0
BBADWZFDVJNFAMUH,2450.0,490.0
SHTE38MZUZFNQQ5G,799.0,479.0
SHTEAHFFXAGCWVZZ,849.0,424.0
SHTEBRFZHX5RGBMF,995.0,465.0
BBAE8UJZQYKYMBPQ,995.0,345.0
SHTEB96CYRMYSVZS,1745.0,499.0
BBAEFJG7Z8CHWWY2,1049.0,399.0
BBAE7DBHPEGVHFZX,850.0,168.0
BBADVRPJWMJEJQZG,1825.0,479.0
BBAEE9F9UDQGGH3K,600.0,600.0
BBAE7AGX8CF7TY8U,2089.0,417.0
SHTE7MYZVXHZUCEG,999.0,499.0
BBAE76FZE7Z3RHYR,1995.0,399.0
KRTEAX832HH4SR2Z,1175.0,545.0
KRTEB56VSYHZSW4X,1725.0,695.0
BBADVRPJYHHMUSFE,1491.0,399.0
SHTEFHF87D8XFUAE,599.0,399.0
BBAE3CSSJJHYZJZV,1239.0,483.0
SHTE3FCVRR7RXQ7W,999.0,499.0
SHTEBTB9YCV34XZA,599.0,419.0
BBAE7F9BPKWVAG2N,1630.0,449.0
SHTE92HGYRHXFQFF,899.0,449.0
SHTDXPF5YTCNDDDD,999.0,299.0
BBADVZCAZQWTNWYF,1825.0,479.0
SHTE5YMRYAC8ZCPJ,1199.0,439.0
SHTEBTB9ZM42MVDY,599.0,300.0
BBAEEYH63GTPVTA8,950.0,950.0
SHTE5GZ2HUTH4YVV,1299.0,449.0
SHTE8E6YZAT9CCXH,799.0,316.0
DREEDHM4HCWUJZZJ,2399.0,949.0
SHTEC99DTEYT9XHY,649.0,399.0
BBAEBFYNRCVHHD95,2999.0,499.0
SHTE4YFY6PPGZNV6,799.0,399.0
BBAE4PXJ3RQP7YVM,2100.0,420.0
SHTE38AH8BUBGJ7Y,1099.0,499.0
BBAECX4DYFGUD3BA,705.0,245.0
SHTE7H4PQDYRZPNY,800.0,399.0
SHTED7FNBZ3EFZUX,999.0,450.0
SHTDYKJYN2HMCRFH,1499.0,349.0
SHTE94YHZWBB9CYV,1699.0,499.0
BBAEDVQFVRUZGG4D,649.0,249.0
BBAE99AKKTVS2AYU,2000.0,350.0
SHTEYQDB4JHRTCRR,1595.0,450.0
SHTE8GNBZRXJQPR2,749.0,374.0
SHTE4YFYMFWDZZYH,799.0,399.0
SHTEC8A5ZWUDZQP4,899.0,449.0
SHTECG6GNUZMJH4W,799.0,399.0
TOPEBH65ZCCBQNKH,899.0,494.0
SHTE524QZEUXPHBM,1200.0,499.0
KRTEA4KGBBWDMSVU,2299.0,1434.0
SHTE9MSEVDY5NZCN,1399.0,297.0
BBAEBEYRKACYN6EE,2999.0,499.0
SHTEA48RXHZZ7YKB,599.0,300.0
BBAECBJ7G3YVDDZR,1000.0,300.0
BBAE9WX4XEPYYVJP,1299.0,399.0
SHTE6PXKWGSKDUHH,850.0,425.0
SHTEAVUTSHQZ3BER,899.0,499.0
SHTEARG3SJ9SXZKZ,999.0,499.0
SHTEDGMEPN22EPHY,1250.0,499.0
BBAEEYH6ZNYBFYRD,850.0,850.0
SHTDZFVHY7TKGUMA,999.0,399.0
SHTEC8A5UBM4RW3D,899.0,449.0
SHTE6GKKSYPKWKNW,1099.0,324.0
SHTDXUZWDBXHW9WE,799.0,449.0
SHTDVHKRK3SZAUB5,999.0,449.0
SHTE94E9CTFU4W93,1095.0,495.0
SHTEBPW9JFRNZCZR,995.0,465.0
SHTE4YFYWCGZEPHB,699.0,349.0
BBAEE9AQSZAYS2NW,2000.0,495.0
SHTE7H6NVYGH6SRR,999.0,499.0
BBADVRPJZZZUASPZ,1491.0,399.0
SHTECXEAQWCZXXPU,699.0,318.0
SHTEBG7AMKDDABX9,699.0,399.0
SHTEAVBVRZD4RN4G,1699.0,499.0
KRTEA22FC4WUWPPQ,1995.0,1397.0
KRTE6DPGHFZ3KY3B,1149.0,539.0
BBAEE99FM9NA3QF7,1800.0,450.0
SHTE4ZVVXTFCYZGW,999.0,499.0
BBAE86DX3ZPWSKPU,1600.0,450.0
BBAED6G6NS3SYGT4,575.0,575.0
SHTDVHKQPDCXMJJ5,899.0,404.0
SHTEE9GJGHGFHNXB,749.0,449.0
SHTEC9M7NADQD9EJ,649.0,399.0
SHTEY3BTCJMHHVCN,799.0,399.0
SHTE95RC4JYP3WMM,799.0,404.0
SHTE6SEHTFZHK2GQ,799.0,399.0
BBAE4EZFNHVDF43F,1185.0,299.0
SHTE7F94PFF6MZJW,799.0,399.0
SHTE6XPTSZWHHRD7,699.0,419.0
SHTE69H6ZETVKJGG,1099.0,499.0
BBAE9ZGYQ33TBJHF,1299.0,375.0
SHTE94E9WWH5ENFK,1095.0,495.0
BBAE73VF6GBYSXQN,299.0,79.0
SHTE6WFRGZJASZVJ,795.0,397.0
SHTE38HWTPPGGPFZ,699.0,349.0
SHTE9KP2HFAUNPPG,1500.0,399.0
BBADV33MZUQZXGVZ,800.0,300.0
BBAE76FZQBEZ3YTE,1245.0,249.0
SHTE8FZ5VGTWWZJZ,749.0,374.0
SHTE6SEHBHY3FWPF,749.0,374.0
BBADVRPJZZNHWUGU,1297.0,359.0
SHTDSV7BJHUAWG9D,599.0,299.0
BBAE7YVPVNQHDKDH,1321.0,375.0
SHTEYFFWMFZEF2ZQ,999.0,499.0
SHTEBAGPSEVQXWYN,1745.0,499.0
CPCEA4ZCHPHGHCYN,350.0,199.0
BBAE53BEQJPKHGSA,999.0,333.0
SHTE7JHJUYCDQPMH,699.0,349.0
BBAEC89PP5NCWVFR,999.0,199.0
BBAE7YVPMTU2PJFX,1026.0,290.0
SHTE8YHTXYXFRNGU,800.0,399.0
BBAECETK8FQMJT22,1655.0,398.0
SHTEAVBVDRBN5ATQ,1699.0,499.0
BBAEDWJ93XUZQTXM,1200.0,299.0
BBADY34ZZXDVQ2WH,1378.0,399.0
SHTEYFB9ZHUZZNME,895.0,447.0
SHTEBSMJGW2XZMMN,899.0,299.0
SHTE2PZGPYGVGGAP,599.0,299.0
SHTE9EFGJRQM5HE9,995.0,425.0
SHTDXPSX8XZNNCZH,1199.0,449.0
SHTE8BFQ6HKZUPQK,1399.0,297.0
BBAEDZHYDZQGHHP3,750.0,750.0
SHTE4KBM7NHQDAVA,1200.0,399.0
SHTEBPW9BGQHKRGA,995.0,465.0
SHTE4765YBYEHH3Z,1499.0,299.0
SHTE7ZGESTZGPWHM,1499.0,499.0
SHTEASFVA8A9HD6H,699.0,399.0
SHTDZZHVJJJDEHQS,899.0,299.0
SHTE6J6G6UCVVDHU,1200.0,499.0
SHTEYPEAHHGF4YYB,799.0,399.0
BBAE7DBHQHZCBZ8G,850.0,168.0
BBAE7AGXUZ3TWSR8,2089.0,417.0
BBAE86J6ZYXTPZCZ,1600.0,330.0
SHTE9Y9GZPS6HZ47,799.0,399.0
SHTE9UCSZBHFAS8Y,899.0,449.0
SHTE2RSEQ7FQDTHU,998.0,499.0
SHTE4HZWKVAZHEDA,799.0,240.0
SHTE8YUNDGRYCAM8,1199.0,499.0
BBAEE897XSCRYBYA,500.0,500.0
BBAE7F9BXDKZVUZM,1763.0,449.0
SHTE9ZH6UTCH6MXE,799.0,479.0
SHTDUA8CYNSGTQZF,799.0,479.0
SHTE7F945NFMK4KT,699.0,349.0
SHTE3ZDHZDGEWDGV,899.0,497.0
BBAE7F9BYJ5U8QUE,1763.0,449.0
SHTEA48RZYZRRGH3,999.0,499.0
SHTE6GKKXH8R6RFS,1099.0,304.0
SHTEB57YNKJTSJZJ,999.0,499.0
BBAEBTRWQGXX6GCF,999.0,269.0
SHTE7F94Z7HBFWU5,799.0,399.0
SHTE93YZUV5VCRTM,899.0,449.0
BBAEDZHYZZQHYEHU,900.0,900.0
BBAECWEYKJU9UY7R,625.0,625.0
SHTEFVQAWF6GJ7GG,549.0,275.0
BBAE3ZZVURG8ZQGU,1378.0,399.0
BBAEAHNGV3FHXJVC,1299.0,349.0
BBAEAHNGTCC9GZKM,1299.0,349.0
BBAE3ZZVU9G6XVNS,1378.0,399.0
BBAEDVQFDQARSHEC,649.0,249.0
SHTE2ZMYHPXDXUEH,999.0,329.0
SHTE83XZYCAJEPJC,1299.0,499.0
SHTEFWJHZWQ4RPYZ,999.0,499.0
SHTEBGZGYUDQW2XF,1199.0,439.0
BBADV33MYHJFYZWQ,917.0,350.0
KRTE8HBMTCDQ3BKC,2499.0,799.0
BBAE75HAMG45WNGF,1000.0,199.0
SHTE2FRVZHHBXAZR,2499.0,499.0
BBAEDVQFABYT2GPT,999.0,399.0
BBAE9WX5K456PRFV,1299.0,349.0
SHTE4YFYKYZZG4MN,799.0,399.0
SHTEEFQYRXG98PFA,1299.0,499.0
SHTE2FCTN7MYJCUW,499.0,249.0
SHTE9WVSXWXXVN7A,799.0,449.0
SHTE8VQHTDXGV5TM,1199.0,479.0
BBAE9RFGX5CYVXQR,2000.0,440.0
SHTE89H7XHZDPWYF,1295.0,388.0
BBAEDVQFMYGBZGMQ,999.0,399.0
BBAE5TFSUMZFRMHY,2100.0,420.0
SHTE9WHEEHZTWXB9,1199.0,297.0
BBAECZMBTFADPAHM,1499.0,399.0
SHTE4S27GR2WA6DD,999.0,499.0
SHTEYFFWZT6XAY9S,999.0,499.0
BBAEAHNGVHWRRKCX,1299.0,349.0
SHTE7HGFZD6RXZFZ,449.0,202.0
SHTEB79NB5XPSZQB,1099.0,498.0
SHTE2ZMZG9GPYZXY,1099.0,429.0
SHTE6K74ZMWEPSHH,699.0,347.0
SHTECRNZ8WMH4ARD,1200.0,499.0
BBAE7F9BYHHXHFEK,1630.0,429.0
SHTE84EAUD62HGHE,999.0,499.0
BBAE9ZGY3DNEFUQX,1299.0,399.0
BBAEDUWFCWY9AGUF,500.0,500.0
SHTEYV3NHNXUVRGB,1000.0,499.0
BBAE53BEYN2FHF7C,799.0,250.0
SHTE3WVSJMHBAKUA,799.0,449.0
SHTE6SEHFYPGUHPU,649.0,324.0
BBAEDVR7J4VZ7UNN,649.0,249.0
BBAE4S7STYXXGREB,1797.0,449.0
SHTE83XZVZHZC5NG,1299.0,499.0
BBAEEYH6QUXJRGGR,680.0,680.0
SHTEBG8FZJFYB9DR,999.0,499.0
SHTE7F94WHE65CJJ,999.0,499.0
TOPEBH65ZYGEZ65C,899.0,494.0
BBAEBYRDZXSDGXXH,649.0,249.0
SHTE4YFY9Y7YKPZF,799.0,399.0
SHTE8YUNZZ2Q26HX,1399.0,499.0
BBAEEYYXVFUCE7RZ,750.0,750.0
BBAEFGBEZSSZGMFZ,1585.0,429.0
SHTED558PN44CKNK,999.0,499.0
SHTE47YQWHUUXGGJ,799.0,399.0
SKIECBJQMXTRYAXE,1199.0,450.0
BBAEBFYNRBGU74QN,1499.0,399.0
SHTE7HGFX3VAYKZ8,549.0,247.0
SHTEBJKTWGDQTMJB,700.0,348.0
SHTE6GKKTZ3MFZTH,1099.0,349.0
SHTED583HYWQ9TKZ,999.0,899.0
SHTE6PXKYFE8Y3JT,649.0,349.0
BBAECWEYMV8NQE9M,675.0,675.0
SHTEBY3XEMHNBA4Z,1099.0,445.0
SHTEDFFJGRREHAHN,899.0,629.0
SHTEA48QTTDN2Z5R,899.0,449.0
SHTEBZ59EQTPTANJ,1099.0,499.0
BBAE3YT9UF7XDEXK,996.0,199.0
SHTEAVBV7CKFBSPS,1699.0,499.0
SHTE6JG4KGXPFTBN,1930.0,482.0
KRTEAX83ZSGWJP5G,1650.0,792.0
SHTEAW779JPDGYPA,599.0,350.0
SHTE83XZDYSMEZYW,1299.0,499.0
BBAE5W98GVTZ9FAZ,1933.0,559.0
SHTE8ZWWYJBHQHTK,800.0,399.0
SHTEDAU6YEYVGEKG,999.0,475.0
BBAE73VFEZDFQPX4,799.0,149.0
SHTE9SZJHUNFNVNG,725.0,375.0
SHTEA48QD8CJDSMZ,699.0,349.0
SHTE84EANT7R9UED,1299.0,499.0
BBAEEYH6KBF76RDT,900.0,900.0
BBAE2FJ8NYUG6JYD,1563.0,448.0
BBAE6GFQXREGGBCU,2495.0,499.0
SHTDYP6M8TXRF9U5,899.0,404.0
BBAECWEYQEARSJFB,725.0,725.0
BBAEBVCUYV9WDBNM,799.0,228.0
BBAE2FG9KERXWFXZ,799.0,279.0
FABE9TBEMXEJWZYG,1099.0,379.0
FABE9T4NDPNNCYWT,1399.0,429.0
FABE9TBFVQPF9HNZ,1099.0,379.0
SHTE7ZGETHKESTZP,999.0,495.0
SHTEBGHFY3HAETFD,1049.0,399.0
FABE9TBGHEVENFMR,1099.0,379.0
SHTEDQH4ZVMC4GT7,1199.0,499.0
CPCEYW2UE4KSCXY2,349.0,149.0
SHTEYE99AMMVKYDK,699.0,419.0
BBAEYYXASHUZ6FWG,1380.0,499.0
SHTEA4PCZP3743CC,599.0,300.0
SHTE3WVSG6C4HAHN,899.0,499.0
CPCDZT9ZRGTKANYZ,349.0,149.0
BBAE6MFYTVYKKUVE,1270.0,361.0
SHTE7MYZPX4RBTSZ,999.0,499.0
SHTE89H7YX7GFGUZ,1295.0,388.0
BBAEDVQEYBFKHFTB,649.0,249.0
SHTEYE95VGBA4XXM,1399.0,499.0
SHTE4CNCXQWEPQY9,1399.0,387.0
SHTE6QDFYHVZ8XCV,1911.0,382.0
SHTE4YFYME4TZPWK,799.0,399.0
BBADVRPJSSYQ9CG2,1774.0,469.0
SHTECFD2ZAAQN2J5,950.0,450.0
SHTE4765BU9QEQZR,1499.0,449.0
SHTEYE998X2JFGDE,799.0,479.0
CPCEFH9YCGUDCXYH,349.0,149.0
BBADZRX5QQ3W8CMB,900.0,299.0
SKIECBJGURGNHHZ5,1199.0,450.0
SHTE9UGFRZJC5RRE,999.0,297.0
BBAEE897P2A9PBX6,500.0,500.0
BBAE7F9BPWRPENYR,1630.0,429.0
SHTE966URDVWTHUZ,949.0,474.0
SHTEBBWJXBH9GPHD,1040.0,350.0
SHTE38HWFCRYMWUK,899.0,449.0
SHTE7HGYYVFZ5AGH,559.0,252.0
SHTEBRFZYHAJEGGQ,995.0,465.0
BBAEBEYRYPYFHR8Z,1499.0,399.0
SHTE978F5FK8CMKH,950.0,475.0
BBAE8UJZ3PZHX2T6,999.0,345.0
BBAE7F9BHRMAH8Q3,1597.0,419.0
SHTEANKUFFWHHJBU,799.0,499.0
SHTE2ME4Y3QR83ZM,899.0,449.0
BBAEDVQE5QNN37ZT,649.0,249.0
SHTE8XYCYAD3HHZF,799.0,399.0
SHTEYUYSXAEHDMTR,999.0,499.0
SHTDZHYHDCHHTCDG,699.0,347.0
SHTE58S9XSGBJAQ9,1299.0,297.0
SHTEA48RTJTHZY4Q,899.0,449.0
SHTEDAU6HXFGRFHG,999.0,475.0
SHTEYFC2YNHHZX6H,799.0,399.0
SHTDYP6MYFEVHQQ4,799.0,359.0
SHTEA48RPJADQQ5C,699.0,349.0
SHTE3Z53YPFMUXUW,1310.0,467.0
SHTDXYNYTHQHTPQY,999.0,399.0
BBADRUPT2C7HVVS4,2367.0,473.0
SHTE96UAPYZHBYRY,899.0,449.0
SHTEBHMZFMQTXC3E,799.0,470.0
BBAE7F9BYYHZZEQB,1730.0,449.0
BBAE5TXZYPGHGEDX,600.0,152.0
SHTE6SEHGTYJFSM3,649.0,324.0
BBAE9S9FAADRB9MC,2000.0,440.0
SHTE95RBF9JZMYSE,799.0,404.0
SHTE4S4NH7GH6ZRH,500.0,250.0
SHTEB9BVVQDMJ3GA,999.0,499.0
SHTEBVT83MFC47FM,799.0,349.0
BBAEBEYR9ZATYRZH,2999.0,499.0
BBAEE992S4E7FHPZ,2000.0,495.0
SHTE8JG67CFUKGQN,700.0,449.0
SHTE6P4EVQ4VCPFG,688.0,412.0
SHTEARX7ZJDXFT8T,1899.0,490.0
BBAEBZKUYSPW4XBE,649.0,249.0
BBAE9ZGYTRBF75VW,1299.0,375.0
BBAE7F9BZPPMFZWP,1397.0,369.0
BBAEAN9S4XKMAHZB,899.0,199.0
SHTE56H4UH5HS2ZH,995.0,499.0
BBAEDVR7GWUK5C3Y,649.0,249.0
BBAE2FG9DVHKEKV4,799.0,299.0
SHTE8DY8VS8ADZ3S,899.0,359.0
SHTE3ZDHPQHWK6PR,899.0,397.0
SHTE37HP6HFZZAEE,999.0,379.0
BBAE9WX5WWSFF6SN,1299.0,375.0
SHTE9CRGUMFZ2J5M,999.0,499.0
SHTE4YFXHZQEAWSY,799.0,399.0
SHTEYUYSUFGXFV7V,999.0,499.0
BBAE2FJ8SE6KSJMH,1563.0,448.0
SHTE8W9QTNENVHJ5,899.0,449.0
CPCE4ZPPVAZE2VBG,385.0,199.0
SHTE9795UKMX8EB8,949.0,474.0
SHTDZUGEV42ATWUP,899.0,405.0
SHTEBGHEWMJB7SWJ,1049.0,399.0
SHTEE4V8N7YGCJQM,999.0,499.0
SHTE9WHEXEHAQ732,1299.0,297.0
SHTE8GR3AJFN7SAF,749.0,374.0
SHTE63XZJFHSSEQA,999.0,499.0
SHTDZHYHJAQHGUFN,799.0,397.0
SHTE69H6WWXCNFTA,1099.0,499.0
SHTECY54ZYGUHVDN,899.0,450.0
SHTEBFDATZQGEAKG,849.0,499.0
SHTEA8GTM6GGGEZB,599.0,370.0
BBAE9WX5WKFR3AH9,1299.0,375.0
BBAEDVQEWZDM2P32,999.0,399.0
SHTEDAU6ZHWERKGC,999.0,475.0
SHTDXPSXYNVHYEMY,1199.0,449.0
SHTEBGHFMTUYHDYH,1049.0,399.0
BBAEDVQEEBPQQVWE,999.0,399.0
BBAEDVQFZ4HZGHM9,999.0,399.0
SHTE6P4FWF9NHF3V,799.0,479.0
SHTE7F94PHHRSDZG,799.0,399.0
BBAEDZHYHUYBYWHF,750.0,750.0
BBAEBEYRUHGEARGR,999.0,199.0
BBAE6JCG4YCBTGDG,1799.0,299.0
SHTE9CR9YDFH23NM,999.0,499.0
FABE8W55XRZD3ZUP,1299.0,462.0
SHTEBYV9V2TTZZZ8,799.0,499.0
FABE8VTWXSASGFDH,1399.0,549.0
SHTE2ZMZQVGQXCKG,999.0,478.0
FABE8W55CVM5GCX7,1299.0,462.0
SHTECDERZU2EKV2A,999.0,399.0
BBAE8FAGZRY2DMXU,2000.0,414.0
FABE8YQFHSUDYRC3,999.0,470.0
SHTE8ZWVS5BUPARG,800.0,399.0
SHTE9JWCMNR8ECDC,999.0,499.0
HMBECV4EMZDNYH96,2990.0,1188.0
HMBEDE5G8RJN47V5,1725.0,995.0
SHTE2FR9XFCNYT2E,799.0,399.0
FABE8VYTQZZPBJEH,1299.0,499.0
FABEBAWZUYUNVEDG,1863.0,604.0
KRTECWCPVEBJ8J53,1185.0,830.0
SHTEATTUXGYSFFM2,1300.0,349.0
BBAEYYXAGXGEGCGN,1300.0,399.0
SHTEAVBVWZMSN9BR,1699.0,499.0
SHTEFVQAYZFZH4HW,549.0,275.0
SHTEC8A5WMQVCUXA,649.0,318.0
SHTE9796FANCEWKZ,949.0,474.0
BBAEEFKPGQYWSXNB,1000.0,199.0
SHTEDSV76NNTFZ4E,999.0,475.0
BBAEDUT7WV5QHGFZ,999.0,350.0
SHTEC9RHZENPG3J2,899.0,499.0
SHTEAHVDPYTHAJYF,895.0,447.0
SHTEB9BVYWYVMGWY,899.0,449.0
BBAE4VG2CKPKERAJ,1250.0,350.0
SHTE7HPFXST94MS6,899.0,449.0
SHTEARX7G5EV5FJX,1899.0,490.0
BBAE7QTPGDJESHNS,700.0,655.0
SHTDXDM4QZSFRCAT,1099.0,494.0
SHTEBSMGTZVTH3DE,749.0,299.0
SHTEATGFWT8VP5B4,899.0,449.0
BBAEFGBEUADZCTH5,1394.0,379.0
SHTE6WFRGBZYGFVR,795.0,397.0
SHTEYE99ZFYA37JD,799.0,479.0
SHTE5EFYZJW6MDAE,1299.0,389.0
SHTE8Z5AYQZYAZGP,1199.0,297.0
BBAE4S7SZBZDHFQ2,1797.0,449.0
BBAEEYGPZQPHDVV7,950.0,950.0
BBADV33MYAG8EXGH,800.0,300.0
SHTECYEZDUGJKSNA,1299.0,453.0
SHTE6SR6Z3NJCH2X,1200.0,499.0
BBAE8TZFTZNYFVAE,780.0,199.0
SHTEYYXBZWCJBAAN,899.0,449.0
SHTE84EA2BPH5FTY,999.0,499.0
BBAEEYH6S8NMYGHN,960.0,960.0
SHTE9Q5YZVJZZXCR,1195.0,478.0
BBAEBZ79HRWFH4QG,1300.0,390.0
SHTE5BANJZGMWPUD,799.0,499.0
SHTE8CX8Q3SMVXSB,1499.0,497.0
SHTE6YVVZAUUCUKP,1150.0,399.0
FABE4KCTTX3UB4DT,1900.0,590.0
FABE4KCTEDAHBYQ3,1900.0,590.0
FABE9KYY62UG3PRV,1900.0,579.0
FABE4KCTDQPJUQSE,1900.0,590.0
SHTE6FWQKBCFYAGX,999.0,399.0
SHTEAVBVZYSDF59Y,1699.0,499.0
SHTDW7AQUHWQUYHR,749.0,449.0
BBAEDVR8CJJKQTTK,649.0,249.0
BBAEEYGPUSHAEUEF,960.0,960.0
BBAE2U7FQ5FUFSFP,1400.0,420.0
SHTE8YJGZEATMQXX,1499.0,499.0
SHTE9ZXNWHPXYHEY,769.0,346.0
SHTE6F3CUWEURTKB,899.0,499.0
SHTE66CGGEDUD9F5,799.0,360.0
SHTE5Y655ACYCUAC,899.0,449.0
BBAECB93FJKHAEYZ,1000.0,300.0
SHTEC87HXMRTFKCU,899.0,399.0
SHTE5EFYFCGZFPH3,1099.0,329.0
BBAE8HKQVYY2ZVWK,2399.0,399.0
SHTE6YR3U69YRZPU,799.0,399.0
BBAE7F9BYCKDJDZG,1763.0,449.0
SHTDWPYWGVKYGRDT,799.0,399.0
BBAEAAYWZXFGXFZW,999.0,248.0
SHTE8M4YYYEFEDY9,1000.0,399.0
SHTDUS8RUZGW3AEK,799.0,360.0
SHTE5F7WY7BQMJSW,995.0,485.0
SHTDVC4GUEY3PZRC,1099.0,494.0
SHTE7F94UTK67NYW,699.0,349.0
SHTECG6JTZEWH3ZB,1195.0,499.0
BBAE5W98SDUHYAUA,1866.0,539.0
SHTEBEURYZTHW7GQ,799.0,399.0
SHTE9WHECGHFGY92,1299.0,297.0
CPCE5YKSD8HVN6NG,200.0,80.0
SHTEBY8FZ9AZ2E32,999.0,499.0
SHTECZNHHBWC493H,999.0,470.0
SHTECCF7YVNCPZ55,1099.0,439.0
BBAE3YT8EJ2S3PWA,996.0,199.0
BBAEFJG7UGAAHW5Q,1049.0,399.0
SHTDSV7BKYYY3ZWS,699.0,349.0
SHTEYYXBHKVNHVX9,999.0,499.0
SHTE8SMD3X9N6RHV,799.0,399.0
SHTEBHGA7VMMXDUC,749.0,379.0
SHTE4G488BYTWMMH,1499.0,449.0
BBADVRPJYKVBJH4Y,1491.0,399.0
SHTE7DZGJHXRBAGY,999.0,499.0
BBAEEYGPWBMYMSVH,650.0,650.0
BBAE3YT8UF6KNEKW,996.0,199.0
SHTE6CM2AZN7GHAG,795.0,397.0
SHTDUA8CTZCAUP6G,799.0,479.0
SHTEFAN3PQEHT4XY,649.0,227.0
SHTE6GKKVZFQCAF5,1099.0,304.0
BBAEE9AQCFCZKJ5C,2000.0,495.0
SHTEBJKTHTYT7NER,700.0,349.0
SHTEYUYSZGA5QYCM,1000.0,499.0
SHTECG6J69DKZD2K,799.0,399.0
BBAE7YVPPEGDNGP4,809.0,199.0
SHTE9795D6MYYRJ3,949.0,474.0
SHTEEYYXY6VWMVDD,1399.0,499.0
SHTDUDSVDJJGGGPF,899.0,405.0
BBAE7F9BTKFHMUEY,1863.0,479.0
SHTEAZU6Z4AYK843,1699.0,499.0
BBAE4S7SQT6PZHJY,1797.0,449.0
SHTDZEKGZFZDVCKJ,999.0,399.0
BBADVRPJUVEV7CPY,1491.0,399.0
SHTDY58UNWZGDX5P,849.0,425.0
SHTE8H59ZSRMYSZK,1299.0,297.0
BBAEDZHYBQQZ9FBP,850.0,850.0
SHTEBP8UTCGJP9GA,799.0,421.0
SHTDSV7BZZWZDTWB,599.0,299.0
SHTE8C98UNUZRAZX,795.0,395.0
SHTE6P4DJHPHJXTC,649.0,349.0
SHTEFUMGZHHHKKQZ,999.0,399.0
SHTEAZU6Z6Q7UTSP,1699.0,499.0
BBAEEYH6STZFQWVH,900.0,900.0
BBAE7F9BSHTHXGHJ,1863.0,499.0
BBAEDZHYCJZWPV7D,950.0,950.0
SHTEYPEAZVRNZBKX,899.0,449.0
SHTDZWNYZFV33BAX,899.0,449.0
SHTE27TBBXZDJYRY,899.0,449.0
BBAE2FG8G6M8QQFY,1100.0,330.0
BBAE4T45PH9VRTBV,1797.0,449.0
SHTEATTUPYGJ8FGG,1300.0,299.0
BBAE9ZGYTBXF29KG,999.0,349.0
SHTE8BFQGUZDZJZT,1099.0,297.0
BBAE8HKQH87BRNPH,1550.0,399.0
SHTEBEURERJVXNWR,799.0,399.0
SHTE2HWGWBDXRFMH,1299.0,387.0
SHTE6K74SNUAZWFS,499.0,297.0
SHTE56H4M7TPZGGZ,995.0,499.0
SHTE9MSYHGNZUNUW,595.0,295.0
BBADVRPJZYQ5MBZB,1680.0,449.0
SHTE5Y65Q27B6XTS,899.0,349.0
BBAE9WX4FWQGPHHT,1299.0,399.0
SHTE76GKKAHACGYJ,899.0,449.0
SHTEFWV9ZTXKRSMR,999.0,499.0
SHTDSV7BZGHXCJ5M,599.0,299.0
SHTE26UEWQAQZTFQ,799.0,240.0
SHTEBG8GR2PERPCZ,999.0,499.0
SHTE6SDPZKKHZWK4,750.0,375.0
SHTEFUMGZHQXWA4M,999.0,399.0
BBAE7F9BHY3SSBGM,1563.0,399.0
SHTEYW3NDBCFTS8D,1099.0,439.0
BBAEFQ66SFMTC3ZN,2495.0,499.0
CPCEA4ZCYYKCHARZ,350.0,199.0
SHTE5D78BGJFE53R,695.0,349.0
SHTE8E6YJ78JCFZY,799.0,316.0
SHTE644DZWTFY6KD,1299.0,519.0
BBADVZCAETW3F6N3,1585.0,429.0
SHTEBYV9GJVG8TGE,699.0,399.0
SHTE8QA8RQQGQY6F,999.0,499.0
SHTEA9PKJJRHPRUU,999.0,399.0
SHTE4ZP5ZXGGJ5FN,999.0,499.0
SHTDSV7BZ9YSXYY3,599.0,299.0
SHTDYKJYKZKGZS9T,1499.0,399.0
SHTDXGKKYRUKXC3Q,1099.0,494.0
SHTEBPW9CGYGME5S,995.0,465.0
BBAEDZHYSSVDDZYZ,900.0,900.0
SHTDYKJYRSAJVHQH,1499.0,399.0
BBAEE9CTDERGSGKW,2000.0,495.0
BBAE73VFNENV92GG,799.0,149.0
SHTEBGZGQSHFNU6T,1199.0,499.0
SHTE95RBGBFDKVZF,799.0,404.0
SHTEAJ5ZRY4QEJ6G,799.0,499.0
SHTEYV3NX7CCHPME,999.0,499.0
SHTEYX5HKCRVSDBY,1095.0,328.0
BBAE9ZGYZGFMTBUZ,1299.0,399.0
BBAE3CSS6YJZEX8W,1239.0,483.0
SHTEBTB9NRB87KGZ,899.0,629.0
SHTEBTB9JZZZKYBD,599.0,419.0
SHTE2ZMZJFVWXJ5M,999.0,478.0
KRTE8BZKVAMNDPRZ,1299.0,699.0
SHTE8YUNXTKZUWAV,1499.0,499.0
SHTE8E6Y7ZDMQAZH,1099.0,435.0
KRTEDSBPDBUPX5GH,3199.0,1625.0
SHTE7F94BCBVQFHH,799.0,399.0
BBAEEYYXBUEGP9GG,850.0,850.0
SHTE4S26SFEGUW3M,1154.0,499.0
CPCE6RHH7EKSBV5X,250.0,90.0
SHTE8GCDEMKSUYHQ,695.0,347.0
SHTE5YHGZVA9HB2Y,999.0,499.0
SHTEB96CRZBXP469,999.0,415.0
SHTE55HGUD8ESUTQ,1699.0,387.0
SHTE4C5NZC2APTGU,1150.0,350.0
SHTE4G4UY96BX7Y8,799.0,499.0
SHTE7F94GGPNQZCG,799.0,399.0
SHTEBZ59QAJGHMHB,1099.0,499.0
SHTEE6XFRRZ83XWB,999.0,495.0
BBAEDXNPBYGVGBND,1046.0,299.0
CPCECTDWUSGCYB7B,750.0,149.0
SHTE8JG6NPHMGBVG,700.0,449.0
BBAE3CSSHZNDYFCX,1109.0,430.0
BBAEEYYXG9X5S9HY,850.0,850.0
SHTE8GNBHS4ZZQU4,749.0,374.0
SHTE4Q74EEHQJZQB,999.0,499.0
BBAEDVQEXHMCDBGS,649.0,249.0
BBAE5W98UMWFFCJR,1596.0,299.0
SHTE7HGYGYWSBQGC,499.0,225.0
SHTEYQHGTFHGB3K6,1799.0,499.0
TOPEBH65ABYPD859,899.0,494.0
BBAE9ZGYJUGZXCKW,1299.0,399.0
SHTE8GVYSVMRYZYT,1099.0,379.0
BBAEDGFYBGYZHXA3,649.0,649.0
SHTE9794ZGTKHX4D,949.0,474.0
SHTE3HGETNXH7HDB,599.0,419.0
SHTEAUZ9YQVZXVHV,699.0,349.0
SHTE7HGFUJZVKFU5,1499.0,499.0
BBAEAN9SF6A38UKD,899.0,199.0
SHTEAZ4XNEFZVFSZ,1049.0,499.0
SHTEYQHGTAC7HVF5,1799.0,499.0
SHTE9PM7FAPFKHNR,975.0,355.0
BBAE4T44SV3YPEBQ,1797.0,449.0
BBAE4PWDWUHFWFME,1759.0,371.0
SHTE5J37BSFYFEW3,995.0,485.0
SHTE6P4ENYZFZVAE,799.0,479.0
SHTE4BPAHFHDQP9R,1499.0,449.0
SHTDXDM4QY59UHZR,999.0,499.0
BBAEDVQEPDVQPFWD,649.0,249.0
SHTECY54XAHGVJ7K,799.0,400.0
BBAEDVQFRG4ZS5GB,999.0,399.0
SHTE6WPDKH9ZPDZE,850.0,374.0
SHTE4CNCEMRZVBEH,1399.0,387.0
BBAEDV4ZHX5SEYHF,999.0,349.0
SHTEFGGXSUAHUNVY,699.0,499.0
SHTECGNBWSZDT8CZ,1195.0,499.0
BBAECPQAHY5U8C9D,599.0,119.0
SHTEATTVQZYMJDYQ,1500.0,499.0
SHTE6Z7AHX8VZSGS,599.0,359.0
SHTEAVBVXRASR5HG,1699.0,499.0
SHTE6GKKZMEBVS5M,1099.0,404.0
SHTE6GEJRVEYCJQV,1200.0,399.0
BBAEBFYNTJ2HSH7K,2999.0,499.0
SHTE6SEMFZTCW3NK,649.0,324.0
SHTEBYV9VYHQPV9Z,699.0,399.0
SHTDUS8RJ7ZBDSBK,799.0,360.0
BBAEDVQF2AHAJQEN,649.0,249.0
SHTE4STJVRHGUDPK,799.0,499.0
BBAE4PWDFAHCWZ8Q,1829.0,455.0
SHTE6GKKVERSCHCH,1099.0,349.0
SHTE4CNDUJH8XFKX,845.0,422.0
SHTDYKJYZWJQEJK9,1499.0,299.0
SHTE8H95ZHYJ9TCW,1099.0,449.0
BBAE8HKQYYNN4ZG3,1699.0,349.0
SHTDVHKPPMUFYH6D,899.0,404.0
SHTDXXKFYPQ4ANVV,999.0,399.0
SHTE7RFFYVHGXGMW,599.0,419.0
CPCEYW2TCDZ9TZZA,349.0,149.0
SHTEFHF74JUN98HU,599.0,499.0
SHTE773YQ5FEHQDJ,899.0,405.0
BBAECZBMRWGQUKCZ,1499.0,399.0
SHTE84EANJZC4WHF,1299.0,499.0
SHTE773YUJG54HGR,1099.0,495.0
SHTEBP4ABXAWJRVH,799.0,421.0
SHTDUA8EXAKZDX34,1099.0,494.0
BBAE9WX5HK3G3FXJ,1299.0,325.0
SHTDTYYPSUZGKH89,599.0,299.0
SHTE8SMD9CNJYQEZ,799.0,379.0
BBAECZBMEB9TAG8Y,1199.0,299.0
SHTE8BFQRV6SDRP6,1399.0,297.0
SHTE5EFYW3HTFZGV,999.0,499.0
BBAEBYRDVHBHFBYK,899.0,349.0
BBAE8UJZREYRAQWP,2100.0,378.0
SHTE27TDHB5GRTQN,899.0,449.0
SHTE8JG6ZZGZ5TYH,700.0,449.0
SHTDSV7BMYSJNXGG,699.0,349.0
SHTDXGKKYNYSGKKK,1099.0,494.0
SHTE6WPDWYCZKEGF,990.0,495.0
SHTEFUHG7UGYVH7W,999.0,499.0
BBAE7AGXWPECCMKF,1619.0,323.0
SHTE6BUZ6ESU6ENX,799.0,499.0
SHTE546SBNFFMH6M,1599.0,300.0
SHTEY3BTTRDEXAGT,799.0,399.0
SHTDXTWUGXGFHQGF,799.0,479.0
CPCE7Z3WCGYSGTR3,350.0,199.0
SHTE9Q5YHYVZVHE5,1145.0,343.0
SHTEBGZGNM9JME3F,1199.0,439.0
SHTE6HYNUVRP8YAH,899.0,499.0
SHTEFEVDJKHMCFRC,999.0,499.0
SHTDZJFVVAGGZCCW,899.0,404.0
SHTEFBPX324BEKVG,699.0,400.0
SHTE7MBTZCGUQDUF,669.0,301.0
BBAEDVR7GGK2Y7PN,649.0,249.0
SHTE4KBMVKCTGZTE,1200.0,399.0
BBADVZCAVGHFBJSV,1585.0,429.0
SHTDSV7BY27JKMHN,699.0,349.0
BBADZ3KUW4X4QH35,980.0,329.0
BBAEEYGPRKWRC9HP,810.0,810.0
SHTE9WVSYU9FSUWF,799.0,449.0
SHTEDVRXZTRZHDV8,1749.0,419.0
SHTE7YK5YNRAA7R9,599.0,359.0
SHTEAFZ6GRU2DM9N,999.0,499.0
SHTE5GT3CZ6RJJH2,649.0,389.0
BBAE8HKQZGTEXPQD,1399.0,349.0
SHTDUA8CYBFUN4PU,999.0,399.0
SHTE7ZGWXVYN3GZ2,550.0,350.0
SHTEAHQZYU37YJUG,899.0,494.0
SHTE6GYZQTWVYYVA,1099.0,499.0
BBAEYYXAGRHVGG6R,1380.0,499.0
SHTEAZU6NFYUNDTY,1699.0,499.0
SHTEYYY4N2GNKWXH,899.0,329.0
SHTE6Z7ATMHVBMMH,799.0,479.0
SHTE94E9F5UKHFTP,1095.0,495.0
SHTE55GDTXFQZQTY,2799.0,499.0
SHTEC87HZVHXPGKS,899.0,399.0
SHTE4V9ZTYGHSHJS,799.0,499.0
SHTECG6JBQEWQQFH,995.0,499.0
SHTDZEKGW6AZV9CY,999.0,399.0
SHTE8W9QPUZSAXFE,949.0,499.0
BBAEDZHYZMSMVVTY,750.0,750.0
SHTE9794DCWXG85H,949.0,474.0
SHTE4T6FGDXABBHN,500.0,275.0
FABEBY83GFHWZJMF,1722.0,499.0
BBAECVGX7ZKEM3UC,999.0,999.0
SHTE94FTTC5DVTKJ,599.0,399.0
SHTE7MYZZ3FFJZJF,999.0,499.0
SHTEA48RRNQZDXAK,599.0,359.0
SHTE8C98PYTHAZ5T,850.0,425.0
SHTECG6KU2YWWGCG,895.0,499.0
SHTE8P7FPHHDY5FG,749.0,374.0
SHTE8GVYNAJKT5HY,1099.0,499.0
BBAECB8FBGJUWWH4,1000.0,300.0
SHTE2GYXNYYWW459,1319.0,499.0
SHTEBY3XZZ56VM76,1099.0,499.0
SHTEA7E6ZSWHHVZD,799.0,499.0
SHTE6GKKJMJQXD8G,1099.0,324.0
SHTEDVRXUKYV39SH,1599.0,379.0
BBADVRPJUC3RU7F3,1348.0,369.0
SHTE8BFQBNCT9H5D,1299.0,297.0
SHTEBH65NWPQJTAD,899.0,494.0
BBAEC89QHQZKMBVD,999.0,199.0
SHTE4RYR3ZBEK2BR,1539.0,499.0
SHTDUA8DXHWKTUVD,699.0,349.0
SHTE8VY7QVGNSD5F,899.0,450.0
BBAEFGBETGP88DZ3,1728.0,459.0
SHTE4C9RZ9BGEWVQ,749.0,399.0
SHTE53GH2HXNSKZD,1200.0,350.0
SHTE4NR3HFWFBDUW,999.0,499.0
BBAE9VRKB7U9QXCV,1299.0,399.0
SHTEBTB9HSYHRGHU,799.0,559.0
SHTDV8NCYV6GNH8E,899.0,449.0
SHTED9YGY5ZT4J6Z,656.0,399.0
BBAE8YQE2ZC6AFEH,900.0,200.0
SHTEAHVDSWZ4FYBM,895.0,448.0
SHTE95RB9NPYAC8R,999.0,404.0
BBAE7F9BB6ZSZZTU,1397.0,389.0
BBAE9WX5YTJKWWUT,1299.0,375.0
SHTE8SMDSE2HHVW9,749.0,349.0
BBADVZCAZGE4H3XK,1348.0,369.0
SHTE93RYMXUU7P6Q,1199.0,399.0
SHTE4YFYH2VVWTBJ,799.0,399.0
SHTE7P7XSYGKYGAX,1200.0,499.0
SHTE7HGFVCWGR7BS,569.0,256.0
SHTE4ZP5ZKE3SWMA,999.0,499.0
SHTEBSMGPBSRYKKB,899.0,299.0
SHTEYPEAYBR7ZUTB,899.0,449.0
SHTEB2U2GF3A5FC7,649.0,324.0
SHTE74Z6UFPUYKNZ,1099.0,439.0
SHTEBPW9E2KRHNHG,995.0,465.0
SHTE8A2SPBJSZMV2,799.0,499.0
BBAEEYH6YSZKW7SE,850.0,850.0
SHTEBBWJGRMNADGV,999.0,380.0
SHTE95RBYGWYGDVY,799.0,404.0
SHTEAGWVSH5NSBZP,1899.0,490.0
BBAEEYH67ZGXREJQ,750.0,750.0
SHTE4CNCZFG7WZMT,1399.0,387.0
SHTEC8AHPZSZYGJ9,999.0,327.0
SHTE93YZFFNWVE9U,899.0,499.0
SHTE7HGFXSVHFHTV,549.0,247.0
BBAE5B2HVHWD3HKH,799.0,249.0
SHTE6GKKJWPZHYMC,1099.0,349.0
BBAEFJG7XQYNHTAA,899.0,299.0
BBAEDVR7KRQT7EP9,649.0,249.0
SHTEANHWKH5AJVFG,1899.0,490.0
SHTE95RB6PQEEFDN,799.0,404.0
SHTE84FRJX6WJT4U,949.0,474.0
SHTEBGHFXGHWZDK2,1049.0,399.0
BBADYE6HFZKJD6FG,1378.0,399.0
SHTEBY3XZPVUKFP8,1099.0,399.0
SHTE95RCVYGEY4YS,799.0,404.0
SHTE9DMZZ85QJZUV,799.0,399.0
SHTE2FGCWYMDW4VR,599.0,299.0
SHTDU2HZSAPER4VQ,799.0,360.0
SHTDXGKKZPHDGUDH,1099.0,494.0
BBAE3FSU8BZS8VHT,1000.0,299.0
BBADXU3ZYTGQU9UN,1378.0,299.0
KRTEBS25WHQ6F2Q2,1480.0,599.0
SHTE9MH6QPQBNQSY,799.0,479.0
BBAE76FZRY4DUGSJ,1245.0,249.0
SHTE8HYQWSMZAF2H,1499.0,499.0
SHTECGUWK9JXNQFU,1195.0,499.0
SHTDZNRRVRZV2VVH,999.0,395.0
SHTDVC4GXFZM7WGR,1099.0,499.0
BBAEDVQFYXRHVUVC,649.0,249.0
SHTEAGYJB8VWW6B9,1299.0,367.0
BBAEDVQFZ8Q4MMRT,999.0,399.0
SHTECGNB3S7FMAFT,895.0,499.0
SHTEB9BVZVZAWABF,999.0,499.0
BBAEDVR75HYNAMAP,749.0,299.0
SHTE94XFZA3R8EMU,799.0,400.0
BBADZMCFWR8NZBHM,1440.0,449.0
SHTE4NR3Y6HT9ZVC,1299.0,389.0
SHTDZUGEYSBDHFT3,899.0,405.0
SHTECB57DDYYFJPX,625.0,275.0
SHTDXXKFVY8FCKJN,999.0,399.0
SHTE9795JTAENPQ9,949.0,474.0
SHTE9GZ42BGVFJPN,1199.0,359.0
BBAEE9B8SCVG5Y7Y,2000.0,495.0
SHTE7T3ZYWMQAK5E,599.0,399.0
BBAE4PWDV2TZ8G8H,1759.0,359.0
SHTE8N2482YTBCFH,1200.0,399.0
PYJEYY2ZHKPUR5NZ,1298.0,749.0
SHTEATTUQ4U9PUGQ,1500.0,499.0
SHTE7F94FNDKCBQV,799.0,399.0
SHTDT65ZCTTKVHYD,899.0,449.0
SHTE8HGCY7JD8U7B,899.0,449.0
SHTE7HGYK4FJN8UB,600.0,300.0
BBAE4HBESXXHACEM,1750.0,449.0
SHTE9G8GKSTAS6X6,715.0,355.0
BBAE7F9BZ4GXT6PN,1763.0,449.0
SHTDW7AQZMDVGPCK,749.0,449.0
SHTEA69ENTJKAXH5,1448.0,497.0
SHTE6Y46VSVGNZ4K,799.0,399.0
BBAEDVR8H7Y3ZBMG,749.0,299.0
SHTE6P4EQHBG7VWY,594.0,356.0
BBAE9ZGYVSGPHHKM,1299.0,325.0
SHTE9UDBRDGEHZWZ,1299.0,497.0
SHTE9UGFFKKTYJ7S,1299.0,297.0
SHTE7HGYTZFMUZHK,999.0,450.0
BBAEAE9AQGTYEYHN,2000.0,480.0
SHTECGNBSAKU7EE4,1995.0,499.0
SHTEBTB8GMQFNPRY,899.0,629.0
BBAECETKRQP4SJSG,1662.0,398.0
SHTE7ZGWSFBG4QAC,590.0,450.0
SHTEBHGAWKSANN6U,749.0,379.0
BBAEDWRMWHFHGYGX,685.0,199.0
SHTE6Y46TFPRETXY,799.0,399.0
SHTEBYV8MGSQPGZX,699.0,449.0
SHTECB57QZATRQBM,625.0,275.0
SHTED3YQX3DPJSFZ,699.0,430.0
SHTE5J37G5NZEACS,995.0,485.0
SHTE6FWPWYZHYZ6F,999.0,499.0
SHTEAHVDDXHNGXAY,895.0,447.0
SHTE56H4KMPPJNPC,995.0,499.0
SHTEC8AHDXHVAEQW,999.0,487.0
SHTEBQ56S95JVNYH,1199.0,499.0
SHTE3ZDHFJ42TPFB,899.0,397.0
SHTEBY3XUZGVPGMA,1099.0,499.0
BBAE9ZGYQD7ZVHZG,999.0,349.0
BBAEDVQFBZYJ2D4N,999.0,399.0
SHTE7VFKXCYHZY5C,1499.0,490.0
SHTEYPEAGPGFTHGC,799.0,399.0
SHTDXPSEJQCAZGE4,1099.0,495.0
SHTE9KP2PGR2MPHM,1200.0,399.0
SHTE7H6ZXRZZPHGF,799.0,400.0
BBAE4T44VX5UGK6J,1797.0,449.0
SHTEB96CPNPNXS3H,1745.0,499.0
SHTE6SEMGG2KNEMS,749.0,374.0
FABE9AFGMEMXQPGG,699.0,348.0
SHTE5GZ2JUDRTHX4,1199.0,399.0
SHTED3YQJ22TV8X8,725.0,425.0
BBAEDVR7XHQYQDMU,649.0,249.0
SHTE6SDZUSUBFHYR,899.0,449.0
BBADRUPT8RG6KZAH,1100.0,220.0
BBAE7F9BTGBDGXZQ,1397.0,369.0
SHTEC8AAG6HT7UFG,1349.0,399.0
BBAE7F9CHZYTSS2D,1530.0,389.0
BBAE7AGXF7XM42G6,1619.0,323.0
SHTECZNMJ8ZYFZZF,999.0,470.0
BBAE9WX5ZSHPQH5Q,1299.0,399.0
SHTE8WQTQFFMHMGM,799.0,399.0
BBAEEYYXTJT9K6DW,900.0,900.0
SHTEY2Z4ZZYHB7GZ,899.0,329.0
SHTE7G5TH4RHFHR2,1199.0,399.0
BBAEDVQEKSFKCHZB,649.0,249.0
BBAE8UJZWPC6SHTY,995.0,345.0
BBAEE8975GVQKFAU,500.0,500.0
SHTEFVQAXJNUVZSB,549.0,275.0
BBAE53BEFPQMQMP6,749.0,259.0
SHTE9EUSZTYAFC3X,799.0,399.0
SHTE96UAYNZMYZ5H,899.0,449.0
FABE6P4EGTHU4UMR,913.0,399.0
BBAE3YT8VDB5QSG2,996.0,199.0
BBAEDZHY7BGKHBTH,850.0,850.0
FABE3GHHKWBP96WJ,1280.0,499.0
SHTEDB2GWFE4UZEY,999.0,399.0
FABE3GHHBUZQBNXZ,1280.0,499.0
BBAE9WX5JBQVYUMR,1299.0,375.0
SHTE8E6YZH27RHZG,799.0,316.0
BBAEFJG7GNRYEWHR,1049.0,299.0
SHTE8BFQZAZFMKJG,1399.0,297.0
BBADVZCAVZYNEFEG,1871.0,489.0
SHTECF6HAW3P6XK7,1295.0,453.0
ACCEGJMYVUYRRFGW,999.0,224.0
TPMEGKGHBQYRZUHV,500.0,350.0
LCHEGGYP5SGJMZUC,4999.0,2999.0
MTYEGGH4HHTY5FHN,510.0,295.0
LCHEGGGGGXNGZXYT,5999.0,2549.0
LCHEGGRZHZYBZKKB,5999.0,2549.0
TPMEGKAMZ5PCDTZW,799.0,449.0
LCHEGGH4FDJEKT7Q,5999.0,2549.0
RTREFJRJN2Y6CQJS,4836.0,4600.0
LCHEGG2FCJQQGZEZ,4999.0,2999.0
LCHEGGRYVR3GDPEC,5999.0,2549.0
LCHEGGRNZATVYFBZ,5999.0,2549.0
LCHEGGEKN7MH2G2Z,5999.0,2549.0
ACCDUV7Z2WHFA4XR,2895.0,1699.0
BKPECS6HZP3UAAXR,1299.0,599.0
RNGEDAPTYSC2EF2E,32253.0,25802.0
BLAEEJFZC8QR9VRF,2999.0,1499.0
ACCDYHSNV5HZ7KWY,1699.0,1299.0
RNGE7GVYDZY6FQCZ,40034.0,27962.0
ACCE6GFCYTJ4QJMH,1999.0,1685.0
RNGDX7QYPZTH5PQ7,35726.0,28224.0
ACCDXB99KXMDEEFQ,2895.0,1499.0
RNGECQWJZYXCVTM9,49999.0,39050.0
SHIEAUUTMZEXJQGG,1095.0,692.0
ACCE6GFG5GUDHRJE,1999.0,1685.0
RNGEAM4HZWFRZZZU,49998.0,36246.0
RNGE7GVZ7NGW6THC,38052.0,26670.0
ACCE9DJHFS9AQNFH,1999.0,1685.0
RNGE7GVY62WSJP7X,39428.0,28080.0
ACCE9DKASC9BDRYE,1999.0,1685.0
WRSEB7YH6EWHCAMC,1099.0,799.0
RNGE8UGWZYBGJRSB,37870.0,26868.0
ACCEAC4QMHUXBHQY,1999.0,1685.0
RNGEDAKBYWZVHMTN,46177.0,36942.0
BLAEEJFZS37KVCDC,2999.0,1499.0
ACCDVHJPEVANMBVC,2895.0,1499.0
RNGEDAPFZV5BM43Y,45543.0,36434.0
RNGDQSVDYXGDEXMH,47261.0,33409.0
ACCE2A66UFPDWMYY,2500.0,1250.0
SKIE2XDWNFWZYK9S,849.0,509.0
ACCE6GFC6ZEZTSXZ,1999.0,1685.0
RNGEYQZEB2MRQBCW,40320.0,28000.0
BLAEEDGBQZFXHG5W,2999.0,1499.0
RNGE864H577QBP3D,49999.0,34859.0
BKPEYQHB6J2PN9R4,1499.0,649.0
RNGEDAPSZUVEPE9H,32778.0,26222.0
ACCE5DAAJGHATWZA,1350.0,1010.0
SHIDZ3SWEEKCJ8PM,1099.0,799.0
RNGE8URXBHZUZREY,35448.0,25213.0
ACCDVHJZGWBVPQHZ,2895.0,1499.0
RNGE7M92QYXEPXGH,41432.0,30653.0
JWSEDJJKYGRGMQ8F,740.0,640.0
ACCDUV7ZVBEYAJQV,2895.0,1499.0
RNGE9HDAS6JR3G32,49377.0,37014.0
ACCDAHV9MAHKZGZP,1950.0,1700.0
RNGEYRXYXVK4MVYN,39900.0,29925.0
TOTEDUUYK4F8UZQN,1299.0,799.0
RNGDQ5GGZ3RXUZHN,46536.0,33151.0
ACCE6GFFTFNHMPNX,1999.0,1685.0
ACCECNDZCSYJGNQZ,2399.0,1299.0
RNGE9HDZZMRTSGWR,47406.0,36054.0
RNGDQSVDYHVBTPCY,46555.0,34715.0
RNGE44J6Z6JCGFYR,42926.0,30320.0
ACCDZMAZHZY987A6,2895.0,2000.0
RNGE9HCYMYXGFCVH,35838.0,25263.0
ACCDUFZGPZPYYWDT,2895.0,1895.0
SKIECBN3SARFZJBH,999.0,499.0
RNGE8VY8UJCGNCCW,39346.0,35180.0
ACCDUV7ZRHN2CDRY,2895.0,1699.0
RCTDWTG6YVYEMHEA,1999.0,1199.0
RNGEDAK9YXUNG2YF,32844.0,26275.0
ACCE9DKAHZBAEQUG,1999.0,1685.0
BKPEDPG5NKRXMY3X,1700.0,695.0
RNGEDSCUZDMWHVB2,49999.0,36356.0
SHIE789RCGD4JQT8,799.0,599.0
RNGE9HDHXFBHVFEX,35079.0,27362.0
ACCDVHJPMCZMZV2A,2895.0,1699.0
RNGEDAK7ZJC7UEYZ,40299.0,32239.0
RNGE88Q9TECBEFMV,48550.0,34661.0
ACCEEH83ZXAKGGP7,2999.0,1499.0
RNGEC9RHRHTACUBE,33093.0,25599.0
ACCE9DJUZ4VRYVK7,1999.0,1685.0
RNGE7GVYRZNSZGZN,40965.0,29380.0
BLAEEDEGTYBGFNG7,2999.0,1499.0
ACCDVHJPGY29SYGW,2895.0,1699.0
RNGDX7QYT8YF7NE3,44770.0,35369.0
RNGE9HEYYHRUE23R,39966.0,28831.0
ACCDVHJZ6NZPXWAM,2895.0,1499.0
RNGE7GVYFREQXMMT,38801.0,27637.0
RNGEDAKFZNNJHKDX,34562.0,27650.0
ACCDUV7ZUNZZHNCX,2895.0,1499.0
RNGEBQZRYN9JBV2T,35876.0,26939.0
ACCE9DJZYZFN2HMM,1999.0,1685.0
BLAEYTZD7URYGB5J,3200.0,1405.0
RNGE7M92SAQ4TPJH,40149.0,29595.0
RNGE8TFNWPUWDQ6H,35720.0,25399.0
ACCE9DJTSHPXUSHK,1999.0,1685.0
BLAEE2GJHZHDRDNK,2999.0,1299.0
SHIECZNMYRAQJHRW,1499.0,838.0
RNGEDAPXZMJYTAGH,33033.0,26426.0
ACCDUFZG8WNABYPV,2895.0,1499.0
SHVE89S4NUZFB6HC,1499.0,999.0
RNGDQSVDZQJREMJ9,35184.0,26467.0
RNGEC8PZZSVJF59G,45910.0,32137.0
RNGDX7QHH9SASB2H,34906.0,27576.0
ACCE5Y8G3TUZPK3C,1599.0,1049.0
RNGE43MFSADV8UKJ,35356.0,28285.0
ACCDZMAQG5HJRJZR,2895.0,2000.0
RNGE8GBYZTPDC3CS,36400.0,27300.0
JWSDWS8XNEG5SYNJ,1100.0,930.0
ACCDBZ3ABFGQWRXD,2499.0,2000.0
RNGE8UGWZ7QGTSBT,38066.0,27000.0
RNGEC8PNVNJQHWNM,41218.0,28853.0
ACCE6GFE64ZBRT3Z,1999.0,1685.0
WRSEBZAF8NCUFY7V,995.0,900.0
RNGE4EZ4ZZVZMKNU,44500.0,33375.0
RNGE9HEMZA5JHAFA,33132.0,25105.0
ACCE9DJUGTGPS7HH,1999.0,1685.0
RNGEC8PNXPRY8GKR,47645.0,33352.0
ACCDUFZGJRB9B6PV,2895.0,1499.0
BLAEDQ27FMZMQCDS,2899.0,1499.0
ACCE6GFGHEZSBFYC,1999.0,1685.0
RNGE7M92FFV9JHYB,40915.0,30576.0
TSHEE99HHWZMMGCF,599.0,599.0
ACCE6GFCUKBAY8BS,1999.0,1685.0
BKPED5CV3NZFYFYW,1500.0,645.0
RNGEFKMJZV5FJ2EN,37375.0,31768.0
RNGEDAPYZCATNYHX,34562.0,27650.0
ACCECNDZTDXSE9F4,2299.0,1199.0
RNGEDAPWZBXEHHFV,41336.0,33069.0
RNGE7GVYFXTPKK9U,40353.0,28751.0
ACCDUV7ZG4KUGCUA,2895.0,1699.0
SKIEADMF6MEE9PWU,1059.0,599.0
RNGE82XZSUTZS7F6,36499.0,30999.0
BALE5TXXG7AQ2GZH,980.0,720.0
ACCDZMAP8WEYKZMH,2895.0,1499.0
RNGEFKMJYWYZTBWT,33625.0,28581.0
ACCDUV7ZMDFYCEKD,2895.0,1699.0
RNGEDAPWVUQXZYCZ,47894.0,38315.0
ACCDVHJZZSQZGGVA,2895.0,1499.0
RNGEDAK9UAM5BX6D,37196.0,29757.0
JWSE7RRYXAJHBYJ7,1250.0,990.0
RNGE7M92H5HCPFXP,36089.0,25900.0
TOTE6FRSZZFUHHGZ,450.0,299.0
RNGE7GVYH8HMEJZG,40569.0,28966.0
ACCDVHJZVETHWJAE,2895.0,1499.0
RNGEDAKAZHDHCV36,49019.0,39215.0
RNGE88Q9VYA8SNR7,41102.0,29176.0
RCTE6BQ4BK8XQQKF,6999.0,4199.0
RNGE8HPEZZNZQHGF,49999.0,36341.0
RNGE7GVYBVQTKEZY,41872.0,29862.0
BKPECGTFCH3FXZSF,999.0,329.0
ACCDVHJPVGUQKH7A,2895.0,1699.0
ACCE9DJUVDFGKEHH,1999.0,1685.0
RNGEDAPWZS46JGVF,36053.0,28842.0
ACCE9DK5GCXVNXHD,1999.0,1685.0
SHIECK9BFNDBMZCA,1399.0,799.0
DIAECKEYH4FJRQQT,699.0,199.0
SKIE8GB5GXGYSGGR,899.0,499.0
RNGE7M92DT5ZBY42,36753.0,26527.0
BLAEEJGJHUDRK3RK,2999.0,1499.0
ACCDZMAPAMKZRVMD,2895.0,2000.0
RNGE7M92FSBKF5YP,39288.0,28747.0
RNGEBQZRSFFV545U,34942.0,25371.0
RNGE44J6ZYHHWBQY,43769.0,30896.0
ACCEE2KR2BEBKFNQ,2477.0,1632.0
RNGEDAK8ZSUHWFU6,45254.0,36203.0
ACCE6GFGWMNJ9AVE,1999.0,1685.0
JWSDY558HHEYV5C4,990.0,990.0
RNGE7M92XQSYMJFX,38375.0,27876.0
ACCDUV7ZCXWPB4WR,2895.0,1499.0
TBRDXMG6UGRZXTU8,399.0,319.0
RNGE9HDKZMRSGJGY,39936.0,29784.0
ACCE2MAACQGGCZHS,2990.0,1990.0
RNGEDAPVZSDUGFZY,32386.0,25909.0
ACCE9DK9UZUH5TBD,1999.0,1685.0
RCTE5NEGEHQGACAD,3099.0,2014.0
RNGDW2PZZXFUTYHW,43996.0,34757.0
ACCE6GFCTNY9XTKP,1999.0,1685.0
RNGEDAPSZVD6ESQH,42541.0,34033.0
ACCDUV7ZCZZNYQ96,2895.0,1699.0
ACCDXCCTHXTSFPGB,2895.0,1499.0
RNGE7GVYHYXZZJDQ,39264.0,27786.0
RNGDQSVDZEPAGZSN,42458.0,29927.0
ACCDVHJPXVEYGWGK,2895.0,1499.0
BLAEE2GJYAAQRHK8,2999.0,1299.0
RNGE4F6SYS82R9ZG,42758.0,30206.0
ACCE2A66ZZTSN6UU,2500.0,1250.0
ACCE6GFCQGEX4CDA,1999.0,1685.0
RKSE8JZAPUG4AK3F,3999.0,1699.0
SKIECUDSPRGCBZKT,1499.0,499.0
RNGEAM4MYMGDVXHP,36994.0,25526.0
RNGE7M92KJ7H54AG,36430.0,26124.0
ACCE9DJQHGWUY2PU,1999.0,1685.0
RNGEBQZQWMTAKVGU,49344.0,38647.0
ACCECFSMTRFYHSJS,1500.0,1200.0
RNGEDAPVYR2JU4QV,47464.0,37971.0
ACCE9DJQUWGNGZXH,1999.0,1685.0
RNGEC8PNKZGHBGSZ,43938.0,30757.0
ACCE6GFE3WMUHRB2,1999.0,1685.0
JWSDYQ3RTGG8N7HD,920.0,900.0
RNGE7GVYRQCTFWKD,42153.0,30338.0
ACCEYBFWXYAGTMNB,1455.0,1019.0
WRSE4G5XJHJKGQPY,9900.0,8910.0
RNGEBQZRZ79K3EMM,36357.0,25648.0
ACCDZMAQ7UHXWA9P,2895.0,1499.0
BLAEE4V3X97TBZGY,2537.0,1015.0
ACCE9DJPUEPWMHZA,1999.0,1685.0
RNGE3HSTTP6C9ASW,49999.0,44000.0
ACCE2FY3GZZMWYGW,2400.0,1200.0
RNGE7M92TPBJPMEW,41427.0,30928.0
RNGEDAKAZYPJN8GU,49010.0,39208.0
SHVDG374BYZ35U5Z,6395.0,6395.0
SKIECKU3FPTX2M5Z,999.0,499.0
RNGEDAKBYP2TW8ZH,39902.0,31922.0
ACCEAC4QCAYJDCFS,1999.0,1685.0
RNGE2GH3SSCQ3DSP,49178.0,40818.0
ACCDVHJPZYZVJYJG,2895.0,1499.0
RNGE7GVYDDYSFDYH,40066.0,28433.0
RNGE9HCZUV6JYUFH,46670.0,34536.0
ACCE9DJRVEDEGX94,1999.0,1685.0
BLAEEDEGTSA4GC8C,2999.0,1499.0
RNGEDAQ3YZH3WJHW,41224.0,32979.0
ACCEDHZEDPBUYYG2,1999.0,1199.0
ACCE9DK3HRRVDVGU,1999.0,1685.0
RNGEDAPWYKJJRSZY,47390.0,37912.0
JWSDWBPP8EHPKB5V,999.0,999.0
ACCDUV7ZGSHWY8AR,2895.0,1499.0
NPYEYC9ZV2CUG9H3,350.0,270.0
ACCE9DJNFUNKKWZZ,1999.0,1685.0
RNGE7M925WYRGQBB,36228.0,25970.0
RNGE7GVY35ZPA8QX,42163.0,30724.0
RNGEC9RHMBQEHZBT,36440.0,28618.0
ACCE9DK7VUPFADR8,1999.0,1685.0
BKPE6BUDHA3YA5YG,1299.0,599.0
ACCDUV7ZEHYTPNHY,2895.0,1699.0
RNGE7GVZCPHUFFRT,40639.0,29156.0
SHIECPZPHMWWB4YB,1299.0,649.0
ACCDVHJZYPZEYNPA,2895.0,1499.0
BLAEEDEGG37HXGP9,2999.0,1499.0
ACCE22EDPNEBU5XC,2500.0,1400.0
RKSEAF7WYHJBVRHD,2448.0,2248.0
RNGEDAPYZZGZR8E2,47504.0,38003.0
ACCE6GFCZGDZFBWA,1999.0,1685.0
RNGEC8PNNBBHTCFC,36872.0,25811.0
SKIEAYTRCFGJVGZ9,999.0,499.0
RNGE7GVYB5YCFCZR,37050.0,25840.0
ACCEEEWJX4MRNFHB,2499.0,1299.0
RNGE7M929NXNFZWQ,39200.0,28683.0
ACCE6GFEGKV3AXCG,1999.0,1685.0
RNGE9HDGUGGFBDC2,32145.0,25074.0
ACCDVHJP2BA7BWFG,2895.0,1699.0
RNGE88Q9WMY2Z8QH,41572.0,29220.0
ACCE2FY3V6YV7ZTK,2200.0,1500.0
RNGEDAK8ZWZKA3HB,31968.0,25574.0
ACCDVHJPWYDRAG5B,2895.0,1699.0
ACCE9DJVBYR3ZU8F,1999.0,1685.0
RNGE9HDHZ35VJRWZ,48337.0,37689.0
RNGEDAKEUQZ8QQZG,33670.0,26936.0
RNGEDAPYZTBSDZWH,43938.0,35150.0
ACCE6GFGYHEW7YRU,1999.0,1685.0
RNGDX7RNUB4FSBEA,48225.0,38098.0
ACCE5Y8WYHZFUASN,1599.0,1049.0
MFLDQ5HSPG3QKZQW,699.0,599.0
RNGE7GVYKHZRZWAF,36146.0,25366.0
RNGE88FRT2HSPKEC,49999.0,34817.0
ACCDUV7ZSDGZCGJ2,2895.0,1499.0
RNGE53GCZDR54FAA,49970.0,37551.0
SKIE45X3FZDSF4BK,799.0,399.0
RNGEDAPWZF2CQWGN,47438.0,37950.0
RNGE88Q9VZYCC8VT,49999.0,35995.0
ACCDVHJZHFJHGFHQ,2895.0,1499.0
RNGDQ5GGZBD3KPST,38710.0,29828.0
ACCDQJYMJJ5CF8ZY,2799.0,1999.0
ACCDXB9QFNUVBRKZ,2895.0,1499.0
RNGEDAK9ZHDQPFAZ,42400.0,33920.0
RNGE2FAFQQ5WPRTH,38625.0,32831.0
RNGEFKBYME7B3AVK,46036.0,34527.0
SHIEDUW9A53NNGWA,1000.0,699.0
ACCE22EDYMPJSEZR,2500.0,1400.0
JWSDWBPPTKXXY7MR,530.0,530.0
RNGDX7QKXEYUY6M6,38965.0,30783.0
ACCE9DJPQ29YN5JY,1999.0,1685.0
BLAEEDEGGXT28W9J,2999.0,1499.0
RNGEDAPXZWG53KY4,36306.0,29045.0
SCHE4ZYTNQEC6YQA,551.0,441.0
BKPE79UX3AHF8JQR,1499.0,499.0
ACCE9DK5H6H8K4ET,1999.0,1685.0
RNGDXXB6ZE8YVFY6,49986.0,38089.0
ACCEEH3FREHQBACV,2499.0,1299.0
SPBE7FR5SM8SPZTD,2999.0,1049.0
ACCDVHJPXWFPURJA,2895.0,1699.0
RNGEC8PZY4FQCAQG,43940.0,30758.0
RNGE7M92Z6MG5S9J,35271.0,25075.0
ACCDZMAPP2A66ZBU,2895.0,2000.0
SKIE2ZNJE7AESJVR,899.0,539.0
RNGEYRXFZP9WJMY5,37100.0,27825.0
BLAEDQ27DDURHY8C,2899.0,1499.0
RNGE4BR9SHZWVFPY,34732.0,27786.0
ACCE6GFJJZAAPEYJ,1999.0,1685.0
BLAEEFFGGZ4GHJ3S,3999.0,1195.0
RNGEC8PZZJWYDH6F,48069.0,33649.0
RNGE3ZDGYRHXPB7B,42300.0,35300.0
RNGE2FAFXEKNRDRH,38625.0,32831.0
ACCE9DJTN3JAJEHK,1999.0,1685.0
SHIE9ESMNSYKZMUG,930.0,677.0
RNGE4YXXY4UAAVAM,37300.0,27975.0
ACCE6GFCSYYJ9ZHY,1999.0,1685.0
RNGDQ5GGXJEFRRZP,36635.0,26417.0
BLAECQTUSHNAFJAG,3999.0,1499.0
ACCE9DJTEHXUGPCG,1999.0,1685.0
JWSE6S33EQRZMDTW,969.0,849.0
RNGDQ5GGZXAQWXWW,40840.0,28358.0
RNGE8HSQYRZ74THU,41706.0,29488.0
BLAEEHE3HHS8AURG,4499.0,1489.0
ACCE6GFCZKHUMTD4,1999.0,1685.0
RNGEC8PZT4QTX8HF,47704.0,33393.0
ACCE9DKY84DAFFWH,1999.0,1685.0
RKSED5CE6CKW8YHP,1799.0,999.0
RNGE8TZ6ZQHYF6HD,44976.0,31720.0
BKPE6NP9CNQSFSFQ,1299.0,499.0
RNGE7GVYZMMHPNVN,39208.0,27920.0
ACCDZMAZPHRZ4F52,2895.0,2000.0
SKIE5AQJZNKHESBA,999.0,499.0
RNGE7M92H65GFDFT,34692.0,25199.0
ACCDUV7ZHP6MUVQV,2895.0,1699.0
RNGEC8PZRKPETAAH,46505.0,32554.0
ACCE5DFUEN7HYYHZ,1350.0,1010.0
RNGEBQZRZFGBJAQM,43694.0,34083.0
ACCE9DJZZBFBGZBZ,1999.0,1685.0
RNGE7GVYE9PZHGUZ,41222.0,28851.0
RCTDHPZTWCHTKKSW,4995.0,4995.0
ACCE4YC446KKKYTB,1600.0,1099.0
RNGEDAK7YKSSFVHH,46453.0,37162.0
ACCDZMAPRCGSYYQW,2895.0,1499.0
BLAEEJFZFMURAGMK,2999.0,1499.0
ACCE9DJPMYFB3KHY,1999.0,1685.0
RNGE9HEJZQCSMFFH,46956.0,32717.0
SHIEAVZQNS4NPQWR,1499.0,749.0
ACCDCMMNZWMACPQW,2495.0,1999.0
RNGEYRXFYFABCTNY,36600.0,27450.0
RNGE5SPMSKUXBJBH,41899.0,33259.0
ACCDZMAPSWMFTCTR,2895.0,1499.0
RNGE864HQWV38PGT,42071.0,29322.0
ACCE6GFCAGYZXWGT,1999.0,1685.0
RNGE89KTKZKDXGF5,34813.0,26109.0
WRSE4EY9FEFZVHD8,270.0,243.0
ACCE9DK23ZZZGV4N,1999.0,1685.0
RNGEDAK9ZSFKZPZE,36291.0,29033.0
JWSDYGMERX4GHSHN,730.0,730.0
RNGEDAK9ZTZSFDGD,32460.0,25968.0
SHVDKAYXPNNHWZAD,3995.0,3232.0
BKPE3Z2HBCVZZZGR,1340.0,1072.0
RNGEFFFZJFSSFVJV,31125.0,26456.0
ACCE9DK5KAYCYF4K,1999.0,1685.0
SKIECYAEESPNPXPB,949.0,549.0
RNGE2FAGANHFJF2W,44875.0,38143.0
RNGEDAPYYHS3RG8Y,34447.0,27558.0
ACCE4YC4KH8TXAGM,1600.0,1099.0
BLAEAKRGY6GB6ZJG,2498.0,1095.0
ACCE6GFEZECSH6TZ,1999.0,1685.0
RNGEDAPYKMVRHUEB,32002.0,25602.0
RNGE8TFNT6ZKTGT4,48494.0,34124.0
ACCE9DK5EHZRUXCN,1999.0,1685.0
RNGE9HDBPYXGNQV2,33453.0,25290.0
SHIE3QDHGHWCMCZG,1165.0,899.0
RNGDX7UXHM8GNQRC,34745.0,27449.0
ACCE9DK43KGQXFMY,1999.0,1685.0
RNGEE7ADESACX75T,36100.0,27000.0
ACCE22EDXGSJT5ZJ,2000.0,1200.0
RNGEDAKFUNSZQXS3,41945.0,33556.0
RNGE7GVYEFVQKHAM,40895.0,29190.0
RNGEBQZRYYGGEQYX,43667.0,31279.0
ACCDUV7ZHXVZU5NG,2895.0,1499.0
RNGE7GVY2QBGAWBB,36211.0,25304.0
ACCE6GFCCZRQZGXE,1999.0,1685.0
SHVD2H7URCYYAHAH,7599.0,5975.0
RNGEDSCUZJUAGXCS,49999.0,36356.0
WRSEB2KNBGSYXGXY,4100.0,3500.0
RNGEDAPFZQMYMCEB,35628.0,28502.0
JWSE5GUZY5GGGTQF,650.0,550.0
ACCDVHJPRBJPWNHT,2895.0,1699.0
RNGE7GVYNTGUM3GG,38520.0,26910.0
SKIEFBPUNZMJJG2C,1099.0,599.0
RNGE7GVYYPQFPGYD,36543.0,25874.0
ACCE5Y8GQHYZBZSB,1599.0,1049.0
RCTDWR8FFE5FCH5H,3230.0,3230.0
SHIE7KDV9H9YEHZ6,799.0,599.0
RNGE7M92CE7X39SC,36642.0,26498.0
RNGECQWJZWGJS5YA,38181.0,28600.0
ACCE9DJVQGY3HGXQ,1999.0,1685.0
ACCE6GFCNSWTXHPK,1999.0,1685.0
RNGE7GVYRPHSCTVA,41965.0,29926.0
RNGEDAPVZZFRZH2W,41947.0,33558.0
RNGEDAKBZKH7AWJQ,31934.0,25547.0
ACCE9DKFFVYTTTHT,1999.0,1685.0
ACCE9DK69UVANMJX,1999.0,1685.0
RNGEDAKBW4PQVFB7,34402.0,27522.0
ACCE6GFCXSZVYBTV,1999.0,1685.0
RNGE7M926GMEMDPS,39641.0,29003.0
ACCEFZVEKCR9BQJQ,1699.0,1299.0
RNGE7M92MZS2UTMN,35731.0,25644.0
ACCDRSJRAKAQZK2V,2499.0,1099.0
BKPEFKJYGPRQWMZ7,1499.0,575.0
NPYE5282ZUBCWPKE,399.0,199.0
RNGE7GVYZVRPJC7J,39736.0,28083.0
ACCDUV7ZQK3EC2GM,2895.0,1699.0
JWSEBCF8MBQHFFDF,1000.0,800.0
RNGE9HDBZBRM5ZKG,48346.0,36987.0
SKIEC9AF3ZPKHKVC,699.0,275.0
RNGEDAPSXHZRZQPX,38999.0,31199.0
RNGE9HDFY49RXJSZ,49466.0,34900.0
RNGEBWEAGNSJF9HA,33795.0,28996.0
ACCDUV7ZHCMKUSCD,2895.0,1699.0
ACCE6GFEEWFSZAZJ,1999.0,1685.0
RNGEYQZDCMC4YUKK,34997.0,27497.0
BLAEE2GJKYPDJDR6,2999.0,1299.0
ACCE6GFCFEUGCKH9,1999.0,1685.0
RNGEC8PNXPFVNXFE,46630.0,32641.0
ACCEAC4QAWFJEFYN,1999.0,1685.0
RNGEC8PZ84N2VVMV,48512.0,33959.0
ACCE9DK83ATHGPUY,1999.0,1685.0
RNGE7M92MNUHRFFY,37130.0,27180.0
ACCE9DJQSTHFFAWT,1999.0,1685.0
BLAEE2GJ8AEFWJZ9,2999.0,1299.0
RNGE7GVYWCHGCZ3N,36911.0,25744.0
RNGE7GVYTUPHQRYK,42270.0,30560.0
ACCE6GFEZJW8GCWE,1999.0,1685.0
RNGE7GVYZNHM8N65,38855.0,27443.0
ACCE6GFCY8HKUA89,1999.0,1685.0
BKPEBJGUXZXPDF9F,865.0,865.0
RNGEC8PMZS8YKYYM,36940.0,25858.0
RNGDX7U4FFMCPN2V,35067.0,27703.0
SKIEB85ZR7DGZQXS,699.0,469.0
ACCDZMAP25YPVXG8,2895.0,1499.0
RNGE9HDCT9XSFEZA,32693.0,25501.0
ACCDMWEGPQXZUTYZ,2499.0,1749.0
RNGEDAK7ZQMRWNZX,46671.0,37337.0
ACCDMWEGAVP3DNUZ,2499.0,1999.0
RNGEFKMJZQFSMZU7,33625.0,28581.0
SHIECTS9VCW9SN75,1299.0,799.0
RNGEE967PKGJTK9R,49845.0,34891.0
ACCDVHJPFPBNPJWG,2895.0,1699.0
BLAEEHE3GZ7WST52,4499.0,1489.0
JWSEDN9PYHCVCPUH,750.0,599.0
ACCE9DJSTSYB5PSC,1999.0,1685.0
RNGE9HEYZARVV2BZ,42255.0,30855.0
RNGDQSVDZBS5XTYZ,45835.0,33852.0
ACCE9DKAJRJVKKYA,1999.0,1685.0
RNGDX7QKWZGJMZFG,44551.0,35196.0
ACCDVHJZTAKZGMN4,2895.0,1499.0
ACCDSB6EJXB8B9GG,2599.0,1499.0
SHVE93ZPYYZUBBHC,699.0,199.0
ACCE2A66D6BHFYQK,2500.0,1300.0
RNGEC8PZGSS7NJC8,39520.0,27664.0
RNGEC8PZHP2RRXS4,41483.0,29039.0
BLAE2HWCGMSQV2F5,1999.0,1104.0
ACCE9DJRJV6JYFGE,1999.0,1685.0
BKPE4MU4T2CJ5YTJ,1299.0,399.0
ACCE6GFCGXJJX4RZ,1999.0,1685.0
RNGDQ5GGZZZDYPHR,35642.0,25749.0
RNGEDAPFZBMMBXWB,39389.0,31511.0
ACCE9DJQYUGFKVH8,1999.0,1685.0
RNGEDAPFYDQCQAFQ,32609.0,26087.0
SKIEBU7GAKQHPPNF,899.0,385.0
RNGE9HD9ZWPNFZGS,47372.0,33575.0
RNGEDAQ3ZJC36WRB,35873.0,28698.0
ACCECNDZARZGG5GT,2399.0,1299.0
SHIECVUM8WK2BCCW,900.0,501.0
RNGEDAKBYETUY2AB,31414.0,25131.0
ACCDVRZCTHZMCBZV,2399.0,1799.0
BLAEDAN7HXG3CAHD,1999.0,1099.0
RNGEFKMJVRY4MM43,32375.0,27518.0
ACCDVHJPSYXDRQZZ,2895.0,1699.0
JWSDWBPPQH5V6TTC,870.0,870.0
RNGE88Q9VCUT5FUF,42224.0,29461.0
ACCE9DJZCF5DFVP9,1999.0,1685.0
RNGEC89ZYATB76JX,36400.0,27300.0
NPYEDKU4ZQ2KTE3W,980.0,599.0
RNGEDAPVYYKEC48G,41347.0,33078.0
ACCDVXDUKHFXZVB9,2200.0,1200.0
RNGE9HDZZTEBFGG6,44659.0,34835.0
ACCE5DAA9KBP7XMS,1350.0,1010.0
RNGEFKMJW39ERTGF,32375.0,27518.0
RNGE2FAFYTYTZXZX,46125.0,39206.0
BLAEE2GJATTR8YG5,2999.0,1299.0
LTBE4HAWZUMX8VYH,2895.0,599.0
RNGEBQZRZWMZFEVH,38719.0,29936.0
ACCE9DJTE6GWFTQQ,1999.0,1685.0
SKIEA3GZPBMGZCTQ,832.0,399.0
RNGE5XDFRKYG3YBM,36000.0,27000.0
ACCEE82ZMAGZQWG2,2699.0,1699.0
ACCEDHZCASMFY9RR,1999.0,1199.0
RNGEDAKBYRSHQZ7R,40022.0,32018.0
RNGE7M92M8BNW2PN,38587.0,28397.0
SHIE854Z8YKYZVKE,1001.0,581.0
RNGE7GVYRWWCA9AV,42199.0,30370.0
RNGE8TQ9ZEJC2V8X,45288.0,31934.0
RNGDQ5GGZMTFWKVH,41039.0,31838.0
RCTE38HXGH4CJEPH,5749.0,4059.0
ACCDVHJZDERDB32B,2895.0,1499.0
BALDCJFFGZHQNDT6,395.0,290.0
RNGEYCJTKYZWR4GK,48413.0,33405.0
RNGDQSVDZ5SWRCZY,35652.0,26857.0
RNGEYQZEZ8P3EMJF,36360.0,27999.0
ACCE9DJQRGFJ3BUM,1999.0,1685.0
RNGEDAPWZJR8Y6XB,33875.0,27100.0
ACCE6GFGWRMK8T4H,1999.0,1685.0
RNGEDAK7Y5HNBHJH,46671.0,37337.0
ACCDRSJR2EEPBYUG,1699.0,1199.0
RNGEFKMJZU7CXMNH,33625.0,28581.0
BKPEAM9EGPND2SNG,1200.0,492.0
RNGE88QAGN5GRH3J,37806.0,26421.0
RNGE9HDKXUD934DJ,38389.0,28042.0
ACCEAC4QWGAHV7CF,1999.0,1685.0
RNGEDAKBURUKYYAU,45813.0,36650.0
ACCE5QD4BPW5FJC6,2499.0,1299.0
ACCDUV7ZK6CYBYTG,2895.0,1499.0
RNGE7GVYJGYAEBDV,42734.0,30596.0
RNGE82XZXZCUHK9Y,45999.0,39999.0
ACCE6GFGPPUGD6VA,1999.0,1685.0
RNGDX7UXPY96DH4G,46029.0,36363.0
ACCE9DJR98NQFY6K,1999.0,1685.0
ACCE9DKAEUZABX9M,1999.0,1685.0
BLAEEDGA2UFF8ZHU,2999.0,1499.0
RCTEY6CMQFMUVZRJ,6499.0,3119.0
RNGE88Q9YGUFFQCF,46452.0,33106.0
ACCE9DJMZDUGZAUM,1999.0,1685.0
RNGE7GVZW6PURCHP,38309.0,26988.0
ACCE9DJKRYYFFZHU,1999.0,1685.0
RNGE7M92FWMWGPHD,40871.0,30842.0
RNGE7GVYFRENTCWZ,36586.0,25686.0
BLAEEDGBFPG3ZMYG,2999.0,1499.0
ACCDZMAPRQBDPSJM,2895.0,1499.0
STFE5B6CQ5BR7V6J,249.0,249.0
RNGEAM4NZRSBMUFB,49998.0,36882.0
ACCE6GFHDW6DX4GH,1999.0,1685.0
ACCE9DJXGJKWFVEH,1999.0,1685.0
RNGEDAPUZPVUVSCU,49519.0,39615.0
RNGE7GVYMC9ZSVRB,37752.0,26231.0
SKIECBN3VHVYAGKN,999.0,499.0
ACCECNDZE4GSJPMV,2199.0,1199.0
RNGEDF5HZG9DVQTS,49999.0,38287.0
BKPEBFQ5HR9KAF8F,1999.0,550.0
ACCE4XC5FAF7S9UY,1999.0,1499.0
RNGE8NA4ZVR2CSYY,37437.0,26571.0
RNGEFJHJHKNX5DKD,49999.0,37652.0
ACCE6GFGHGCX46VF,1999.0,1685.0
RNGEBB94WYJB94F2,49999.0,40000.0
SHIE3YW8E89ZWPFD,1300.0,910.0
RNGEA9ZXYKAZPEGD,49421.0,36576.0
ACCDUV7Z2FV2ZQ8Q,2895.0,1499.0
SHVD8JYZHHVHBA6V,2495.0,1996.0
RNGE7M92ZUY64RT5,40097.0,29902.0
BLAEEDGBCYYWZFHK,2999.0,1499.0
RCTEBUD9SYVKVPHF,4990.0,4990.0
ACCE9DJWDCSGHUXC,1999.0,1685.0
ACCE6GFCDHGGMHN5,1999.0,1685.0
RNGDX7QHSYSH5FGT,47845.0,37798.0
BLAEE4H7MZAJGS5H,2999.0,1199.0
JWSEFBQHZH4UG4FE,550.0,500.0
RNGE7GVYWRPVS6QA,36631.0,25552.0
ACCDUFZGTEBTHVZ7,2895.0,1499.0
BLAEEDEGBXDH8BCG,2999.0,1499.0
RNGEDAK9ZWNYDHWB,32460.0,25968.0
RNGEDAKDZVMUYYYT,37904.0,30323.0
ACCE2A66GHHRYZZW,2500.0,1250.0
NPYE5N99UTFAKM7Z,349.0,279.0
RNGE8TFNYWVQ49EZ,39780.0,28172.0
RNGE7GVYPXKYEYHB,41671.0,29051.0
ACCEE4WYPG4CKS9A,1999.0,1499.0
SKIEBEAEG5SHZB95,899.0,365.0
RNGEDAKDZTGVBHFA,31337.0,25070.0
ACCDVHJPHS9KUH2A,2895.0,1699.0
ACCDCJ8AZJHY2PGF,2295.0,1928.0
RNGEDAPYZRNRVHHE,39002.0,31202.0
RNGEBTJCXWHKHXUY,40360.0,33966.0
ACCE9DK68KUGBEHB,1999.0,1685.0
ACCE9DJZZKHSGD9Y,1999.0,1685.0
RNGEDAK9ZYKDEFT5,33188.0,26550.0
SPBDWG6GJGTSWQVT,1349.0,899.0
RNGE8NA4ZNFZZ2QZ,44851.0,31636.0
ACCDVHJPNVYVPXEV,2895.0,1499.0
RNGEDAKCWFQMQCXU,33004.0,26403.0
ACCE9DJNJQFKPUAD,1999.0,1685.0
BLAEAKRGNTVFY69D,2498.0,1095.0
ACCDVHJZ5JG3N9JX,2895.0,1499.0
RNGE2FAFZQFUM6EB,36125.0,30706.0
ACCE6GFE3ZBKXJG9,1999.0,1685.0
RNGE7GVYHKFZHW5Y,38752.0,27434.0
JWSDVGJBFEBFZZWQ,595.0,595.0
ACCE3NUQARZZRYKJ,2599.0,1550.0
ACCE6GFCFGMQV8PG,1999.0,1685.0
RNGE7GVYXZ5K8SAQ,37917.0,27193.0
RNGEFJFFPZABKKZ7,33625.0,28581.0
TBRE8VPAQFHPQKRE,1000.0,499.0
BLAEEJGJWZJFAFXF,2999.0,1499.0
RNGEA9ZXXNAHUDYC,32660.0,25475.0
ACCE54YZ3PUHU2RM,1599.0,1299.0
BAGEEDYFFMKZAF3H,600.0,300.0
RNGE7GVYY8NFWKF5,39174.0,27823.0
SHIE25R9XNBE78MY,900.0,695.0
ACCEAC4Q4BQFYCNE,1999.0,1685.0
RNGEA9ZWYAFTRAY4,35384.0,25732.0
ACCDVHJPV2KFRFNE,2895.0,1699.0
RNGE88FRPNCZWBZC,35581.0,27766.0
MFLED8T7FC7D6HZF,2300.0,499.0
RNGE9HE5ZYYRGYTZ,42939.0,29942.0
RNGE864HZTFFKAAB,49999.0,35965.0
RNGEDAPXZ5CBHEZY,33033.0,26426.0
ACCE5Y8WZX54NUWT,1599.0,1049.0
RNGEC9RHPFCGF43U,41863.0,32225.0
ACCE9DJWMAVEMG2Y,1999.0,1685.0
RNGEA9ZWGUNTJ7BH,33477.0,26677.0
RNGEFJFFJPKMSZ8Z,29875.0,25393.0
RNGE73KMXXGXMDAW,40000.0,28580.0
ACCE7HRXZBTSZCZP,1999.0,1685.0
RNGE7GVYNR2YU4WG,38615.0,27543.0
JWSE7PZPJPGMZZAK,749.0,609.0
RNGE9HDKYAVBZJZ6,34822.0,25415.0
ACCE9DJYHYNMV3PT,1999.0,1685.0
RNGEDAKAXZ9YJJGC,41673.0,33338.0
ACCDUFZGRNKUHPNZ,2895.0,1895.0
BLAEEJGJ6T2NHJRK,2999.0,1499.0
RNGE82XPT3HRHBA2,40999.0,34799.0
BKPEDPG5QM8RGT9Y,1400.0,575.0
BLAEEJFZ5KA42ZS3,2999.0,1499.0
RNGEE966KMPRKXPC,49999.0,41499.0
BLAEE7VSZ9YV7HG9,2000.0,1100.0
ACCE9DKFNEBH7AUG,1999.0,1685.0
RNGEC8PZH2YPMMAJ,47673.0,33372.0
BALDYSJWZZZMYFHC,1900.0,1250.0
RNGEDF5HHWM7UERM,43469.0,31049.0
ACCDHHWFSWVWGXDY,1599.0,1199.0
RNGE88QAJHBEZFVG,43462.0,30829.0
ACCE5DAANZYDZCAB,1350.0,1012.0
RNGDQSVDYXTVYX7D,35258.0,26686.0
BLAEEFFGZVBQYVFP,3999.0,1195.0
RNGE7M92Y9EQGZU4,40563.0,30106.0
ACCDVHJPFGRGYSYZ,2895.0,1699.0
RNGEDAPSZHANF4KC,31418.0,25134.0
RNGEDAQ3YDDZRSHQ,38226.0,30581.0
RNGE5SPMXYGUUKWN,34799.0,27739.0
ACCDVHJPHBYXJDPC,2895.0,1499.0
BLAEDBEXC6VHNZEV,2999.0,1199.0
ACCDZMAP27FUAVMR,2895.0,1499.0
ACCDVHJZA9FQWEZT,2895.0,1499.0
RNGE3JRMX6YUMJVG,43000.0,35850.0
ACCDX7XCTDN3EHF6,1899.0,1699.0
RNGE9HDDWT2HTHRB,36271.0,25076.0
BLAEEJGJHFZPF2Y2,2999.0,1499.0
ACCE9DJZFAHZZEKH,1999.0,1685.0
SKIECBJ9VVXGCHR7,1099.0,499.0
TBRDXMG6FKNKNPMR,399.0,319.0
RNGE88Q9YVEHHQTJ,37123.0,26198.0
BAGEEDYFGZHGQAVS,600.0,300.0
ACCE5VYMHACWSNZS,1599.0,1049.0
RKSEEAHYWTF5KTPZ,5000.0,2052.0
RNGEDAPVZ9SGJXB8,35974.0,28779.0
RNGEYRXYWKAYC9KB,35500.0,26625.0
ACCDZMAPDMFWAAH7,2895.0,2000.0
ACCDVHJPFC8FZYTN,2895.0,1499.0
RNGE4YXXZKHDXKME,33800.0,25350.0
ACCE9DJM8WYHZFZZ,1999.0,1685.0
RNGEBQZRSFJHG9UA,44297.0,33441.0
RNGEDAPWZ4YEEZHT,44632.0,35706.0
ACCECNDZFMXUFYVZ,2299.0,1199.0
RNGE7GVY9GPQVPP8,41151.0,29508.0
ACCE9DK4Z6JHHR3Z,1999.0,1685.0
RNGEBQZQ5ZZDHJXU,32744.0,25541.0
RNGE9HEQPFYGHMYU,34952.0,27892.0
RNGDXXB6HXC7DQDH,40172.0,27719.0
ACCDVHJP73AHGXS9,2895.0,1499.0
RNGEDAK9ZT3JUERN,40285.0,32228.0
ACCE9DJU5ZZPJDFW,1999.0,1685.0
RNGEDAKEKEPKF5WA,41259.0,33007.0
SHIEYZF6HGDHE8NQ,1332.0,999.0
SKIEBU7HB4JYJVMP,899.0,375.0
ACCDUV7ZSY9YXJ3P,2895.0,1699.0
RNGDQSVDZSWFGUXK,34535.0,25577.0
WREEE8SFEZ2GZ2DH,600.0,249.0
ACCE9DJTGEUZ2XP2,1999.0,1685.0
SPBE7FR5FS6XXTNZ,3499.0,2048.0
BAGE9HB3YMGF6Y8F,1295.0,448.0
RNGEDAPUZZDP3HYJ,34451.0,27561.0
ACCE9DJVVZT4X8ZB,1999.0,1685.0
RNGE7GVYUQAJCFRY,41522.0,29930.0
ACCDS2HWGTMJGVHP,1999.0,1499.0
JWSE8XZ2XUCFHCZC,1225.0,999.0
ACCE9DJS9XRHM8T2,1999.0,1685.0
RNGE9HDGZRVGZ9KW,40234.0,32158.0
ACCDUV7ZMZWYMW3Y,2895.0,1699.0
RNGE7M92KD8C96HF,39006.0,28607.0
RNGEDAK7XT245F3Z,37758.0,30206.0
RNGE4VA2XMFE9HUG,42554.0,31916.0
RNGEDNFEZJCFGG86,49999.0,42996.0
ACCDVHJPXZGMPP9W,2895.0,1699.0
RNGE2FAFY5B8ZUUA,39875.0,33893.0
ACCECNDZZGZHBUYC,2399.0,1299.0
ACCE9DJNYZTH4T8P,1999.0,1685.0
RNGEC8PZGBCFQPKD,46837.0,32786.0
ACCDUV7ZQVHFKVMJ,2895.0,1499.0
ACCE9DKAABPBUZTZ,1999.0,1685.0
RNGE8TQ9STMZHYDA,40136.0,28415.0
RNGE88Q9YPF2P282,39550.0,28184.0
SHIE693MM2N4BNER,750.0,590.0
ACCE6GFGG9JYXBWN,1999.0,1685.0
RNGE7M92XZ7CGS9Y,40589.0,30352.0
ACCDZMAPZNSEFGPV,2895.0,2000.0
RNGE9HDCZQUDWGSK,45903.0,32812.0
CUEEC9TQZ3HGZFTH,1800.0,1350.0
ACCEE4VZYMVGUFNH,2999.0,1999.0
RNGE7GVYXGJFVZUJ,42207.0,30756.0
ACCE9DJXJKYTP7UF,1999.0,1685.0
RNGE9HDKYAJDG3UV,37214.0,26708.0
JWSEDZ26ZBDEDNRJ,689.0,600.0
RNGE7GVYWZHZY9RF,37333.0,26021.0
ACCE6GFHKFQW3KCE,1999.0,1685.0
RNGEC8PZSUGEEFUM,48375.0,33863.0
RNGEC8PNSZZ8CJ7Y,42964.0,30075.0
ACCDXB99QHDWGPCP,2895.0,1499.0
RNGEDAPXZ89H9ZTR,40983.0,32786.0
ACCE9DJQFPTJ23MC,1999.0,1685.0
RNGE7GVYBAJRZPQV,41807.0,29807.0
ACCE9DJVYGGPQCZH,1999.0,1685.0
RNGEFJFFXSK67ZWZ,34875.0,29643.0
ACCE9DKFF4UDMWC5,1999.0,1685.0
RNGDXWGYB8GM9NNA,35977.0,26983.0
ACCDUV7ZE8CAAYZK,2895.0,1499.0
RNGEDAKAYYUNYW9P,44187.0,35350.0
RNGEYQZER4QQU4YK,37440.0,26000.0
ACCE6GFCTWXEMZJM,1999.0,1685.0
RNGE7M92N5M2PFUK,41939.0,31280.0
ACCE9DJMDRTWJWKY,1999.0,1685.0
SHIE9C45CPQTYDV6,999.0,699.0
ACCE6GFEQDTMBBXW,1999.0,1685.0
RNGE87FCSCBAVHFT,33651.0,25982.0
ACCE9DJP6JEGA2GQ,1999.0,1685.0
SKIE8X2TEAFHA3BU,1049.0,549.0
RNGE7GVY3VFVAF6X,38636.0,26675.0
ACCE9DJYJ9QX7EZZ,1999.0,1685.0
RNGEFJFFZMWTVUK2,37375.0,31768.0
RNGEDAKBY4VQGHQT,31533.0,25226.0
RNGE7GVYJDRUMWKZ,41721.0,30184.0
TBRE8GR3RSTQTXMJ,1299.0,399.0
RNGE3JRMHKFGFEXH,49999.0,43950.0
ACCDVHJPWWHAZHTC,2895.0,1699.0
ACCDVHJPFNVAZVVR,2895.0,1699.0
RNGE89MSQD2EUGDF,42304.0,29850.0
ACCDZMAPZGGNRWZ8,2895.0,2000.0
RNGE7GVY3HYMAV72,41850.0,29988.0
RNGE82XPY58JRUFA,33499.0,28499.0
ACCDUV7ZKGJGMHKJ,2895.0,1699.0
RNGEDAK8ZM9PHZNW,35062.0,28050.0
ACCE9DJRHGN5TDZM,1999.0,1685.0
RNGDXXB6JWHTECV2,49930.0,34452.0
ACCE9DKA2ZANMJSH,1999.0,1685.0
RNGDQSVDZNZSHQWW,49613.0,35465.0
RNGDX7SAWWZ7CD35,34829.0,27515.0
RNGE7M92KTEXG9BE,40682.0,30416.0
SHIEBUEHMKAWGWQQ,1499.0,999.0
ACCE9DJVZKEQWSBM,1999.0,1685.0
RNGEDAPTVZVHEWHZ,38455.0,30764.0
RNGEDAKFZMYFVZQH,39475.0,31580.0
ACCE9DJT7UUZGMNB,1999.0,1685.0
BALE8HWAS26ZHNTC,240.0,240.0
ACCE9DJK2JSMNZGZ,1999.0,1685.0
SKIEA8SSSEUAQ8CW,699.0,349.0
RNGE7GVYBJSFESSJ,39638.0,27470.0
ACCE9DJSQHBUJ5KS,1999.0,1685.0
RNGE7GVYHBRF9T6G,36124.0,25460.0
ACCDUV7ZFXEHS3HH,2895.0,1699.0
RNGEDF5HYMYZBJAG,45696.0,32640.0
NPYE5QUHW3Y8TGMY,399.0,199.0
ACCDUV7ZQJRDRS8G,2895.0,1499.0
RNGEA9ZWZFK7X4SZ,35350.0,27616.0
RNGE7M92Q44JDTET,39955.0,29988.0
JWSE5GUZVDP4GFYZ,650.0,550.0
RNGEBQZSZ9GRRMH2,35999.0,27401.0
RNGEC8PNB9RJXNTG,40854.0,28598.0
ACCE4YC4XRNUHKNS,1600.0,1099.0
RNGEDAPTYHEUYHGH,43321.0,34657.0
ACCDVHJPRYJMJYFQ,2895.0,1699.0
RNGE7M92FA6QNGCA,42404.0,31600.0
ACCDZMAPDQKERE8P,2895.0,1499.0
BKPECS6HJVHHBKBC,1299.0,599.0
RNGE7GVYWNFXZFZ7,39313.0,27893.0
ACCDXB99PB5Z6E8H,2895.0,1895.0
SHIE8SPVGMNK5NFG,1200.0,800.0
RNGEDAKEFRUE6PYK,38182.0,30546.0
TSHEE99KGBHPFESB,599.0,599.0
RNGDX7RYHK3UEPPG,33871.0,26759.0
RKSEA9FCGET8EAAB,1500.0,949.0
ACCE9DJQV23YT3UG,1999.0,1685.0
RNGDQSVDZFVDFNDV,37418.0,28543.0
ACCDYHSZ8YYYY7C3,1499.0,1369.0
SKIEBXRBRVXACV5V,699.0,425.0
RNGE9HEYZZVS5CMP,45563.0,33763.0
ACCDVHJPGKE8BKFJ,2895.0,1699.0
ACCDZMAZ8XHR482E,2895.0,1499.0
RNGE7M92ZXVXV2MG,42601.0,32069.0
RNGE7M92AVG5TAZ2,34878.0,25293.0
ACCDXB99ZN5K9GXM,2895.0,1499.0
TBREBH73PCHEDGWF,499.0,297.0
ACCDUV7Y3TYPAT25,2895.0,1699.0
RNGE7GVYAFKAAZXN,43215.0,30611.0
RNGE8TZ6ZN8MGXNG,43153.0,30475.0
ACCDUFZGNYNJMHGY,2895.0,1499.0
JWSEBZNZJ95BR6SJ,979.0,783.0
ACCDVHJPTWNAWFNJ,2895.0,1499.0
RNGE7M92CUAGEVZZ,38840.0,28110.0
RNGE7M92HHFJZZZM,42271.0,32048.0
ACCE9DK8PTG6DQRS,1999.0,1685.0
RNGDX7UXJHMHWFKS,49115.0,38801.0
ACCDVHJZATMCBHSB,2895.0,1499.0
RNGE7GVYGTHPQM6C,38243.0,27356.0
ACCE9DJNFJJQFZCJ,1999.0,1685.0
RNGEFKMJXVKCS42S,32375.0,27518.0
ACCDUV7ZVBA7CHWX,2895.0,1699.0
RCTDBTJ6ZHJ3H2XF,2399.0,2399.0
RNGEC8PNZKKDQWP9,40706.0,28495.0
RNGEDAPYZEFYKN2B,34447.0,27558.0
ACCE9DK5ZQPQGVDV,1999.0,1685.0
RNGECKFZZZZHVMHD,37492.0,28294.0
SHVE5KZ9ZWJKGCHH,899.0,349.0
RNGEYRXFZYKVWFGX,43400.0,32550.0
SKIECACWVH7U5RHF,499.0,289.0
RNGEA9ZXYUGC2ZHM,47536.0,33024.0
ACCE9DJHVGYY8BD5,1999.0,1685.0
RNGE7M92NZZGMSKP,35995.0,25853.0
ACCEE2KRN3A9B8BZ,2477.0,1632.0
RNGE7M92DGUZZNZA,42755.0,32400.0
RNGE7M92DF6YVWGP,35385.0,25634.0
ACCE9DJS44PWRZCY,1999.0,1685.0
RNGE9HD4UVVW5K7V,37488.0,26770.0
ACCDTD2ZVUHW6HZA,2199.0,1099.0
RNGE7GVYGZTEYYTK,41629.0,29459.0
ACCE9DK7WRDZHPFX,1999.0,1685.0
RNGEDAPVZHKCSSFC,36811.0,29449.0
ACCE9DJUASGKAZRK,1999.0,1685.0
JWSEBWSR4XYGNGUA,1114.0,995.0
RNGE7M92SEY6WEFC,39730.0,29385.0
ACCE9DJVMATEHFC5,1999.0,1685.0
RNGDQSVDUZFH8J5P,44504.0,35529.0
ACCE9DKA7GXK9MKT,1999.0,1685.0
RNGE7M924AVKFFPM,35685.0,25612.0
BKPE497YU7UDFWYQ,1999.0,599.0
ACCE9DKA5SSKGKTS,1999.0,1685.0
SHIEBTG8KDBQFWAK,1290.0,699.0
RNGE9HD4ZAYEEABX,35000.0,25371.0
ACCE6GFC3XKAFHB5,1999.0,1685.0
RNGE7M92XZZTFNS7,41427.0,30928.0
RNGE9HE5KQD4GYVZ,41091.0,29226.0
RNGE9HDXZYFWSFXU,38106.0,27460.0
SHVE7ZGD5DVHVRQQ,1295.0,799.0
ACCDVHJZWWURRYFQ,2895.0,1499.0
RNGEDAPSYY5GYNSE,35158.0,28126.0
RNGEDAPSSJWY3SBB,35158.0,28126.0
SKIECBJ9MDY6QAUS,1099.0,549.0
ACCDUV7ZYXGM4FX3,2895.0,1699.0
RNGE87FCHNTBK927,32801.0,25270.0
ACCE9DKYWNUUV9ZH,1999.0,1685.0
RNGEDAKFX6JEXQT4,32479.0,25983.0
ACCDSWHWFDAK95ZT,1490.0,1350.0
RNGEDAQ3XGRVN8Q5,33335.0,26668.0
TBRE4WHJJCNFH4FT,299.0,299.0
ACCDVHJZESPSYVHK,2895.0,1499.0
RNGE9HEZZYWUWDPU,36310.0,27392.0
ACCE6GFECJ5ZXAVU,1999.0,1685.0
RNGE9HEFT7GZZJYB,49736.0,39204.0
ACCDUV7ZS6GVUUUF,2895.0,1699.0
RNGEBQZRZSJHG9ZE,39507.0,28361.0
RNGEFJFFZXKGQVGH,43625.0,37081.0
RNGDQ5GGZTUQSQY3,33678.0,25008.0
JWSE3PFZMFYRTW2U,820.0,795.0
RNGEDAK8ZCKXAC44,34086.0,27269.0
ACCDUV7ZNQMHDHFJ,2895.0,1699.0
RNGDQSVDXHZ9ZHHG,38736.0,30294.0
RNGE9HCYYSVGDJ4R,49443.0,36931.0
ACCE9DJVCBKWEPKY,1999.0,1685.0
BKPEDRCDMRGQH8Q7,1299.0,1299.0
RNGE7GVYCGSYGRC6,37935.0,26448.0
RNGEYRXFYTESQR6X,34300.0,25725.0
RNGE7M92FRVBBDJH,37671.0,27662.0
ACCDXB9QWFZ4EYSP,2895.0,1499.0
SKIECRUMAX5GBSCB,899.0,385.0
RNGE7M92TW2KUSEY,41874.0,31760.0
ACCE9DK6KMVM5PRD,1999.0,1685.0
RNGEDF5HHDAZUAZS,38141.0,27243.0
ACCE6GFCDEWHCYFS,1999.0,1685.0
RNGEDAPVYPD89ZHW,42928.0,34342.0
ACCE9DKA59UT5X2J,1999.0,1685.0
RNGDX7RYGFGZCUNX,46407.0,36662.0
SCHE3Z7QHHJWTUMH,170.0,170.0
ACCDUV7ZHP47FPZQ,2895.0,1699.0
RNGE9HE3UW9EGEBU,34892.0,25091.0
RNGEDAPYWKPZFQZ4,34771.0,27817.0
ACCEAC4R9FT7PDSK,1999.0,1685.0
RNGEDAPFZGJG5H8Q,47936.0,38349.0
RNGE82XPZHQQQ6TF,30199.0,25699.0
TSHE967ZUHBPSYMH,698.0,698.0
ACCE6GFGXT8HF2YU,1999.0,1685.0
ACCE9DKYTH3GW5QZ,1999.0,1685.0
RNGE8NX4ZYPPBSFH,48557.0,34166.0
RNGEFKMJTC8N3GGR,32375.0,27518.0
RNGEDAPSYZYZXZEZ,32086.0,25669.0
SHIECPZQNKC9TGAC,799.0,549.0
ACCE5Y8GR7YP7WVT,1599.0,1049.0
ACCEEH83SVZBGGHW,2999.0,1499.0
JWSEYW5TJMJGSKH8,800.0,640.0
BKPED8T76AN4YYVF,1699.0,649.0
ACCDVHJPXSYZKST9,2895.0,1699.0
RNGEDF5GY2JGQHJP,45131.0,32236.0
ACCDKYS6Y5NY9SZW,2099.0,1834.0
RNGE4EZ4RDWRWC4N,48600.0,36450.0
RNGEC8PZMJ66B4MH,44049.0,30835.0
SKIECBN4NYUTBFSD,999.0,499.0
RNGE6XYVGDMNRVRR,29969.0,25024.0
RNGE87FCSVHHR2SQ,49999.0,34949.0
RNGEDAPVTMWEQDH2,34601.0,27681.0
RNGE9HDCYNVGGFAC,38605.0,30113.0
ACCDWSBNGJAQ6GKQ,1999.0,1499.0
RNGEDAQ3ZF8FDFZF,39725.0,31780.0
RNGEDAKBWRX9KNCS,40022.0,32018.0
ACCDVHJZWAJEPRJG,2895.0,1499.0
RNGEDAPVY3KEGBXN,42928.0,34342.0
TSHECEGKUR2G94FV,990.0,990.0
ACCE9DJXTHGCJJBK,1999.0,1685.0
RNGEYQZEZBE6TWJZ,38592.0,26800.0
ACCDUV7ZGSAHDAMB,2895.0,1699.0
ACCE9DJXFQGHKWNA,1999.0,1685.0
SHIE76YYDQDRX6AF,799.0,579.0
RNGEE8ZGHERKSH6Z,36476.0,25533.0
ACCE9DJUHVKYQ2ZD,1999.0,1685.0
RNGE8NA4ZFHPQQEY,45896.0,32349.0
RNGEC8PZXJWRMEJY,38340.0,26838.0
JWSE89F5PBHC2JX2,769.0,699.0
SWMEGZC3YFNJKMQZ,3490.0,3490.0
HMBEJAFGM3ECD9B4,1999.0,499.0
HMBEJ99XHPAUDGZQ,2499.0,899.0
HMBEJAFEXGBXZSQT,1199.0,349.0
SHOEJ3DYMBK5GZDJ,999.0,729.0
HMBEJ9Q25FGHAPHZ,699.0,299.0
PBLEJ5RHSYYSVA7X,599.0,189.0
HMBEJ9AGFGVNMYAZ,2999.0,1899.0
HMBEJADKFGXHB9WD,1499.0,399.0
HMBEJ9H43PGQWANN,4875.0,2799.0
HMBEJ9G65DQWP2GW,999.0,299.0
HMBEJ9BY6H4YGKX3,2999.0,1899.0
HMBEJ9Q389KGGV9M,699.0,299.0
SOCEJAC9BYVSNPTP,675.0,337.0
HMBEJ9H47GZMSX6G,3275.0,2175.0
SHOEJ8GV8VVUKV78,899.0,899.0
HMBEJAFGZEDFYZ5V,3499.0,999.0
SOCEJ8CMEXAHFHJ5,399.0,320.0
PBLEJ5RFGVCAMZRG,599.0,299.0
SOCEJ8CMEQKCAMMG,399.0,320.0
RCLEJFTMA5ZFSSEU,890.0,399.0
RCLEJEHZNK8HYYNB,850.0,399.0
NKCEJGNBBXBJFPGC,499.0,499.0
LSKEBQ8T4BJMATMX,2499.0,1299.0
STFE8Y2DHWQZYFPP,350.0,175.0
TROEBAAPU9VBKUGU,2049.0,2049.0
LSKE9CGXRCJ7JHFF,575.0,575.0
TROECDKHH2MHYYH7,2599.0,2599.0
KLSEJ7U8AHPCC2DQ,900.0,325.0
KLSEJ3VDXVKEC3VJ,800.0,375.0
WTBEJ6ZNMSWNYHEU,299.0,159.0
WTBEJ6ZEQPRXGJZE,399.0,219.0
BRFEGTJFG3THFMHV,1199.0,549.0
BRFEG89JNCVGBVTR,170.0,170.0
HLKEGF6PTASUPHYY,599.0,199.0
MANEFPJ5BZVWZQYF,299.0,199.0
SWSEG87FPRCXGZDP,849.0,849.0
BRFEFZC83UBBQQBS,500.0,375.0
STFEEDTY2ZGNZFTH,1299.0,1104.0
BBAEAG4DXY4KUVTE,399.0,399.0
BOLEE6ZGSCXFKTQY,1499.0,570.0
INKDYVCRYMNQAZKR,4395.0,3220.0
SHIEEF68UNZZDGZV,4280.0,3780.0
SHIEAFTQGNRMZHNH,3900.0,3900.0
KRTEBDGPFTF6N6GR,1299.0,505.0
SWSECHXWYHT8CFY8,1599.0,999.0
SWSED2RFTWP3E8DH,2599.0,2599.0
SWSEAXG4HUVGBJ5E,1299.0,699.0
SWSE37HH2F2M25CH,699.0,454.0
TSHEBMHPEEKJCRHZ,995.0,697.0
TSHE9GATBPN5PGJG,999.0,449.0
TSHE3Y8VCGZ9AZFU,699.0,599.0
TSHECU3FXUGAGAG9,795.0,795.0
TSHE9BGGE85KBETR,499.0,499.0
TSHEBZX5ZYUHFUEH,1399.0,979.0
TSHE6FPZYZGKQMY2,765.0,699.0
TSHDSHQEKAECUYFH,995.0,995.0
TSHEBD3FSARKWH4C,1299.0,499.0
TSHE3Y8VGHTQDNGU,699.0,599.0
TSHE8NSBZTMPWDZH,699.0,599.0
TSHECK5BQJT2CGED,1099.0,989.0
TSHDX5N6ZEEWFNG2,699.0,299.0
TSHE9GATGVKSBGFB,999.0,399.0
TSHEBMHQZQZRSZGD,995.0,697.0
TSHED4Y9VGDEA4BW,299.0,199.0
TSHEAF9GH8YRFYQH,599.0,299.0
TSHEBQFHQTYRV2JG,450.0,260.0
TSHECAV5C2HN5GY7,600.0,380.0
TSHEA3YDNVHHGTHZ,1195.0,956.0
TSHE8PY79M8BNXD4,2097.0,799.0
TSHEBQFMZXHTVCWZ,450.0,260.0
TSHDXWECXZ5HWJCA,695.0,695.0
TSHE9RVGV5TQK2TK,999.0,199.0
TSHE9CRHYA5SGXE5,999.0,449.0
TSHE8MANF2ZQ6GBF,699.0,299.0
TSHE5NEERGY8HJFY,799.0,399.0
TSHE5NEEUSZNTU2J,899.0,449.0
ACBEHFPVV7PYCVHR,2398.0,1199.0
TSHEHHHDNRRDTYE9,1099.0,519.0
LFHEGUEKWKFG2J8G,299.0,199.0
LFHEGUEK2QGUGB22,599.0,349.0
VESEGPYTNCPEGMNY,699.0,249.0
JEAEHGTNJ9GGSFZD,6599.0,1499.0
ACBEHFPVGAHGXY7U,2398.0,1199.0
LFHEGUEKEUEQHHZE,599.0,349.0
JEAEHGT6DAJWKUEK,4399.0,1099.0
LFHEGUEKPTJY6HBW,599.0,349.0
JEAEHGT9KBFM8BUZ,4399.0,1099.0
TSHEG6Y4GSXKQMDV,899.0,539.0
TSHEHHHDT9ZHZGH7,1099.0,519.0
JEAEHGT9CGQR7ZGG,4399.0,1099.0
JEAEHGTNCBMHHWWC,6599.0,1599.0
LFHEGUEKWWSATDYZ,599.0,349.0
BLREFZGP3QCZZZTG,800.0,415.0
JEAEHGTNPFBVGX2W,6599.0,1599.0
TCBEHH36VGBN92BH,6500.0,4999.0
JEAEHGTNHGK4ATX7,6599.0,1499.0
JEAEHGTNEGAGQ3D2,6599.0,1599.0
JEAEHGTNYFWHDQTF,6599.0,1599.0
VESEHC6PHMF6H4RK,594.0,594.0
JEAEHGTNHNZQDPSK,6599.0,1599.0
WATEHGPH59F9K9HX,2499.0,799.0
TSHEHHHDMMEYTHGX,1099.0,519.0
JEAEHGT6CZFDDGYH,6599.0,1499.0
JEAEHGT9Z7T9YRGS,4399.0,1099.0
VESEFY5ZYF3YZR85,460.0,460.0
JEAEHKA3F4REG4SJ,1295.0,698.0
JEAEHGTNXHMDAUXY,6599.0,1599.0
TSHEFC4BRDGVBZDV,349.0,349.0
JEAEHGTNFBRGBQVF,6599.0,1599.0
TSHEFJ33H8RXNYRC,699.0,419.0
SLBEJF3VCUMRSFRR,2299.0,1399.0
SLBEJFRNVXMBM4BR,1250.0,500.0
RNGEJYXAKNVDVDVV,799.0,479.0
FRAEJXP9XXVAHYWK,790.0,632.0
SHIEJY5HPVJT9MUE,7999.0,4550.0
RNGEJYXAHNUJAYH2,899.0,539.0
TROEJZZSVYSCF7RU,1099.0,1099.0
FRAEHVHBG5KK6ETE,2299.0,599.0
RNGEJUGGQYXFWMET,698.0,349.0
WTBEJZNYZESBJZRT,399.0,289.0
TROEJZU35HUKG8VZ,2495.0,2495.0
FRAEGC94M7MZUU2G,1999.0,449.0
TROEJZXJV7BVBANW,1799.0,1799.0
RNGEJYXA96UREGRT,799.0,539.0
NDNDWYUUHMYSRXKG,999.0,999.0
NDNEDPVHSZEJMSGA,999.0,699.0
NDNEB7YMZHUVTEMC,1230.0,923.0
NDNE5ZPGKC5BBZBH,999.0,799.0
TSHEA7W9F63ZDUTY,799.0,329.0
TSHE993RV7GU33KR,999.0,499.0
TSHE3JRMYYGHHHAV,1299.0,779.0
TSHEA7W9DRARBDEZ,699.0,449.0
TSHDUXJFTK4JS3VX,899.0,718.0
TSHE5NYHZRNY8PHM,1399.0,1118.0
TSHE993PVGB5PG7F,999.0,599.0
TSHE993ZZMHQZGVH,999.0,599.0
TSHE2TFYVFHVRHKS,1399.0,599.0
TSHDTTQFZBTGGPQH,450.0,450.0
TSHECB65GWKFP2HF,999.0,399.0
TSHE967UVGGCTBCV,299.0,299.0
TSHEF3Z2GUDZUHZ3,599.0,358.0
TSHECB4EJ6SXWRPF,395.0,210.0
TSHEBUZ7AFQ8RZKF,849.0,764.0
TSHEF3Z28VB2TEZU,749.0,448.0
TSHE6KBGGWZQGZDZ,810.0,399.0
TSHE57PQPNEXFAUY,799.0,399.0
TSHE993PZMDRQ8F2,999.0,599.0
TSHE3HHZZMFXDVKN,1099.0,659.0
TSHE9HNWMXTAGK3Z,1049.0,599.0
TSHE993ZMU9JNQHU,999.0,599.0
TSHE99GWZPVG8UPS,299.0,299.0
TSHE9CK26WUK6TXM,699.0,699.0
TSHEAKUGSVAECT64,999.0,499.0
TSHEDKKXFQRMQGX7,1198.0,659.0
TSHEABTQXX8WHWQ3,949.0,949.0
TSHE5VVMQ4FPZVZJ,899.0,899.0
TSHDZCZYCGPEGZ3C,845.0,799.0
TSHDVZHTKHPQHWYY,899.0,718.0
TSHE993RHTWVPUD5,999.0,499.0
TSHE66CGQG4ZZJRA,1199.0,299.0
TSHEDHVRVNUY3HPK,2298.0,2298.0
TSHE993ZZHKZEHYZ,999.0,599.0
TSHE5QNTU9KTHKY7,499.0,349.0
TSHE3HHZZKZGHAFH,1299.0,779.0
TSHEDKKXFG4R57PZ,1198.0,659.0
TSHE7FMP7NJSASN7,2499.0,499.0
TSHE993PCZFPYHPE,999.0,599.0
TSHE967SKCRZMMHY,299.0,299.0
TSHE97E6MGJA9ZVQ,899.0,359.0
TSHE6UDNBC92PRUY,1499.0,1198.0
TSHEYUPBWGFCVWXH,949.0,758.0
TSHE6UDNYMEVBEST,899.0,718.0
TSHE57PPPHHAHVTY,799.0,399.0
TSHE6JCXYY3K62GZ,650.0,650.0
TSHE4V49ZHXG38DQ,299.0,299.0
TSHEAQMBZMSSUHVK,370.0,370.0
TSHE5K4YCZD9HWZJ,499.0,349.0
TSHE4SBYXME6V4KZ,1495.0,600.0
TSHEF3Z3BHGVS2AK,699.0,418.0
TSHE75PXSMNAZZVS,1399.0,979.0
TSHE7H2DQYMGCHJZ,699.0,454.0
TSHE967WQ9YKJXGJ,299.0,299.0
TSHDX6XESFDKBGZM,500.0,425.0
TSHE7733EY2MBYYV,799.0,799.0
TSHE2MEYWJWFPZYA,899.0,499.0
TSHEA7W9DEVFJGFG,899.0,399.0
TSHE5NYHYMBTXPYG,949.0,758.0
TSHEF3Z3ASHT3HN7,699.0,418.0
TSHE4SBYYGSTHA9H,995.0,400.0
TSHE5NYHD3FSNXAW,1499.0,1198.0
TSHDVZHKSYJVCBP3,1199.0,719.0
TSHE9RZUKTKV4Y3A,1099.0,399.0
TSHE6JCXT4HVHHYH,299.0,299.0
TSHE75PXKGNFJFRW,1299.0,909.0
TSHE993Z3MNDFGXG,999.0,599.0
TSHECYM2ZFZP4FCK,399.0,250.0
TSHECQN9GGGFSESS,699.0,399.0
TSHE7FMPJGBGHGWD,2599.0,499.0
TSHEFJFZCGXRYC9X,799.0,478.0
TSHE97E6ZUG8UQYN,899.0,359.0
TSHE2TFYJVKEDXZK,1399.0,599.0
TSHE9K9GMSXJZWH4,598.0,299.0
TSHE5NYHTEWHGM6B,849.0,678.0
TSHE5QUQWDFZF2GV,499.0,349.0
TSHE4YJMPHQXTPZZ,398.0,398.0
TSHE9K9KFVGBSZGH,598.0,299.0
TSHE4SBYZZG2GKDA,1295.0,550.0
TSHE93RYGKYFFBHA,448.0,349.0
TSHE7KBM5VUQP2CJ,899.0,584.0
TSHE2MEVTZCMCYYZ,1499.0,499.0
TSHE993ZZHKE3EWM,899.0,449.0
TSHE57PPG6EGAJMF,799.0,399.0
TSHE7AX3XQVJHY8J,3499.0,699.0
TSHE9K9GEGEQB9Z3,598.0,299.0
TSHEDHVRGGDZZHYG,2098.0,2098.0
TSHE5VVMUDRMHUFB,849.0,339.0
TSHEANH5QZNHGKZT,599.0,540.0
TSHEAKUGYHYP2B2V,1099.0,549.0
TSHE9K9GCGK6GRB5,598.0,299.0
TSHE3GHHUZZSH7KF,899.0,899.0
TSHE7AX3Y42HMJBV,3499.0,699.0
TSHE93RZGCZMQKHG,399.0,277.0
TSHE6KBGTA6NVZMF,799.0,329.0
TSHEDZFQYMUHHEHG,499.0,245.0
TSHE6UDNZAD6PVVE,699.0,558.0
TSHE864G3GPQ8KHZ,1399.0,349.0
TSHE5VVMPTBN7WGD,849.0,509.0
TSHE9QSCYEHHUWN9,1399.0,559.0
TSHE4YPWJPBRVSMZ,299.0,299.0
TSHE9HYF2FDDGXFX,1699.0,934.0
TSHEFJFPZ5FB7HXZ,699.0,418.0
TSHE4SBYFHWGCXSZ,1495.0,600.0
TSHE967UGZGM5GUB,299.0,299.0
TSHEAKUGBFWN4DZU,1099.0,549.0
TSHEDHVRWTTCHDNZ,2098.0,2098.0
TSHE9K9GXCPGCGXN,698.0,349.0
TSHECTY5BWXJV4GZ,499.0,199.0
TSHEABRNY6RURBXW,1499.0,299.0
TSHECB65M2CTZGMY,999.0,399.0
TSHE2METTNESHGSN,899.0,349.0
TSHE2MEWQHFHRAN8,899.0,299.0
TSHE66CHCWDAG45E,1199.0,299.0
TSHE993ZWBM4UFDN,999.0,599.0
TSHE3H9TTJDVPQSX,999.0,299.0
TSHE5NYHF2GXGX7G,1399.0,1118.0
TSHEDKKXHU8HBXE4,1198.0,659.0
TSHE993ZS95HVGJS,999.0,599.0
TSHEDWX4HGPTFQU7,799.0,319.0
TSHE75PWC9JYHFFW,1299.0,779.0
TSHE6G7YJGUVUZUY,1249.0,499.0
TSHE66CGVGRRYFTF,1199.0,299.0
TSHE7AX3ZAXWSPPC,3499.0,699.0
TSHE97E6VH5AAJ5D,899.0,359.0
TSHE5NYHPYQPEK63,1499.0,1198.0
TSHECXA5KPMY4HDW,599.0,399.0
TSHEDH3BZUGZHA9P,3499.0,899.0
TSHE7FMPBZ2KWVHN,2999.0,499.0
TSHE5HQFNBGPPRKV,499.0,349.0
TSHE97E6HKMSNVWR,899.0,359.0
TSHE3FCUUHDWTUSG,999.0,499.0
TSHEFJFZZR6ENKPT,599.0,358.0
TSHE2MFYEFVBGNYH,899.0,399.0
TSHE79U6QHSBCCPK,3499.0,749.0
TSHEBUGYQH4TJESJ,1199.0,1199.0
TSHECVF5WUHEURPM,599.0,399.0
TSHE9K9KJHZVWXDG,598.0,299.0
TSHE7733YZSVFSZG,499.0,499.0
TSHEABRNHSFNZGQR,1499.0,299.0
TSHEF3Z3ZAZRKZYK,699.0,418.0
TSHE7FR6C9PC9DD5,630.0,630.0
TSHEF3Z3ZFGGTW7A,599.0,358.0
TSHE9K9GXHXSFWY7,598.0,299.0
TSHE9CK2PHWNUQTZ,699.0,419.0
TSHE75PXHQTTVXJM,1299.0,909.0
TSHEA7W9NV6FMEZ5,1099.0,499.0
TSHDVZHNUVFGNGXD,899.0,718.0
TSHEDZFQBN3R7GJS,499.0,245.0
TSHDZCZYZSEGYZ5Y,745.0,699.0
TSHE5NYHHAZPPGRZ,899.0,718.0
TSHECVF5ZH6E4KFQ,599.0,399.0
TSHEF3Z3ZMGUWF6P,699.0,418.0
TSHE93RZVDCBH2YX,348.0,272.0
TSHDTTQG9BJVZCPF,450.0,450.0
TSHE66CGXKU2BF7C,1199.0,299.0
TSHDVN8WZMHGM7DH,849.0,678.0
TSHEDHZWTCXSFSVS,2698.0,2698.0
TSHEDKKXGFNMZGXR,1198.0,659.0
TSHECXA5HKNSHNZJ,599.0,399.0
TSHEA7W9E9WHVBTM,849.0,299.0
TSHE5NYHXC8AMY76,1499.0,1198.0
TSHE66CHZXSRWAG8,1199.0,349.0
TSHE993ZEGNZKBHV,999.0,599.0
TSHE6UDNUFRZJWWB,1399.0,1118.0
TSHE7RZJBEZCKSAH,515.0,515.0
TSHE726PHCSQGNHV,2199.0,499.0
TSHE57PQZT79ENYZ,799.0,399.0
TSHE6KAJHQE7KEVJ,299.0,299.0
TSHE7AX4NBAVHC3F,3499.0,699.0
TSHE7FR6UX9YJTBE,775.0,775.0
TSHEAFE4ZWZZSNHH,899.0,630.0
TSHE993QZHQGFEFP,999.0,499.0
TSHE993QGZEWUFYZ,999.0,599.0
TSHE2MFYX89AZZAP,749.0,499.0
TSHE5HQFW3MXDYKV,599.0,399.0
TSHE79U68HQ7W9KH,3499.0,699.0
TSHDZ5ZJUNTXSZK8,1599.0,1599.0
TSHEAQMBZ7HUXNDB,370.0,370.0
TSHE8HQPGP4GQ3ZV,699.0,699.0
TSHE7FUZGGFHFFNH,1499.0,599.0
TSHECK2FRZUZBD9D,849.0,764.0
TSHE9KFZUQDSEQHZ,598.0,299.0
TSHEF3Z3ZXGHV6Q3,599.0,358.0
TSHE79U6UMUDN68P,3599.0,699.0
TSHE993ZNW9UNN6H,999.0,599.0
TSHE9K9GAHFZE4SN,698.0,349.0
TSHE72ZRHUBZWTER,2999.0,499.0
TSHE7AX3FRHNH2BC,3499.0,749.0
TSHECFE5YHEGKKV5,399.0,399.0
TSHE7733AUEVJNCY,649.0,649.0
TSHECB4EUWFN9NMT,395.0,210.0
TSHEF3Z3SKV3BNAZ,599.0,358.0
TSHE6KWDUJHUJ2DD,799.0,249.0
TSHECJAYYFTZGH2T,499.0,390.0
TSHE5VVM3HVGWTZ4,1299.0,779.0
TSHE993P7WGSTNRN,899.0,449.0
TSHE6YEZPFR9YNXG,1199.0,1199.0
TSHE9K9JDCBNWWFY,598.0,299.0
TSHED67VHBK6XHZQ,999.0,350.0
TSHE993QZGEZ9HVR,899.0,449.0
TSHECJAYTY4YDUGT,499.0,390.0
TSHECFE5HBCZYFK9,399.0,399.0
TSHECJAYTXD4TAZX,499.0,390.0
TSHE9HNXUMRYS4RY,1049.0,499.0
TSHDVZGYGGKYRVXV,899.0,718.0
TSHE9K9GHGJ7VSJZ,598.0,299.0
TSHE5QUQAEB5HWYV,499.0,349.0
TSHE6EU7VECGZMXK,949.0,758.0
TSHE5YQ4CDHJX4ZA,299.0,299.0
TSHEA7W9WFEYEQBJ,799.0,329.0
TSHDWMX7K4T7ED3H,550.0,550.0
TSHE93RZ2NZMX5RT,348.0,272.0
TSHEF3Z3HYERHY5W,699.0,418.0
TSHEF3Z2JHQHK2GZ,749.0,448.0
TSHDZ5ZJYAZTCFHM,1599.0,1599.0
TSHE75PWXGWGHTYH,1199.0,839.0
TSHEF3Z3V2UGSENT,599.0,358.0
TSHE5HQFQ6FXP9GY,1099.0,499.0
TSHE967UCGFGKNFW,299.0,299.0
TSHE993QUHYUFTHX,999.0,599.0
TSHE75PWHDA8DYWZ,1099.0,769.0
TSHE993QRZ3YAHFY,899.0,449.0
TSHEF3Z3DEYW8VZF,699.0,418.0
TSHECQN9RFWAUFUA,699.0,399.0
TSHECFE5XURZNMUS,399.0,399.0
TSHECQN9XHWVXNXZ,699.0,399.0
TSHE6JCXW8GC9JTU,735.0,735.0
TSHE993ZPCG6MGAB,999.0,599.0
TSHEYUPBJYPZXKTX,999.0,798.0
TSHEAKUG7CBUBEZT,999.0,499.0
TSHDXFEEHSJVBNN5,899.0,718.0
TSHE5NYHHCVJSR4S,1399.0,1118.0
TSHE864GWBBQTHJW,1399.0,349.0
TSHE3GHHVKJAY8DY,899.0,899.0
TSHE9QS4JCJNNYYZ,1399.0,769.0
TSHDXVATSFF8Q8EU,1099.0,878.0
TSHE993PZTJDRFHF,899.0,449.0
TSHE993QVFCR8PWH,999.0,599.0
TSHEDH3BPV7ZEGCD,3499.0,899.0
TSHE9K9JVDNYWFYV,598.0,299.0
TSHE9DFQTWWCAUTH,699.0,699.0
TSHEAQMBMGG9DRPG,495.0,495.0
TSHE6JCXWMS8RYUF,299.0,299.0
TSHDVZHMAPHH88PQ,1199.0,719.0
TSHE6KWDZ7RES3RA,749.0,399.0
TSHE5VVMYGFWVNRF,1399.0,839.0
TSHE75PXXMFGQGFU,1299.0,909.0
TSHEFJFZYHHV9VPQ,749.0,448.0
TSHE66CHHB7WYRVE,1199.0,299.0
TSHE2MAHAZJQPZ8Z,1599.0,1278.0
TSHE993RZZMWVWYE,999.0,499.0
TSHE993QZPQGKRZA,899.0,449.0
TSHEBN6NKYCETFNZ,999.0,499.0
TSHE7G27ZZKCTNDF,590.0,590.0
TSHE9HNXXJEF2HYG,1049.0,499.0
TSHE9K9GPNWZERUZ,698.0,349.0
TSHEA527ZN256CHQ,999.0,499.0
TSHE993ZYVZHANU9,999.0,599.0
TSHE993PTQFNVXDZ,999.0,599.0
TSHE9CGGGVYT3KR8,775.0,609.0
TSHE62Q8XFQS7QU4,949.0,758.0
TSHE993QKHQB6W8V,899.0,449.0
TSHE5NYHDBTRGT2X,899.0,718.0
TSHECQN9YJ6GFXYH,699.0,399.0
TSHE75PXCQZ8UQFH,1099.0,659.0
TSHEDHVRYBDHRZNY,2098.0,2098.0
TSHDZ6S2CJPBHZGK,599.0,599.0
TSHE2TFYXUEZMY3R,1399.0,599.0
TSHE993ZREQFCH5G,999.0,599.0
TSHDX6XEUHTSBCZG,500.0,425.0
TSHE6UDNYCJEGHGG,1099.0,878.0
TSHDZCZYSZPFDSHW,845.0,799.0
TSHE7RZJAKBKHNKN,665.0,665.0
TSHE6UDN7AC9HDWW,899.0,718.0
TSHE9K9JVCZA2YKT,698.0,349.0
TSHECJAYAC5MGEXR,499.0,390.0
TSHE7JZRV8YGQFFC,1099.0,769.0
TSHE3HHZYS9TMWZP,1199.0,719.0
TSHECJAYHU24YTCZ,499.0,390.0
TSHE7FMPS7RT2PRY,2499.0,499.0
TSHE6KBG9ZKYHEZD,760.0,399.0
TSHEAKUGSKDRHGFD,1099.0,549.0
TSHE9CK2HZBMRAGW,699.0,350.0
TSHEBUZ7DHB8XBHV,849.0,764.0
TSHE72ZRHWDGFYHX,2499.0,449.0
TSHE9K9JEJBYHQQF,598.0,299.0
TSHEA7W9HFSF5J9Y,1049.0,499.0
TSHEYZEXMZAEVXZP,999.0,798.0
TSHE9CK2ZGPGYPUY,699.0,350.0
TSHE7733SQHBVHNY,799.0,799.0
TSHDXFEE98QCMGEF,899.0,718.0
TSHE2MEYYYQBTBEY,1499.0,499.0
TSHDZCZYMDX6BKQD,745.0,699.0
TSHE9DFQCTBYGEVF,699.0,419.0
TSHE5HYC72ZUCM67,1300.0,499.0
TSHE6UDNJQKNMFMR,899.0,718.0
TSHE9K9GGKSD5PKH,698.0,349.0
TSHE9DFQHXU8MYBA,625.0,625.0
TSHE6Z59FP4DMZJY,749.0,299.0
TSHECQN9GTNGTBD4,699.0,399.0
TSHEA7W9WVEDVHRB,749.0,329.0
TSHE6UDNVVUSHUBC,1299.0,1038.0
TSHEDZFRZRVADVAW,499.0,245.0
TSHDZCZYMDZHRBFK,845.0,799.0
TSHE75PWHVTUYRHM,899.0,629.0
TSHE4SBYPPK6GQMY,1295.0,550.0
TSHE993QAQMMRRHN,899.0,449.0
TSHE2MAEJSYE7ZQN,949.0,758.0
TSHE6KAJFZBKKHB2,299.0,299.0
TSHE993ZV3YVQXPT,899.0,449.0
TSHEDKKXH9SHHPEZ,1198.0,659.0
TSHEDZE6YUP8C4Z5,499.0,245.0
TSHE9799BCRZHFZC,899.0,359.0
TSHECJAYYZPBAQ6Z,499.0,390.0
TSHE9DFQDJ4HXRYK,699.0,419.0
TSHEF3Z3XKHHHAFU,699.0,418.0
TSHECXA5W8VFH653,599.0,399.0
TSHECU3FSRJK7XUU,899.0,899.0
TSHE9CK2TSF6SG2M,699.0,350.0
TSHE75NYHEN5UVGG,1299.0,1038.0
TSHECNDCGEXVZTXX,799.0,549.0
TSHE6UDNZGKVFW7G,1099.0,878.0
TSHEAQMBZZGAZ2W5,465.0,465.0
TSHE6JCXTCSZJ2N7,735.0,735.0
TSHE6KWCZDGYYZZH,760.0,299.0
TSHE9CK2BZVQEPEZ,699.0,419.0
TSHEAKUGCRNEMD2X,999.0,599.0
TSHE3GHHGW5USEBF,899.0,899.0
TSHE75PWKDH7NQBF,899.0,629.0
TSHE5W6UDHYGYUWJ,1300.0,499.0
TSHE5VVMHJQKMDPF,849.0,339.0
TSHE5QUQESZ6XHVR,499.0,349.0
TSHE9K9GQUKXGKXS,598.0,299.0
TSHEBUZ8DF9NKF5J,849.0,764.0
TSHEFJFZH4UG2FJT,699.0,418.0
TSHE993QZGSHMMTU,999.0,599.0
TSHE993QDGECZQW4,899.0,449.0
TSHEAMXMXYVWBZZS,1299.0,1299.0
TSHE993QWXFTDWDV,899.0,449.0
TSHECN7EWCVXSMRG,849.0,764.0
TSHDUXJ2ZR5ZU4HR,899.0,718.0
TSHEDF3JUVQTCG6Y,899.0,899.0
TSHECFE5BAUHKEGU,399.0,399.0
TSHE4SBYKJYNJKFG,995.0,400.0
TSHEA527SXPZQNKZ,999.0,500.0
TSHE993QRSCRRRVP,999.0,499.0
TSHE6KBGSBZKED4U,799.0,399.0
TSHEF3Z3NJMBCSVQ,599.0,358.0
TSHEDHVRVRZC4QTA,2298.0,2298.0
TSHE6UDNZXPYNS9A,1099.0,878.0
TSHE993QBM66SFCS,999.0,499.0
TSHE3H9TYXGMS6GV,999.0,299.0
TSHE66CG5ZDFMAAP,1199.0,349.0
TSHE6KWDTQRGEWQZ,649.0,299.0
TSHE75PXHVYKTZTH,1299.0,909.0
TSHE56TZY9FFG9AJ,799.0,399.0
TSHECJAYTZXP3JC6,499.0,499.0
TSHE7KBHSZGHUHHE,599.0,419.0
TSHE2N9P5TGKZ7WR,599.0,349.0
TSHE7KBM54F2ZQBF,699.0,454.0
TSHEABRNHHSWXX9H,1499.0,299.0
TSHE9K9JFHHCYGHE,598.0,299.0
TSHE9K9JNRS5UQZP,598.0,299.0
TSHE75PW27AMYKYJ,1299.0,909.0
TSHE6KAJYXYXZGBU,299.0,299.0
TSHE9CK2HHYWJ4E5,699.0,419.0
TSHE6KWCHQSQAKK4,699.0,299.0
TSHECFE5GWV8T9DQ,399.0,399.0
TSHE9799H7HGPX8Y,899.0,359.0
TSHEDHVRVZMGXKFW,2198.0,2198.0
TSHEF3Z3ZYJNMZZE,699.0,418.0
TSHE3GHHUHF8EKXG,899.0,899.0
TSHE6UDNFP5YUQ5A,1499.0,1198.0
TSHE3FCURHSWWGHR,999.0,499.0
TSHDVZHRWGGHMPZQ,1299.0,1038.0
TSHE993Q8AZGKPGX,999.0,499.0
TSHE4SBYUWBU7HUS,1295.0,550.0
TSHDZ6S2QPKKYVSF,599.0,599.0
TSHEAKUGZZTBMKDZ,999.0,599.0
TSHE3HHZNZRN6NZH,1299.0,779.0
TSHE993ZG5HXEEXC,899.0,449.0
TSHE9K9GNZKTJWGA,598.0,299.0
TSHECXA5UGE8GKJA,599.0,399.0
TSHE7S4HXCKGSXMC,599.0,599.0
TSHE7JZRKWTU9DGY,1199.0,719.0
TSHE2TFYYWH5CZNZ,1399.0,599.0
TSHE993QABMFPCAG,999.0,499.0
TSHEFJFZVADWKUVC,749.0,448.0
TSHE9CK29TZZWZQP,699.0,350.0
TSHE7JZRCXZFMD2B,999.0,699.0
TSHE72ZRY7GQRXYA,2999.0,499.0
TSHE993PM4ZSYGWE,999.0,599.0
TSHE2MEYXTHGZWE9,749.0,399.0
TSHE993QGRPNPFUC,999.0,499.0
TSHECXA5XB3RUJFW,599.0,399.0
TSHE3FCUPNHUYZWY,999.0,499.0
TSHE3HHZZMUH2HHA,949.0,758.0
TSHEAQMBU5NYB263,370.0,370.0
TSHE6UDNYVCFUSDE,999.0,798.0
TSHE5NYHUMXRYSEP,899.0,718.0
TSHE56TZZJGPFHGM,799.0,399.0
TSHE6UDNGPXJBJME,899.0,718.0
TSHE5QUQZHPC7YZY,499.0,349.0
TSHE4SBYRHZMTEQJ,1495.0,600.0
TSHEAGHK5UC4XDUT,450.0,382.0
TSHE993Q8M3TQZBH,999.0,599.0
TSHECX8URXGPV2XH,1200.0,1200.0
TSHE9U64Z98VMAAQ,799.0,599.0
TSHE8HQP8ZYSGD3C,699.0,419.0
TSHE56TZREBGGM83,799.0,399.0
TSHE5VVMQHKZH9QF,1299.0,1299.0
TSHED55V77G2Y9ZD,799.0,575.0
TSHECNEZVEKKY3AF,799.0,549.0
TSHE93RZVXZ4NCHD,448.0,349.0
TSHEA7W9TKGJGCKP,1029.0,499.0
TSHEAQMCE5APABEH,455.0,455.0
TSHE94UKZ8QVTMZJ,449.0,349.0
TSHE9K9GMGFREDGW,698.0,349.0
TSHE4CDEGAPTFXVK,749.0,291.0
TSHEDZH5STQ4FZGH,499.0,245.0
TSHDZ6S2XWQUHWZ9,599.0,599.0
TSHEDF3YDS9ZZDG7,899.0,899.0
TSHE993RZHBYAFD9,999.0,499.0
TSHE5HQFK4X4HCWN,499.0,349.0
TSHE993ZMDZSHZCY,899.0,449.0
TSHE6KWDDGM6GUZW,699.0,249.0
TSHE993ZUAGKQJHX,899.0,449.0
TSHE993PCPHHQPJC,899.0,449.0
TSHE9CK2NHJHUNHV,699.0,419.0
TSHE3GHHYM43TRP4,899.0,899.0
TSHE57PQFFYZFHGQ,799.0,399.0
TSHE6UDNX2TZGPZZ,849.0,678.0
TSHE7AX3NSFCWYNR,3499.0,749.0
TSHE9DFQFHZNFY5A,699.0,419.0
TSHDUXJ2AUQPGHZT,849.0,678.0
TSHECXA5DHGMXMYK,599.0,399.0
TSHE79CKEAV39QEY,3499.0,699.0
TSHDZ5ZJTQR6WBY8,1599.0,1599.0
TSHDVZHRYSGNPPHC,1099.0,878.0
TSHE7S4HH7YJUHP6,599.0,599.0
TSHE9DFQXVQ3QKQZ,625.0,625.0
TSHDVN8YTZGANFQY,899.0,718.0
TSHECJAYY4UK9SKX,499.0,390.0
TSHE7G27YV8WZUFF,590.0,590.0
TSHECJAYBRHZHFWA,499.0,390.0
TSHE993RJDDWEVDZ,999.0,499.0
TSHE6UDNDQWC7NCW,1399.0,1118.0
TSHE5NYHVHHEJTZ6,1399.0,1118.0
TSHE7KBMACNCBZFK,899.0,584.0
TSHE3EYCXNMCM9NN,500.0,500.0
TSHE6UDNXV8A76AG,849.0,678.0
TSHE3HHZZXWSKEFP,1249.0,749.0
TSHDZCZYY8SU7AGG,845.0,799.0
TSHEAQMCBHJEXJJY,465.0,465.0
TSHEYUPCREVUGBRY,999.0,798.0
TSHEDHVRZBJZZFRN,3497.0,3497.0
TSHEAKUGVBKWURFZ,1099.0,659.0
TSHEDHVRAZGUCGNJ,1898.0,1898.0
TSHEDF3JFJHZF7X2,899.0,899.0
TSHECJAYXWW4NQZZ,499.0,390.0
TSHE993QY9D9DENJ,999.0,499.0
TSHECJAY5CA24FJX,499.0,390.0
TSHE7KBMVFRKXA6N,699.0,454.0
TSHE6UDN2ZTZRZHF,1299.0,1038.0
TSHE993ZNGFPVMPQ,899.0,449.0
TSHE726PZPTQFNYX,2199.0,499.0
TSHDVN8YSJUYATFS,899.0,718.0
TSHE9K9GMYYKXV5C,598.0,299.0
TSHE993PWWRB2VWD,999.0,599.0
TSHE3FCVYHYRWECF,999.0,499.0
TSHE4YJMWWQXYN8H,398.0,398.0
TSHE993QXFEC4RTR,999.0,599.0
TSHE79CJSCXJGM98,3499.0,749.0
TSHEDKKXYGKVYABU,1198.0,659.0
TSHE993ZWSSQFX2E,999.0,599.0
TSHEDFXYDDSHTZMC,599.0,485.0
TSHE8HQPHFZGHMYG,699.0,699.0
TSHE4V48699JSKU9,299.0,299.0
TSHE9CK2G6PXY73Z,625.0,375.0
TSHEDHVREDQYJUTM,2398.0,2398.0
TSHE4SBYNSCU5QHE,795.0,300.0
TSHE4SBYYJJTQJMB,995.0,400.0
TSHE993QZUGJCNBM,899.0,449.0
TSHE9QSCDN6TFHZG,1299.0,714.0
TSHE3H9TBWATZGGX,999.0,519.0
TSHEA527MR7Q74YG,999.0,500.0
TSHE9CK2TZBUQGHV,699.0,350.0
TSHEDH3BWMDBCSE2,3499.0,899.0
TSHDVN8MYCSVX7YB,1299.0,779.0
TSHEYZEX9RDRHHGH,999.0,798.0
TSHECQN989AEQNPG,699.0,399.0
TSHE9HNYWEZDQTK3,1049.0,599.0
TSHE93RYDNZQPFP8,348.0,272.0
TSHE993QZ5W5ZCSG,899.0,449.0
TSHE6KAJQBTVGHVE,299.0,299.0
TSHEA7W9JAZQHYE8,1049.0,499.0
TSHE7AX4NZGFXC2C,3499.0,699.0
TSHEAKUG2YCBX4DD,999.0,699.0
TSHE2MEYEQPT4A7H,899.0,349.0
TSHE6KBGSTNZHJHP,799.0,399.0
TSHE9CGGP6VHNMZ5,155.0,155.0
TSHE993QZ4RNC5RS,899.0,449.0
TSHE9K9JVXV4QDQY,598.0,299.0
TSHED54CJGHWYHHU,799.0,585.0
TSHEBGGKNBC7H57G,999.0,549.0
TSHDTTQFUDGGDHB8,450.0,450.0
TSHEA527HFHHMN5D,999.0,500.0
TSHDVN8WUH2GDYWG,849.0,678.0
TSHE993ZZN6XATTH,999.0,599.0
TSHE993QYMD9FYKW,999.0,599.0
TSHE5NYHDUWKKFNF,1399.0,1118.0
TSHE7FMPZTQUGFX7,2599.0,499.0
TSHE6UDNZYFDDPJE,1299.0,1038.0
TSHE9CK2WEGTYMBC,650.0,650.0
TSHE9C3MZHGYM4YH,2647.0,499.0
TSHE57PP6HGJXZFV,799.0,399.0
TSHE93RZUFFHBCYC,348.0,272.0
TSHDVN8WRWGY4QZN,1199.0,958.0
TSHE993PJPXPVFKR,899.0,449.0
TSHED242DRARXGBJ,599.0,485.0
TSHE993RKXZDTBGZ,999.0,499.0
TSHECB2GBG3D2AWH,395.0,210.0
TSHEBJHYPWGUVYQD,999.0,499.0
TSHEA7W9VCKX2DSJ,1099.0,499.0
TSHDTTQFSGZUTURG,450.0,450.0
TSHE3F6KHN4RANB8,899.0,449.0
TSHE5K4YBGMUHQBM,499.0,349.0
TSHE2NMKT88GYMGH,749.0,399.0
TSHE99GW68KSPV3F,299.0,299.0
TSHE6KWDSPNRHFDC,760.0,329.0
TSHE6KWDYXYAYTZM,799.0,480.0
TSHE993QFWTCUVH2,899.0,449.0
TSHE967UWGU78PAC,299.0,299.0
TSHDX6XETYVH66WB,500.0,425.0
TSHE3EYCGHSXABPA,550.0,550.0
TSHE75PWGFSKTZ2E,1099.0,769.0
TSHE4SBY95TBEGGS,995.0,400.0
TSHE5NYHZY8JZDDF,899.0,718.0
TSHE75PWQCDT74JK,999.0,699.0
TSHE93RZP4N9SKCJ,348.0,272.0
TSHEF3Z3QGJSTFCR,699.0,418.0
TSHE4YJMZHNXAG4C,398.0,398.0
TSHE8HQPNBGJVF3C,699.0,699.0
TSHED54BMSMV9RJF,599.0,485.0
TSHE9QS7UNUZQKGD,1399.0,1399.0
TSHE9K9JTJFSRP8H,598.0,299.0
TSHDZ5ZJ5NNVQHT9,1699.0,1699.0
TSHE7G27HYYZPS6C,650.0,650.0
TSHE72ZRYBM7RRGP,2199.0,499.0
TSHE3FCURBAYWWBH,999.0,499.0
TSHECXA5ZHC5MYNH,599.0,399.0
TSHEAFE4YSHT5YMG,899.0,899.0
TSHDUXJ2GACZXFYD,849.0,678.0
TSHE6JCXUKQJGTZF,690.0,690.0
TSHE993ZZWDGKZ9A,899.0,449.0
TSHEDKKXUH4U9HXK,1198.0,659.0
TSHEF3Z3Y5X2V8CH,599.0,358.0
TSHDVN8Z8ZHXNXT8,899.0,718.0
TSHE5NYHPDVGNBJ4,1499.0,1198.0
TSHE7RZJMQBJ5VR4,625.0,625.0
TSHDUXJFZ2YWCP86,849.0,678.0
TSHE993QZARBQPZN,899.0,449.0
TSHE993ZGPGDDGKA,899.0,449.0
TSHEFJFYYKGSDA3Y,699.0,418.0
TSHE6KWDZSGWYGAF,699.0,399.0
TSHEAKUGPYQRKYUF,999.0,499.0
TSHE9CK2YKT7ZRQT,699.0,350.0
TSHE6KWDZRGJHNYA,749.0,399.0
TSHE9CK2SWWG3FGN,699.0,419.0
TSHE993PGVB8PJHM,899.0,449.0
TSHE3HHZ89EQTH5F,1099.0,659.0
TSHE6UDNZ787GK4X,1399.0,1118.0
TSHE993RV7GCHHFU,999.0,499.0
TSHE993QGZYGXHSK,899.0,449.0
TSHE2MESF3ATPA7G,749.0,499.0
TSHE3HHZMRJCRYSR,1299.0,779.0
TSHEFJFZQ3RX586U,749.0,448.0
TSHEA7W9GSBM8M2F,1049.0,499.0
TSHE56TZYJGAZTY2,799.0,399.0
TSHE94UKGAFFG8AH,348.0,272.0
TSHE5HQFAZWMC4PQ,599.0,399.0
TSHEAFE4JYYCPFDU,899.0,899.0
TSHE3H9TZK4YKMDG,999.0,299.0
TSHE5NYHA92RSHFY,899.0,718.0
TSHE79U6KPVXFGVX,3499.0,699.0
TSHE2MEY35FPXTJU,1499.0,499.0
TSHE9U64WFF82YHU,799.0,599.0
TSHE5NYHZAGBBSJY,899.0,718.0
TSHE5QUQECXWKZR4,499.0,349.0
TSHE72ZRZ872FWDC,2499.0,499.0
TSHE93RZRVHH3G5U,449.0,349.0
TSHE3H9TZJNYMHUW,899.0,299.0
TSHE3H9TMMFE6XUS,899.0,299.0
TSHE9DFQUYHNP4VZ,699.0,419.0
TSHE6UDNFQRS44FP,899.0,718.0
TSHEA7W9TVYZDGU6,799.0,399.0
TSHE9QSCAMVGPHXY,1099.0,604.0
TSHDZ6S2AG6EQXZZ,699.0,209.0
TSHE2EZ33QH8NUAV,899.0,718.0
TSHE5VVMMGZC7Z2T,1299.0,1299.0
TSHDVZHW34MQYAU3,899.0,718.0
TSHDZ5ZJZGF75KGA,1699.0,1699.0
TSHEAQMBZMPHHUGF,465.0,465.0
TSHEDF3JRKZPRZZH,899.0,899.0
TSHE993Q4AKCPAVR,999.0,499.0
TSHE7FR6HXQ5EZRB,700.0,700.0
TSHE993QYHHSZNZG,999.0,499.0
TSHE993QS7HSVPZR,899.0,449.0
TSHE7733WZHZYJGV,799.0,799.0
TSHEDH3BZMBVTYCA,3499.0,899.0
TSHE7FMPBRHBHZNX,2499.0,499.0
TSHEF3Z3XMJDZ7T5,699.0,418.0
TSHE2TFYZHJNMXSA,1399.0,599.0
TSHE79U6KZYGRWZA,3999.0,699.0
TSHE5QUQZWCPNXFG,499.0,349.0
TSHEA527ZPQQQMTZ,999.0,499.0
TSHE7FR6QVBUM7KM,600.0,600.0
TSHE993QSKSWRF76,899.0,449.0
TSHE4YPWDHUNQFSX,299.0,299.0
TSHEADZZB9MR2FA9,3799.0,759.0
TSHECJAYMQFXHVPT,499.0,390.0
TSHDZ5ZJ4Q7KGCDN,1599.0,1599.0
TSHE9T8ERVPWH8FK,999.0,449.0
TSHE9QSCV9QZMMZH,1499.0,599.0
TSHE9DFQVY7NABKV,699.0,699.0
TSHE993PXEDUUVXH,899.0,449.0
TSHE9K9GMNATW9U7,698.0,349.0
TSHDUXJ3VF5RTY7H,899.0,718.0
TSHE4V48YYCRRZDG,299.0,299.0
TSHE7FR6CRGFVCNS,600.0,600.0
TSHE993PGTYPA6ZC,899.0,449.0
TSHE3FCUZCZ9ZP3F,999.0,499.0
TSHE7KBH5J56JY4F,599.0,419.0
TSHEF3Z3FRYANZHJ,599.0,358.0
TSHE5NYHZHXJ7HEU,849.0,678.0
TSHE993QVMSS8QGY,999.0,599.0
TSHE993ZP9QGSJUQ,999.0,599.0
TSHE75PWR6HHC2ZU,899.0,629.0
TSHE75PWNHSC53VW,1299.0,909.0
TSHE7KBH65QU5PJE,599.0,419.0
TSHEF3Z3U8BATN3Z,599.0,358.0
TSHDUXJ2HFXVGJDW,899.0,718.0
TSHE7733QEWAFJRU,799.0,799.0
TSHE993R7A3ZBB6E,999.0,499.0
TSHE9K9JNHTDMG7E,598.0,299.0
TSHE9CK2YYHEYTGF,625.0,375.0
TSHE9K9KZBA2A2YX,598.0,299.0
TSHE993RBTWENFGV,999.0,499.0
TSHECJAYUH9ZHPXZ,499.0,390.0
TSHE9T8FCXUSMGVG,999.0,449.0
TSHE6UDNUXGJ9QWC,1399.0,1118.0
TSHE993RUZQFDEEQ,999.0,499.0
TSHE97E6DSFGUAQ2,899.0,359.0
TSHE97E6VWRHH8MR,899.0,359.0
TSHECXA56ZASM7WF,599.0,399.0
TSHEB96CXEUHVVT7,1399.0,1259.0
TSHE5NYHNFECZ9P6,899.0,718.0
TSHE6KWDNMJKKYZH,749.0,249.0
TSHEBJHYZFDHZPFV,999.0,499.0
TSHE993Q9T9EDPAH,999.0,599.0
TSHEA7W92TPXC6JH,1079.0,499.0
TSHE993RBQFQD7XC,999.0,499.0
TSHE5NYHDZ4GAW2G,849.0,678.0
TSHE7AX3WWZ2ZDEH,3499.0,699.0
TSHE993PFAZM7ZHK,899.0,449.0
TSHECFE5BX5VRGHP,399.0,399.0
TSHECJAYRBVQG4WC,499.0,390.0
TSHE9K9JTZQAWHK9,698.0,349.0
TSHE75PWDDUGBBYB,1099.0,659.0
TSHE5EGSHNVFUBFT,499.0,349.0
TSHE9DFQZ5Z8CKBH,699.0,419.0
TSHE6UDNVC85CGDR,1499.0,1198.0
TSHED656GZFVSYHM,999.0,350.0
TSHDZ5ZJ3QDK8ZNB,1599.0,1599.0
TSHE967U2HCH4PZE,299.0,299.0
TSHE9QSCZ2YTYRYJ,899.0,494.0
TSHEAFE4FUYTFGEG,899.0,630.0
TSHE6UDNZKSZH5BH,1499.0,1198.0
TSHED22GZJ8EXQQ3,799.0,575.0
TSHE4V49ZGMDUHT5,299.0,299.0
TSHE66CHJZFUGGX4,1199.0,299.0
TSHE9CK2GZVJGDSG,699.0,350.0
TSHE57PPXZBVHPHC,799.0,399.0
TSHE5NYHNJDRUHVZ,849.0,678.0
TSHDZ5ZJHZK3GFVR,1699.0,1699.0
TSHE993ZUTQWZHUU,999.0,599.0
TSHECFE5F7CSWKDA,799.0,799.0
TSHE5NYHZ2ZJSX2H,899.0,718.0
TSHE5HYCKRZKZAMH,1300.0,499.0
TSHEDHVRNSGHEHAR,1998.0,1998.0
TSHEAFE4SXHPGRZH,899.0,630.0
TSHE9CK2SCT4GZBD,699.0,350.0
TSHE2RX9HZRG32QQ,599.0,349.0
TSHDWMX7YP5GA9HR,799.0,799.0
TSHECFE5TZDAC68Z,799.0,799.0
TSHE5NYHNPT5CZKX,899.0,718.0
TSHEB96CEMMDV9BJ,949.0,854.0
TSHE9C3MTPMRK4MT,2647.0,499.0
TSHE2MFFGPTJK4PH,749.0,499.0
TSHDVZHZZYC2JQJB,799.0,638.0
TSHE9CK2UHXUFFWX,699.0,419.0
TSHE993ZGYZH2H8G,999.0,599.0
TSHECXA5RWFJP92S,599.0,399.0
TSHE7AX4UPZH2GT9,3299.0,799.0
TSHE6KWDZZTPGFMG,699.0,299.0
TSHECQN9EKMTM9FZ,699.0,399.0
TSHEDF3JRFZVHEKF,899.0,899.0
TSHE2MEZTMREWNFG,899.0,499.0
TSHECVF5GZWBG89F,599.0,399.0
TSHE9U6F9XKQB4CK,799.0,599.0
TSHE75PX6X9FZQZZ,1099.0,769.0
TSHE993QUPXWWPAY,999.0,599.0
TSHE3EYCJ37K844S,550.0,330.0
TSHE6KWDZJCPGGEZ,760.0,299.0
TSHE993ZVHPBWSRX,999.0,599.0
TSHDZ6S2RZYGB8PG,599.0,209.0
TSHE6UDN3FEZKTZZ,1099.0,878.0
TSHE75PWU7WK4CV4,1099.0,769.0
TSHE7AX4HHBXSGAC,3499.0,699.0
TSHE993QH6FUSDGZ,899.0,449.0
TSHE75PWHVW9CQBU,1399.0,979.0
TSHE2MAHWXTQGZQF,1599.0,1278.0
TSHE9CK2D83YM3WY,699.0,419.0
TSHEDH3BNTQQZAHC,3499.0,899.0
TSHE9CK22DFH4GFA,699.0,699.0
TSHE6UDNKTGYGZDG,1299.0,1038.0
TSHE9K9GKQCNY8G8,598.0,299.0
TSHE7FMPHXVJYUNN,2499.0,499.0
TSHE6KBGZGXWAXUF,749.0,399.0
TSHEAKUGFMCHKEGQ,999.0,499.0
TSHE6UDND6C66GFH,849.0,678.0
TSHE993ZCTZGT5P4,999.0,599.0
TSHE9HNXFFSGNPTG,1049.0,599.0
TSHE56TZZMNVTC7F,799.0,399.0
TSHEAQMATS7KBK7H,370.0,370.0
TSHE9K9GQYJVVJXA,598.0,299.0
TSHE72ZRWVRHY5MX,2499.0,499.0
TSHE26TJYTDZYSTY,649.0,388.0
TSHEAFE4ZGNJKAW8,899.0,899.0
TSHE6UDNUZ3PQBRB,1299.0,1038.0
TSHE75PWUJ6ZHT2M,1199.0,839.0
TSHEAMXNMGSVYYAJ,1299.0,1299.0
TSHE993RNRHRCKMF,999.0,499.0
TSHE8HQPRRAGNGGD,699.0,699.0
TSHE864GQUQQMSGJ,1399.0,349.0
TSHECQN9YZDWFHUZ,699.0,399.0
TSHE6UDNQA8QHUZF,899.0,718.0
TSHECQN9DGJWGW9F,699.0,399.0
TSHE7S4HY8K5WHUC,599.0,599.0
TSHE9CK2T6ZXXHD9,699.0,350.0
TSHDZ5ZJZHBKDFY4,1599.0,1599.0
TSHE93RZZRCXQQ3V,349.0,272.0
TSHE7S4HYXCHZZ4N,599.0,599.0
TSHE9KFZHUFGPHJE,598.0,299.0
TSHE93RYD5FX5MPW,548.0,399.0
MUGEHX88HHJ5UMG9,699.0,249.0
SRTEHX4ZTFBPGFD8,599.0,439.0
SNDEHW9HMGABQSEG,499.0,449.0
CNSEHWGRNCSHGNPC,999.0,449.0
SHOEHXEGYRZC2RK2,999.0,444.0
SNDEHW9GP5PQGYKH,499.0,449.0
MUGEHXDSKHGTDWBX,499.0,149.0
JEAEHWBYQCUYQABJ,1899.0,1899.0
SHIE9G7B4JPXJ9MT,1100.0,979.0
DEPEE6TY9ZYHQCTY,1299.0,974.0
SHIEAXGYUTQSUBUQ,3920.0,2352.0
DEPEE992T9RYUUHR,425.0,399.0
SHIEA4D3X89GGZSH,700.0,450.0
SHIEY9XFGAWF3TU8,900.0,655.0
SHIEBA6JHKDPJMG9,900.0,600.0
DEPEDXSYGHYWFHRT,750.0,399.0
ADPE9CJZQVCPDWHN,449.0,299.0
GVEEHTCCHHDYEUDG,899.0,299.0
SHTEHUY4DGTGAYBS,899.0,675.0
GVEEHSJGNGDWTGAF,230.0,230.0
LINEHDNYFGYZDBYN,999.0,445.0
SHTEHUY55ARGYFJS,799.0,599.0
TSHEHQZ8CVHNHMFA,1999.0,899.0
RNGEHQHNGF5Y8UGT,12000.0,8000.0
RNGEH6UCQNQGQNFP,5995.0,1319.0
CNBEGDYF8TXAQGXX,375.0,299.0
JCKEGKJ2CWZXXSYS,1295.0,637.0
JCKEGJZMWH8NS2JA,1599.0,799.0
JCKEGEXDFJQJFANC,2599.0,1819.0
JWSE6AQUKTEDZ9HT,3000.0,1499.0
SNDEAN42DDAZKQEN,1599.0,956.0
WATEAY8W9HGKFUUQ,999.0,329.0
SNDEAN42ZZ6QVCW5,1599.0,956.0
JWSE9CZDHWTBXYEC,2000.0,999.0
WATE96XZR5NRQFYX,350.0,199.0
SNDEAN43TPETYTYJ,1599.0,956.0
SNDEAN42PBZ5FGD5,1599.0,956.0
SNDEAN424G99YS2N,1699.0,1016.0
SNDEAN43ZMSHVGFV,1699.0,1016.0
SNDEAN42P4FWJMEH,1599.0,956.0
SNDEAN43H29SFSZU,1699.0,1016.0
SNDEAN42GHZZADGP,1599.0,956.0
SNDEAN42FPW9AEZK,1799.0,1076.0
SNDEAN43E84QK8AF,1599.0,956.0
SNDEAN42F8EP8NAR,1599.0,956.0
SNDEAN42V3MS4QV7,1599.0,956.0
SNDEAN42SPEAQHMA,1599.0,956.0
SNDEAN42GMX47ZC7,1599.0,956.0
SNDEAN42GP2R2CSX,1599.0,956.0
SARE5PHHH2MUJPWJ,899.0,399.0
SNDEAN43GJBHYSHS,1599.0,956.0
SARE5PHH6NAGANKU,899.0,399.0
SNDEAN42N3ZGBAHY,1599.0,956.0
SARE5PHHTPE98YNB,899.0,299.0
SNDEAN42EHGBRGRZ,1599.0,956.0
SARE86DZPAVZZ8S5,1499.0,599.0
SNDEAN42ZEEAZNNM,1599.0,956.0
SNDEAN43KRGHNGRF,1699.0,1016.0
SNDEAN43UCR5Y9CT,1299.0,777.0
SHOEAU84SQBHEMMV,1599.0,699.0
BOTEANCHTFMQHFTY,799.0,399.0
BOTEANCHQYNUFZKW,799.0,399.0
BOTEANCHAHNWUXKM,799.0,399.0
BOTEANCHNVJBQ9ME,799.0,399.0
BOTEANCHDYHQHHBT,799.0,399.0
BOTEANCH6ZZZHJVD,799.0,399.0
BOTEANCHFY7TGFKX,799.0,399.0
BOTEANCHRVE7K3CS,799.0,399.0
TSHE8GGKMTDFK6CR,1449.0,799.0
LJGE6NQTHF27G2JH,399.0,319.0
TSHE3YHBGYYEDCAF,799.0,799.0
TSHE3YHBSTHKCYS4,799.0,799.0
TSHEB78WDT9ZZFUS,1039.0,1039.0
TSHE7CMPDRUWCMGM,700.0,399.0
TSHE8Q4AZBZUFFSC,1999.0,900.0
TSHE8HH5JYAFANAN,1399.0,749.0
TSHE26PJVENGBGFY,640.0,640.0
JEAE6HJ3HUHUBRYG,2499.0,2499.0
ERGE72PV5ZJXYAS2,1000.0,399.0
JEAE6SRJHCD9XAD8,2599.0,2599.0
JEAEY8V9YS3DB8HH,1399.0,599.0
ERGE72PVVKHBQAQM,899.0,445.0
JEAE6SRJZGFE5F57,2499.0,1749.0
ERGE962QCUZZQKGJ,4980.0,980.0
JEAE7MP3UGHNPWND,2499.0,2499.0
ERGEACYRHAZAKU6A,2760.0,1379.0
JEAE6HJ3UCXHKRMY,2099.0,2099.0
JEAE6SRJA5NWDZDZ,2299.0,2299.0
ERGEACYR9HWYHVGK,1360.0,679.0
SNDE8AVMTGHYSJZH,499.0,249.0
SNDECBDZ6WGZ7MWS,795.0,549.0
ERGEFWVFXRF4YEJY,1499.0,599.0
ERGE26PHWGANWDFT,799.0,499.0
JEAEA26BDKC9YRC8,2199.0,1539.0
ERGEARH2MHB9HPHR,1760.0,879.0
JEAE7MP37JWJXAZH,2199.0,2199.0
JEAEA26BYZMVDQUR,2299.0,2299.0
ERGE8FV8X7FU8DDK,1650.0,780.0
ERGE78W7HYJ8HQWC,2250.0,999.0
SNDECEHH8CFBFRGF,1999.0,697.0
SNDE9X9DWFGHFGCH,1990.0,1990.0
SNDEAF3Y34EZRCMT,499.0,349.0
SNDEAF3YBRGZAFYK,999.0,500.0
CUTDTXFGNGUGSKXH,185.0,149.0
CUTDTXFGA4J2U7ME,1143.0,998.0
CUTDTXFGNMHJRUHX,1208.0,1087.0
SNDEAN423PJSMVY6,1599.0,956.0
SNDEAN42XPSZS7MN,1599.0,956.0
SNDEAN425GJ2ZHUK,1599.0,956.0
SNDEAN42AC9BKMHR,1599.0,956.0
SNDEAN42PCMFHQAR,1599.0,956.0
SNDEAN42SGFZADUB,1799.0,1076.0
SNDEAN42VGB7T4HZ,1599.0,956.0
SNDEAN429JSBWT8Z,1799.0,1076.0
SNDEAN42KZG2J7TF,1599.0,956.0
SNDECHZ6GBPCTXXT,3099.0,1394.0
SNDEAN42ZUDA4HVS,1599.0,956.0
SNDEAN42HMGHM3H2,1699.0,1016.0
BOTEANCH2W95YGWQ,799.0,399.0
JEAE6HJ3X7WGWHHM,2299.0,2299.0
JEAE7MP33MGCTPHK,2799.0,2799.0
JEAEARZGTW7AKJFY,1449.0,1350.0
JEAE7MP247GWNEMS,2199.0,2199.0
JEAE7MP2HBAZDWKU,2499.0,2499.0
JWSEAZYW44SCHHWB,4450.0,1650.0
CPCE8HMRQY7FTZZ7,1199.0,633.0
JWSEAH9VYCPHEYSH,1499.0,399.0
CPCE8P4VYNGASRFB,2149.0,919.0
BBAE4FG9AGXSPNS9,750.0,357.0
CPCE8PF9NSJSKGNB,1849.0,960.0
BBAE4FG965UCG9PG,650.0,297.0
CPCE8GHHCHUWYAWB,2149.0,984.0
CPCE89GHBHKDXSRM,749.0,510.0
BBAE87ZDKUS6XFTR,1350.0,459.0
JWSE63JGYBENHHYP,899.0,399.0
CPCE8AHXCVKUGCPT,2149.0,875.0
BBAE6HEHVQQYYTYJ,1000.0,297.0
CPCE8666AZZTSQM8,1749.0,819.0
JWSDZMA44VZZWZAX,2330.0,699.0
BBAE5SXX7RT8ZKWS,1076.0,369.0
CPCE69JGZ42PXPWV,799.0,404.0
BBAEB2GCT9ETYDN2,750.0,199.0
BBAEB44W3EZMTFTF,1250.0,299.0
BBAE4ZYKWR7GQ6WX,600.0,340.0
LJGE8VH9WWPBWM8E,1199.0,499.0
LJGE8VHA5RFHRRVD,1199.0,499.0
LJGE8TQ5MJPQHUVW,1199.0,499.0
LJGE8NS7AMHZZM72,799.0,369.0
LJGE8VH98NBUZRWQ,1199.0,499.0
SNDECHQNWBXDCYRG,990.0,990.0
LJGE8VH9Y8RUBGG7,1199.0,499.0
LJGE8VHAQSUQDC6M,1199.0,499.0
LJGE8GGFU6PVG7AU,1199.0,499.0
LJGE8TQ3NK74GUHF,1199.0,499.0
LJGE8GG6KPTF623H,1199.0,499.0
JEAEBXFPPEKSVGFD,945.0,845.0
JEAEBXFPT3NBTT5T,835.0,735.0
JEAEBXFP6JDDJYAY,945.0,845.0
JEAEBXFPMYH9ZCPQ,835.0,735.0
JEAEBXFPA5P5HCEY,835.0,735.0
CHDDY9JVKEGSGS4M,1300.0,700.0
JEAEB3UYYADANFGG,1299.0,779.0
CHDDW4RUMNAHUJCB,599.0,179.0
JEAEB3UYMT2KNGE8,1299.0,779.0
CHDDWG32ZYENVXEX,2995.0,299.0
CHDEYV2MYNAV6KG6,699.0,127.0
CHDEFJHEYC4DYMFP,480.0,199.0
CHDE3PBEFRSCE84S,8200.0,8200.0
JWSDZEQMNRKVQFDY,4800.0,1199.0
JWSDZEQMG7RYFKGZ,4500.0,1149.0
JWSDYQDEHVPZUYMZ,2999.0,799.0
ERGE5FG6ZJRPY7JM,999.0,799.0
JWSDZEQMRZXGT5KB,7000.0,1749.0
JEAEBY6FBXQZJBJC,999.0,349.0
JEAECYBVTGSXBD9X,999.0,599.0
JWSDZEQMYHWMPEJK,5200.0,1299.0
JWSEAP5VZGG2FUYR,3298.0,1499.0
TSHE3UZUHJEU7W5S,499.0,274.0
JWSEAP5VKVNKZE32,1978.0,899.0
SNDECHQMUCZFXXHZ,990.0,990.0
SARE8AHW2KFFNS2Q,3500.0,1699.0
SNDECHQMXYAEHBNH,990.0,990.0
CBKEAP6GUGQCPJRE,380.0,316.0
SNDEBGHBFVGJRFND,890.0,623.0
CBKEBVA8MF7FHGRD,295.0,295.0
CBKEAHJXVRRUDKFG,4680.0,2808.0
SNDEBGHBQQSVQZMJ,890.0,623.0
CBKEBVA8QZYNFFEJ,285.0,285.0
CBKEBVA88GDNS2HV,295.0,295.0
SNDDWSHKNEUHQSZS,890.0,890.0
LJGE8NS7A7HFB8JV,799.0,369.0
BLAE8YHUD3WYEH7S,1250.0,920.0
BLAE8YHUJYHGJYZE,1250.0,940.0
BLAE8YHUYQG5JBBF,950.0,840.0
BLAE8YHU6APGPWDC,950.0,840.0
WATE96XZGHMTEW7Y,350.0,199.0
BLAE8YHUHMGVWEXY,950.0,840.0
BLAE8YHUBQ8BXRZG,950.0,840.0
WATEBC25QGSHKFGB,449.0,249.0
BLAE8YHUM9YKCGT6,1850.0,995.0
BLAE68CV4Z6YZZHG,1240.0,840.0
BLAE7ZK96GZGSYVG,2450.0,1000.0
BLAEARKNZBBTPUYZ,1999.0,1099.0
BLAE5CFRWHH7UDVD,899.0,745.0
BLAE5YFQDXJESB3S,700.0,399.0
BLAE4H9UWEUNZKN8,1999.0,790.0
BLAEYEFN5HP5EH3Z,2950.0,1349.0
BLAE57Z4GZNGHY26,1560.0,949.0
WATEB3ZEPX4XYBHG,2499.0,244.0
BLAE7AYFVKKWYJAJ,2099.0,999.0
BLAE359K7HPHP3YK,1350.0,843.0
WATEAFG4PYZHTC52,949.0,225.0
WATE9FFUZWHGHYVG,1999.0,899.0
WATE7PYRWT8ZEY5Y,2399.0,1050.0
SARE3F6HTYNP7VGG,5800.0,3690.0
SARE3WVSJNZPM3NG,4199.0,1899.0
SARE3WVSRJETB4NS,4799.0,2399.0
JWSE7DGQTXCTQKYZ,3488.0,2114.0
HMBDQRTG6HB6WE99,1595.0,798.0
JCKE3BS9HZZYZNUW,1920.0,1449.0
SRTE5QHGPMKSPQCD,570.0,470.0
LJGE8NS7MBGTEFVE,799.0,369.0
LJGE8TQ5WGFXFFVK,1199.0,499.0
JEAECN2Q3HHDEJKD,10796.0,5299.0
LJGE8TQ4M7ZJVPGG,1199.0,499.0
LJGE8GGQAJ2USTSG,1199.0,499.0
LJGE8GG8PGXGFHUH,1199.0,499.0
WATE8BYH8NTPJ2ZC,499.0,299.0
WATEAQW6BGPU8JFJ,699.0,199.0
WATE69MYDNGXMHYU,999.0,389.0
WATE3FAG5KAHZZJP,2500.0,1295.0
WATEAGMMZDVEQGU2,499.0,199.0
WATE3FAGBMUANYJZ,2500.0,1395.0
WATE3FAGH3DKJSFC,2500.0,1395.0
WATE3FAGMKFBCTPA,2500.0,1295.0
WATE3FAGQZPGYYDN,2500.0,1395.0
WATE3FAGNDAJTYGJ,2500.0,1395.0
WATDW8E5PGWQUFWY,1999.0,799.0
WATDW8E59X6EQTJH,1999.0,799.0
WATDZ9CEM6F4KHTZ,2165.0,1948.0
ERGEY6NKT4DVMBWA,999.0,399.0
ERGE65VETWR6SZMH,999.0,399.0
WATEAY46DJ3HCEGF,1499.0,373.0
ERGDYGEUBUGZHEBN,999.0,399.0
ERGEY6NKDMSVGMED,999.0,399.0
ERGEY6NKWPFPHKBH,999.0,399.0
ERGEY6NKHB7KM36Y,999.0,399.0
ERGDYGEVZZDW9YCN,999.0,399.0
WATEBB94EB7AXYZH,1099.0,248.0
ERGEY6NKQZGN5XHY,999.0,399.0
ERGEY7S8B3S8U5JP,999.0,399.0
BOTEANCHFFCPENTF,799.0,399.0
ERGEY7S8WHURZNNW,999.0,399.0
BOTEANCHJFBASRUX,799.0,399.0
BOTEANCHSXYX32RJ,799.0,399.0
BOTEANCHR3YGCGFP,799.0,399.0
BOTEANCHXBAMZVMZ,799.0,399.0
BOTEANCHAS7NRBDZ,799.0,399.0
JCKECEBHEUHRNAEU,2199.0,1099.0
SHOE84EAMMT8WBW9,1299.0,599.0
SHOE8V4FJRJZGMCH,1999.0,649.0
LJGE8TQ3EW3GHWNG,1199.0,499.0
LJGE8TQ3HZJANSCD,1199.0,499.0
LJGE8VHAG5FHQKZP,1199.0,499.0
TROE879ZJVFHMSGH,499.0,499.0
WATEB795UJCGY7JZ,999.0,299.0
DRPEB78QBJGZTHHX,1869.0,699.0
ERGDXQPSSKEFQMX2,1400.0,1120.0
ERGE8H54UFMYHJAT,995.0,497.0
ERGE6G4RNZCSMAQ6,899.0,599.0
BOTEANCHYTGF2MXB,799.0,399.0
BOTEANCHDNKDTKGH,799.0,399.0
CBKEAHJXYMKYBFJC,558.0,464.0
CBKEAHJXFZTXMFZ9,898.0,579.0
MNTE6KZDS6KKNJZK,960.0,960.0
ERGE8F5RBKHFGHAQ,805.0,729.0
JCKEB9HD78Q8PEZY,2499.0,1249.0
KTAEBFQ6JYN6J9C3,2138.0,850.0
ERGE8E8N65ESMYHK,945.0,475.0
ERGE8D4Z9RQT6GSS,585.0,529.0
KTAEBFNM2EJSE6RY,2138.0,859.0
KTAE6NYGWKMXMX5G,899.0,539.0
ERGE8E8NWQZCRSDD,935.0,849.0
KTAEBFNMZMYC4PGC,2138.0,859.0
KTAE6NYGRCHMUJF8,899.0,539.0
KTAEBYMZKYFHRPJX,1957.0,899.0
ERGE8DXERJGS5KDX,695.0,629.0
KTAE6NYGBBSWHTSY,899.0,539.0
KTAEBFZJSZTZZSJD,2138.0,899.0
KTAEBYZGVEMAPZUB,2025.0,859.0
KTAEAZPFCRT3BADP,1912.0,750.0
KTAEBYMZXCUXPHSQ,2025.0,859.0
KTAEBFMFTAGEWSFZ,1957.0,975.0
KTAEAZSYVFJZZM9M,2635.0,950.0
KTADZCUTW8FFAD39,1345.0,941.0
KTAEBYYGZXSC2YRD,2362.0,899.0
KTAEBFNMZDVEZWQW,2362.0,850.0
KTAEBFPVNBPHFDFF,2138.0,850.0
KTAEBYMZZXMTKRGG,1957.0,815.0
WATE6KYGHHMDFFMK,650.0,275.0
WATE8RYEX8RTXHWW,699.0,289.0
WATE9PJWEQRUDBEM,599.0,340.0
BLAE8BUKAAY8ZKMA,399.0,305.0
JWSDZSF4MHRNFFPH,2812.0,1125.0
JEAECN2PAGXBTKPU,10796.0,5299.0
BLAE8BUK6BZGCR7P,399.0,305.0
JEAECN2QQX3JE2KS,8097.0,3899.0
JEAECN2PPHYYH9XF,8097.0,3899.0
BLAE7G5E48JZ6WJZ,599.0,495.0
JEAECN2PS9UZRFXV,8097.0,3899.0
JEAECN2QDGZMGFDC,10796.0,5299.0
BLAE8BUK4HQYGMPM,399.0,305.0
BLAE8BUKZ9SMGSDW,399.0,305.0
JEAECN2QK92QMAXJ,10796.0,5299.0
BLAE8B5GCSTMHHH6,399.0,310.0
JEAECN2P2RQNPWJK,10796.0,5299.0
BLAE7GRRK4KVS3HE,599.0,495.0
BLAE7GBFT9BKPG6P,599.0,495.0
BLAE8BUKXGJ3DHMG,375.0,290.0
BLADZEKGHBGJBMFY,850.0,529.0
BLAE8B5G4GWTBEEH,399.0,310.0
BLAE8BUKSV9QUBYT,399.0,305.0
BLAE8B5GQR2TWPY8,360.0,299.0
BLAEY6CMPWHHNMZQ,850.0,529.0
BLAE7ZARKHFBHYE8,1599.0,980.0
BLAE5KYSAZ6QNEXV,1999.0,550.0
SNDECHQM4CGAXJXW,990.0,990.0
SRTEAZHF887GRVUG,499.0,499.0
SNDECHQMJ55YZR8K,1690.0,1690.0
SNDE9X9A94PP36NZ,1690.0,1690.0
SNDE8HPWZAQXVGGK,1290.0,1290.0
JEAEACG2S5WC48GY,1599.0,699.0
LJGE6NQTNCPZSP77,399.0,319.0
WATE4CP8CEDMSXEF,1895.0,735.0
JEAE6HJ3RVFYEZTC,2499.0,2499.0
JEAE6SRJX3Y8FHN5,2599.0,2599.0
JEAE6SRJARFVMSJS,2299.0,2299.0
JEAE6HJ3XFZG5TWG,2099.0,2099.0
SHOE9AGSGZQNEXGD,2699.0,999.0
LJGE8GGDFABZZRP5,1199.0,499.0
ERGDXGXPRPG6XA8D,1200.0,299.0
ERGEY7SABUMYKSUU,999.0,399.0
CBKEBVA8QTGJWDEP,295.0,295.0
CBKEBVA8S2FDDMG3,295.0,295.0
CBKEBVA8DNSJG8R2,285.0,285.0
CBKEBVA8HMA7XDQ6,285.0,285.0
CBKEBVA8AK2MYZS3,295.0,295.0
CBKEBVA8GARHH3QM,300.0,300.0
CBKEBVA8UHTEAUHF,290.0,290.0
LJGEYFMPE7HY6H5Q,755.0,499.0
CBKEBVA88HURBNHA,285.0,285.0
CBKEBVA85AYXDACT,295.0,295.0
LJGEYFMRM5YFDPZN,1060.0,749.0
CBKEBVA8T4XKGFUK,295.0,295.0
SRTE7PSS3H65G5PP,1269.0,899.0
LJGEYFMPZVHQ83AC,755.0,499.0
SRTE7PSSPGNDZEQK,1329.0,869.0
CBKEBVA8B4SZJVKY,285.0,285.0
SRTE8M6RTHH2DZKP,1699.0,919.0
SRTEB6D5EHYNWKHR,999.0,449.0
SRTEB6D5B2YCVZP8,999.0,449.0
CBKEBVA8MKH3MG4W,295.0,295.0
CBKEBVA8UFVHZDEC,295.0,295.0
ACCECMYMWEKHADVG,999.0,599.0
SHIEAU6YY2FY4XXX,1447.0,449.0
WATE6XU7E3D28FJH,2400.0,2100.0
SHIE94XF77YFAHZC,1075.0,899.0
ACCE4HJZJYY9TWVF,712.0,712.0
SHIE8TFNMRZHATFH,1075.0,799.0
HMBDUMZYCW3EDWVJ,2200.0,999.0
WATE7QKBJMGNXQRQ,2400.0,2100.0
WATE6XU7GKU8KMGZ,1900.0,290.0
ACCE6BHRYYVDHNBZ,1199.0,340.0
WATE7DZGSSXCGMH7,2400.0,540.0
WATE7DZGWYXWJHKV,2400.0,440.0
ACCE2V5AZJ6UHPFW,425.0,110.0
ERGE8JZKE7HJWNSH,999.0,599.0
WATE6XU7XPYF5XYA,2500.0,995.0
FDUE6ZHHEEHEHRQD,206.0,154.0
ACCEFABMRTNCSHJ8,1199.0,499.0
WATE7DRRVA8A4CHC,2400.0,440.0
ACCEYSQ9ZP8B9ZE8,899.0,899.0
ERGDYDU2Z8JHKKRJ,299.0,299.0
FDUDWG2WAGB5ZRRX,500.0,399.0
WATE7QKBYZGYYF43,2100.0,1500.0
ACCEYTXCGP4W36VY,399.0,175.0
FDUE6ZHHR9AAKU2B,206.0,154.0
WATE7Y9VUQFYQWFZ,2900.0,2100.0
ACCE8ZY8JUNZHSHW,1090.0,585.0
WATE75EHNMSYBHHA,1600.0,290.0
ACCE4WJKQGGVYGT4,299.0,85.0
WATE75EHQFGUKVZQ,1600.0,1290.0
JWSE8NNC75KBDFSX,3500.0,1050.0
LJGE8NS7A3RNHBNF,799.0,369.0
ACCE24MCBZCRCNBH,275.0,99.0
WATE6SDQDBQRCZMG,2500.0,1990.0
JWSE8FGAKEAQKHHA,2200.0,825.0
ACCE6BHRE3QKFRJJ,999.0,499.0
LJGE8NS7MQMKXJPD,799.0,369.0
WATE6XU7T4WYMHVQ,2100.0,390.0
ACCE26U2UDT3WUEN,999.0,399.0
JWSE92VHWFEFEQQN,3100.0,1050.0
LJGE8NS7Z5TQPGZ7,799.0,369.0
ACCEYYX9Y5K8GGXZ,549.0,149.0
WATE75EH59GHBP9Z,2100.0,499.0
LJGE8GGQMCWABTHB,1199.0,499.0
ACCEYWF8SHVQDXP4,249.0,99.0
JWSE9EAEJKYA9QF3,2490.0,820.0
ACCE2X5HEHGF9XYA,490.0,149.0
ACCE6RHSYPAB8TBH,1499.0,440.0
ACCEYYFYNFKKTZSZ,199.0,79.0
ACCE2DCZ8TAFNEAP,399.0,199.0
ACCDYHPHP4EHDHYC,999.0,598.0
CPCE8PF8EGKCKYRF,649.0,495.0
ACCEFABMA6VHDRTY,999.0,598.0
CPCEBS8ZZHECSSZW,2195.0,1431.0
CPCE8VZFRPNUFFGE,2149.0,919.0
CPCEBS8ZRY7DHFGG,2195.0,1431.0
CPCE869CHX7EZM5T,2149.0,919.0
CPCE8AHWQGM87DFC,2149.0,875.0
CPCE8VZFDGUEJGXH,899.0,529.0
CPCE8AQQRAGEZP3C,2149.0,875.0
CPCE8PF9EGY9TVY6,2149.0,919.0
SNDECHQMAQCZ4CMH,1490.0,1490.0
SNDEBGYMXGTC7BUG,1499.0,749.0
SNDE86G3DBFAVSFE,1390.0,1390.0
JEAECN2PYNWRQEGK,13495.0,6599.0
BTWDN9FZJWX4TBMZ,638.0,425.0
JEADYGM9QKC9GSAC,1990.0,990.0
JEAEB969SDQ5ZXUQ,6495.0,3897.0
BTWDYMY2AY556WZV,149.0,149.0
JEADYGM9AFTXAH7J,1490.0,990.0
WATE9MXPNCGYHEK3,899.0,289.0
BTWEFZ4V9VFX8FAH,799.0,599.0
BTWDZ4SQHYMB8XEX,799.0,499.0
ERGE8F5R8G5ZNFGX,715.0,649.0
WATE8RYEZ3EZARFY,699.0,329.0
ERGE8DXEEWK3X9TF,745.0,675.0
BTWEFZ4VD6THQHVH,799.0,599.0
WATE9MXPZEEPXGAU,700.0,275.0
ERGE8E8NXYT5QZXK,525.0,475.0
WATE9MXPDDFGKUKK,345.0,199.0
ERGE8E8NDTPUFFWQ,985.0,895.0
WATE9MXPJ9T3HM36,799.0,225.0
WATE9U6YRGHB4HN6,799.0,225.0
ERGE8D2C6PGHPR2V,1035.0,939.0
WATEAD5CKKPTFHYH,1295.0,499.0
ERGE86NTSCGHJD2G,449.0,409.0
ERGE8E8NHDWAZBF6,1019.0,915.0
ERGE93UZASHTUYFD,1196.0,379.0
WATE9MXPJRBNAM8T,775.0,265.0
WATE8RCBZ5CP9FYJ,499.0,239.0
WATE93RZKGEQEY7D,499.0,269.0
WATEAD5CNBH7YGZE,1295.0,499.0
WATE9U6YMU7T2EBG,799.0,225.0
ERGE8D4ZHZRSHVEC,1009.0,915.0
ERGE8D2CERS7JRYH,985.0,895.0
ERGE8DXEFZFAZSYG,1155.0,1049.0
ERGE86NTHPZJKK65,449.0,409.0
WATEAD5CGFUAZAMS,1295.0,499.0
ERGE8D4ZWMRAXKJ7,885.0,805.0
WATE8HU2ZJEJS92Z,999.0,449.0
WATE6HFX3RF49ZH4,1999.0,399.0
SHTE34TJTDDGP8TH,1299.0,909.0
SHTEB4MHWGHHYZMV,999.0,475.0
SHTEB4MGZCZKGAJR,999.0,475.0
SHTE6Q3KZ8TABHGN,699.0,449.0
SHTEBG6ZGKAWFWKT,1990.0,1990.0
SHTE26TUZDSTAMKN,950.0,550.0
SHTEAVZTJAZMZPFX,900.0,500.0
SHTE8QA8DKNU6NUA,999.0,400.0
SHTDWPYWHCVZ2HUB,799.0,499.0
SHTEYPJASSGVYW3U,1999.0,349.0
SHTE34TJVTPCMB2N,1299.0,909.0
JEAECN2Q57NX4WFF,10796.0,5299.0
JEAECN2PKFM8G8SW,10796.0,5299.0
JEAECN2PWZBZPWQN,10796.0,5299.0
JEAECSU3VZGGYMNE,1499.0,899.0
ERGEAHENHJPT96SE,1950.0,999.0
ERGEYTTPYVDBXKQK,3300.0,1899.0
ERGE6Q2JZNHTCTCX,3150.0,1749.0
ERGE6JCKEHKQUHFB,4400.0,2399.0
JWSE7Y7TGZXMFWRK,899.0,499.0
WATE73KDCHSTRMRH,499.0,239.0
SKIEAUABAREMXMD4,1499.0,750.0
ECMD9YGUDNHZCHZ5,1400.0,840.0
ECMDQBY28WDJQDWA,2000.0,2000.0
ECMDUEKAVNRZGTAS,2400.0,2400.0
NPYEAUJJVHRRKDDG,599.0,599.0
LJGDYQ2HJBTWXYJB,599.0,381.0
CBKEBVA8FSYCT7NJ,285.0,285.0
LJGEYFMTXDEYDVVF,699.0,499.0
LJGDYUH2GZEDJVSC,320.0,252.0
LJGDYRGXGFTATWPT,350.0,269.0
LJGDYQ2HQQGVHHXG,999.0,381.0
SRTE8M6RTYZVHMWR,1799.0,1019.0
LJGDYRGXBYPECFDV,350.0,350.0
SRTEB6D5QDGYZJGV,999.0,449.0
BAGDXDN4ZHH7XTDE,1199.0,785.0
BXRDZMHE4JPGHNN3,799.0,299.0
BAGDY6DXVHYBVQPN,1200.0,799.0
BXREARABPBQV65R5,549.0,389.0
BAGDY6DXXV7FZHQY,849.0,699.0
BXRE7V7C8VGKVUT2,549.0,289.0
BXRE798Y96MZMP97,549.0,289.0
TSHE3UZUY6SNFGZZ,499.0,249.0
BXRE7V7CYZGZA5JU,549.0,289.0
CSPE7MZDXTGHMJHR,1290.0,903.0
BXRE7YHJVCUKHKF7,999.0,549.0
BXREAZG5AHWJBSED,1599.0,749.0
CSPEA44G2GGDYZ9V,249.0,249.0
CSPE9BQ5UEGGKQBM,525.0,394.0
BXRE6GAZFBFQJZBD,299.0,275.0
BXREAYZYHTRA7PYW,899.0,599.0
CSPEYCFQHPFCEQ23,199.0,199.0
CSPEYGH6WW5U5DNT,699.0,499.0
CSPDSU5QKRPTGZGH,1795.0,1795.0
JEAECSSZGWZ7GF3N,1499.0,899.0
JEAECSV8MB6SKWTA,1499.0,899.0
WATE5ZJZCGQUNQYF,275.0,199.0
LJGE8ZGVCJZEZNGX,699.0,479.0
LJGE8GG2TDDATASC,1099.0,459.0
LJGE8GG8ZCGZHEUH,1099.0,459.0
LJGDYSQ5QT6GTXZD,700.0,650.0
JEAECSSZNZH9DTGP,1499.0,899.0
SHOE9ZZX59MFJ9WK,4999.0,4999.0
WATEAFFAYYAHCDQF,1199.0,241.0
JWSE7Q2JFBKVSFSK,2850.0,900.0
JWSEA3VJEGJFVYQF,1599.0,725.0
JWSE8JZKJHY9JNYU,2000.0,700.0
JWSE88HJYUQG2JSC,1999.0,800.0
JWSE8GXKATFTFW3S,1900.0,775.0
SNDE3TJT5MNHBFJB,999.0,499.0
JWSEA3VJDXQ9ZCRH,1899.0,750.0
SNDE5NEG9ERGSCZM,1790.0,1074.0
JWSEA5GVEMNZ6FZ2,2750.0,900.0
SNDE4GFHSK7FSFTK,1490.0,894.0
JWSE9FZHVHMC7GEB,2750.0,850.0
SNDE5V33TFHJZAY7,1790.0,895.0
SNDE5ZMYKNRPH4TQ,1790.0,895.0
ERGEA5DYQ9KUZNAK,466.0,466.0
SNDE5V33H2FZMPQ4,1990.0,1194.0
ERGDZTBPE5Z9963W,299.0,299.0
JWSE9P6CZPCE8GVQ,2300.0,875.0
SNDE5Y8JBGF2MFBV,1890.0,1134.0
SNDED4G9SBG4BZY7,599.0,439.0
SNDE6678HFJTZCX6,1790.0,895.0
SNDEBHZUXA7JDEZZ,499.0,389.0
SNDE2CBMT3TMXHQS,1399.0,699.0
SLBE9TGY5CDHUNZR,449.0,449.0
SNDE2GQNASST6VPS,1599.0,649.0
SLBDZ4Z6PKKRGUKM,399.0,359.0
SNDE6GFVKTW2HXRN,1950.0,1499.0
SNDE6GFVBCFEKYGE,1950.0,1699.0
SLBEAZEMG4DR4H8R,499.0,449.0
SNDE5V33PWZAGZDY,1790.0,1074.0
SNDE72HHUHSAGFQ2,1750.0,599.0
SLBEAJZT8RVCKNMG,599.0,433.0
SHOEFZZ2BXQCHGE6,2070.0,828.0
SNDE4GFHSF4B8FWK,1490.0,894.0
SNDE5NEHSBZUYMJZ,1460.0,980.0
SRTE7PSSCM2H43MC,1429.0,959.0
SNDE6KRTNGDXVHUK,1399.0,499.0
SNDE8TQCPFCHRTGV,2995.0,2995.0
SNDDZK5FHH85BUZN,1695.0,999.0
SRTEB3XAW3GE62YX,899.0,719.0
SRTEB3XANNAGW2BX,899.0,719.0
JCKECKEXESQHR4TS,2499.0,1199.0
SHTEBZU8AGESEXBG,1595.0,1501.0
NSTE8FZ2WYVWAY3N,585.0,475.0
CBKEBFJX7YMGHAWS,1560.0,936.0
JEADYGM9UJTDSCXH,1990.0,990.0
CBKEBFJWFQZZ2KGZ,600.0,504.0
CBKEBFJXQJZDCUPB,630.0,523.0
CBKEBFJWZX38FQSK,600.0,510.0
JEAECN2PHAGBUNF9,10796.0,5299.0
JEAECSSZWFE7B9EK,1499.0,899.0
CBKEBFJWGCTVNSVJ,600.0,510.0
JEAECN2PCKQM9WAH,10796.0,5299.0
CBKEBFJXCJQ7KEWK,1755.0,1053.0
CBKEBFJX8YRPET5H,950.0,570.0
JWSE2J29CCGMJFKH,3898.0,2860.0
JWSE2H9PMKGZ5YCS,7498.0,3980.0
JWSE8F4UXF3YUTTK,4499.0,1399.0
CBKEAHJXYZ5EHUFX,650.0,546.0
ACCDX3JWUTZPTARY,1399.0,699.0
CPCE8URTHJE6AK3N,2149.0,984.0
LJGE8VHABQM9Y57W,1199.0,499.0
ACCDXM7XJHDBTH3X,1999.0,949.0
JEAECSV8QADPGRSY,1499.0,899.0
CSPE28YH7GU42FHS,499.0,199.0
CBKEBFJWGWZMXZJJ,600.0,504.0
JWSE7N8MJMHXHXV9,4699.0,2345.0
ACCDXM7PNZGBNTEA,1999.0,949.0
CSPE7DNYTXTNXXZ8,260.0,260.0
CBKEAHJXFPYSJR5F,650.0,546.0
ACCDX3KYV5FEVMGY,1399.0,699.0
JWSE78FFPZBKYKZK,3800.0,3420.0
CBKEAHJXUF3XZVC2,1110.0,666.0
CSPDZ4U8E6ZGZNZ8,699.0,299.0
ACCDXQQGRWYGJCKS,1999.0,899.0
CBKEAHJXWFGBPQZX,655.0,544.0
CSPE8HGDJJZPMBYX,351.0,149.0
ACCDXM7T4CFQW8DV,1999.0,949.0
CBKEAHJXBZEJJ8JN,555.0,461.0
CSPE6XYVRSBX64PN,618.0,289.0
ACCDXM7ZQQVUU8SN,1999.0,949.0
ACCDWJFYSJSH6X4Q,1399.0,699.0
ACCDWJ8US3VAZSH8,1399.0,699.0
CBKEAHJXFFYVFVWM,540.0,449.0
CSPDS8XMXBU5EQRT,349.0,279.0
PENEAHKS3HCS9E3F,995.0,995.0
PENEAHKSY6WJ9JAG,995.0,995.0
ERGEYQF2NYM9EGWG,999.0,299.0
ACCDX3K2FTG9TNPZ,1399.0,699.0
CSPEYCFQDKNWBMVX,199.0,199.0
PENDTRFZ3YW9SVVV,960.0,960.0
ACCDX3KFD7H6VWJ3,1399.0,699.0
CBKEAHJXZWXBTHYC,1110.0,666.0
ERGE8DXEJRT483ZQ,1019.0,925.0
CSPE4YM5PRMTEKHN,230.0,189.0
ERGE8D4ZHH8RX5K8,695.0,629.0
PENDTRFZGSCY6CBM,1140.0,1095.0
CBKEAHJXW4AFN4G7,1255.0,929.0
ERGE8D4ZWCHS3F7Y,745.0,675.0
PENDTRFZPDXS8WWZ,960.0,960.0
ERGE8F5RGXVZEZZG,805.0,729.0
PENDTRFZ5D7EAQS2,720.0,640.0
PENDTRFZXAHNEPAB,480.0,480.0
ACCDWRBGSZJB6GRY,1399.0,699.0
CSPE8H58BSZUHGWH,1854.0,579.0
CBKEAHJXYGJHFCBT,4840.0,2904.0
ERGE8D4ZCVTXFTMH,885.0,805.0
BBAE9JAZJP8ZHNBX,1600.0,399.0
PENDTRFZAXHCGKF3,960.0,960.0
ACCDXM7WAYJUHM3S,1999.0,949.0
ERGE8D2CWKG32WHH,1035.0,939.0
CBKE9HPG9PECGHCV,490.0,407.0
BBAE7XF3YCY4JRQU,6500.0,1599.0
CSPEBDSAKJNFRWHH,999.0,419.0
ACCDWRBGHTDGF8HK,1399.0,699.0
PENDTRFZ4HFPH8SN,720.0,720.0
ERGE8DXEHJWAA9GF,945.0,859.0
ACCEYPE9VGPQ9GGC,999.0,599.0
CBKEAHJXG8EJYDY6,1310.0,786.0
BBAEAKYFXTAFYY8Y,998.0,499.0
ACCDWRBD8TQYUZX7,1399.0,699.0
SHOEAVZPFZTFHHRP,1799.0,699.0
ACCEYMFJFNGPHMVW,599.0,599.0
ERGE8GRYK62QXKAX,915.0,829.0
CBKEAHJXHGQNG4H9,435.0,362.0
ACCEY8V2JXPN42GY,650.0,270.0
ACCDWRBGW9XNZDGP,1399.0,699.0
ERGE8D2CTZQMGFFW,789.0,719.0
CBKE9WKTKZDY7GGH,490.0,407.0
SRTEAJNWE9A2SGUZ,399.0,299.0
ACCDZNNDA7FHCYJF,849.0,149.0
ACCDX3JXQABHPVPK,1399.0,699.0
SRTEAJNWJ4KHCRXE,399.0,299.0
CBKEAHJXAZKUNPSP,490.0,407.0
ACCEFAG9SWHGCHJD,799.0,250.0
ACCE2H9R2PKF679Z,700.0,269.0
CBKEAHJXG59ZQPH4,470.0,391.0
ACCEBFZGSNMR6SKF,349.0,330.0
ACCE697REAZQVV8H,700.0,299.0
ACCEYGZVZRV2HXNM,599.0,499.0
CBKEBVA8H7KPU6HK,285.0,285.0
ACCEBYWYDYHDZYDK,249.0,249.0
CBKEBVA8DAKZKSGD,285.0,285.0
CBKEBVA8V8KQCCX4,295.0,295.0
CBKEBVA8QTREQRYP,289.0,285.0
CBKEBVA87XJXEBCM,290.0,290.0
CBKEBVA88B8NEHGV,285.0,285.0
CBKEBVA8DYGRGZPS,288.0,285.0
CBKEBVA8THHJYWRF,285.0,285.0
CBKEBVA8ET8EDCCA,295.0,295.0
CBKEBVA87QPSX25Z,289.0,285.0
CBKEBVA8C7SF4RCW,295.0,295.0
JEAECSU3AYH5PAEY,1499.0,899.0
JEAECSSZXAGXSFUQ,1499.0,899.0
ERGE6X5EKZUPEETX,1900.0,278.0
ERGE8HNAFGZK8WMU,700.0,525.0
ERGE4R887MEWYRHY,1510.0,604.0
ERGE6ZAUCUF9GH8C,799.0,399.0
CBKEAHJXNHWVZUKE,2975.0,1785.0
CBKEAHJXJQUY9EMV,600.0,504.0
CBKEAHJXMEPMFTQY,555.0,461.0
CBKEA9HYUXZEYXAH,990.0,594.0
CBKEAHJXUTDPXNFP,715.0,470.0
CBKEAHJX45HWRYB5,545.0,453.0
PENEAFA9SFMFMZGS,150.0,145.0
CBKEAHJX6HTXHG9Z,555.0,461.0
PENDRVJZVG6FYFTW,120.0,120.0
CBKEAHJXV4ZEJ5MS,710.0,467.0
CBKEAHJXTHPQMFHD,1025.0,615.0
CBKEA9HYZSMQUVYM,1380.0,1021.0
SRTEAHH2HK7NQS98,399.0,299.0
CBKEAHJXRXXV3RBY,495.0,411.0
CSPEYPK6PFEGFWRQ,239.0,239.0
ERGE6FMYXWV9BDJU,396.0,198.0
BBAE826BRNZP6CGP,555.0,198.0
BLAEAWAAU4YGAABS,5999.0,5999.0
BBAE826BYDDRBBBV,650.0,198.0
BLAEAWAAKYGNVWPC,7499.0,7499.0
BBAE826BG9W2VGPN,810.0,297.0
BLAEAWAAY4BKZDS3,5499.0,5499.0
BBAE6TC7ZBZNFKTF,2000.0,599.0
BLAEB3XACYHKJGTZ,5999.0,5999.0
BBAE7Z93PGGAD2ZH,700.0,500.0
BLAEAWABSWRWCV7V,5499.0,5499.0
BBAE6J8SWPAUGXNT,1500.0,369.0
SHOE5QZ2KHYSXCZR,1350.0,399.0
BLAEAWAB6GVKTJGW,8999.0,8999.0
CBKEBVA8WFWXSYBJ,285.0,285.0
BBAE7Z93CDHMJEZU,500.0,300.0
BLAEB3XAHPYXYMZN,1999.0,1999.0
BBAE8M4XNFPWUVAF,1000.0,500.0
BLAEAWABHH3G8ENS,4999.0,4999.0
BBAE5TWJQGKMJYGQ,1100.0,369.0
ERGE4DSXWKPRMJPY,2480.0,1880.0
SHOE7NJSGVYAUEGN,998.0,499.0
BLAEAWABVGFNW3CJ,3699.0,3699.0
WCKE56UCWPSXZMZS,1299.0,799.0
BLAEAWAA4EZN6YFG,5999.0,5999.0
WCKE56UCFX5EG9ZK,1299.0,749.0
TSHEA48ZTJBQGKHN,499.0,250.0
SHOE9ZZPWCGGZAWP,8999.0,4499.0
BBAE8M4X9GA77PAD,1000.0,500.0
ERGE3Q7TWPZNVTRG,1480.0,1350.0
WCKE84H8CZW3H9TD,2199.0,1153.0
BLAEAWAASKHYTEGV,3629.0,3629.0
BBAE7Z93RYAJP662,700.0,500.0
BLAEAWABJY2DNWHJ,5599.0,5599.0
SHTEAYPGFENJZZR4,1420.0,699.0
TSHEA48ZYPVEEPQ6,499.0,250.0
ERGE44U9QGSFRFGT,1380.0,1242.0
BLAEAWABMNZFGGYJ,8999.0,8999.0
WCKE26PFMUP4EDAA,1299.0,749.0
TSHEA48ZVHUBNESV,399.0,200.0
TSHEA48ZXH82HTUD,499.0,250.0
TSHEA48Z73YRUPPH,399.0,200.0
BLAEB3XANVZX7KXN,3999.0,3999.0
ERGE3RHDKXKNF9TS,1380.0,966.0
WCKE56UCUA7M9VUZ,1299.0,749.0
TSHEA48ZB4SSNUNT,399.0,200.0
WCKE56UCHZHJZP6B,1299.0,749.0
WCKE56UC5GGHFVSF,1299.0,749.0
ERGE8KNATYAUEM5J,1999.0,945.0
WCKE56UCNM48AHDZ,1299.0,749.0
BLAEAWABZ5GADHAX,3799.0,3799.0
ERGEACF2BQZ8CMGC,1467.0,440.0
TSHE9WVUXFNFXYPZ,699.0,199.0
WCKE56UCYBASJZUZ,1299.0,749.0
BLAEB3XA82K6JBCA,5999.0,5999.0
ERGE865HYZYG3ZTX,3280.0,1895.0
TSHE6VH6CWRYGMJ3,699.0,349.0
WCKE56UCJ9PHCVGY,1299.0,749.0
BLAEB3XAHTXNWVSC,3299.0,3299.0
TSHE6VH6XSWDJ8YK,699.0,349.0
ERGE3Q7TWYWJDHYU,1980.0,1386.0
WCKE56UC6FHRF8TH,1299.0,799.0
TSHE6VH6HQ9NKYRG,699.0,349.0
BLAEAWABPWE6CUJP,4999.0,4999.0
WCKE26PFZBV5TZH4,1299.0,749.0
TSHEBCKMEMWZZAAP,650.0,300.0
BLAEB3XAKHKYN5SX,5999.0,5999.0
WCKE23K4EUMSGH4F,1599.0,699.0
TSHEAZFBRPJFTB62,499.0,499.0
WCKE56UDREZAVX5V,1299.0,749.0
BLAEAWAA2BHQUZRG,5999.0,5999.0
BLAEB3XAJTYHENHP,11549.0,11549.0
WCKE23K4FHXSXDFP,1599.0,749.0
TSHE6VH6ZVHVGY7B,699.0,349.0
BLAEAWAAYNB3BKZV,7999.0,7999.0
TSHE84EBYJZHRSPD,599.0,199.0
WCKE26PFY8WYGSVX,1299.0,749.0
TSHE9WVTCGY7DRAJ,699.0,349.0
WCKE25RA9RDV2VDN,1299.0,749.0
PELEY8SBSDZWABHK,5900.0,2799.0
BLAEAWAARHRG2ZVD,9999.0,9999.0
PELEY2Z4F78JSKGE,4850.0,2250.0
WCKE26PFQHKXRHZS,1299.0,749.0
BLAEAWAADV8TQNA8,11549.0,11549.0
PELEFH68JH6FDERS,4850.0,2250.0
BLAEAWAAMHQGV5BU,11549.0,11549.0
PELEFH68C78FS8GS,2900.0,1399.0
ACCE5RZ9BK7EJK5P,790.0,249.0
SHTEBZU8F54TH9VD,1795.0,1695.0
PELEYC9Z9FDZBDZU,2500.0,1200.0
PELE58U3FFP8EAAT,1550.0,1550.0
ACCE79FEHKSKTPZQ,999.0,249.0
SHTEBAQ3P7GWEVAH,1499.0,599.0
PELE43Z2Z3XG55WB,4200.0,2199.0
ACCE59YXYNSCHX6J,999.0,180.0
ACCE8JV7WA69JWEW,799.0,299.0
PELE43Z2SBKZZENH,3500.0,1899.0
ACCE66FE7EG4QH7P,1299.0,199.0
PELDZ6SXPKBMNTGQ,2305.0,1959.0
ACCE7HKR3QHGFYVF,799.0,399.0
PELEYC9ZGYWMYQXQ,5300.0,2250.0
ACCE7VEFCM6ZZAYB,699.0,129.0
ACCE6FZPCEEPAPGM,699.0,299.0
PELEFH68CW8PKY46,4200.0,2199.0
ACCE82YYF7BJBXZ7,999.0,499.0
PELE2GVMDWFTYGYQ,1494.0,1079.0
ACCEAY36FYRTFXS4,999.0,655.0
ACCE8WJTEJRYFQEG,995.0,299.0
PELDT4FKNAPHVUBK,1790.0,1790.0
ERGE8E8ZZDFTXQRX,2000.0,999.0
ACCE7JHZ5J7GZQUH,599.0,295.0
PELDWNR5EZNU6H4U,3130.0,1249.0
ACCE9TV6TA9FJJSA,599.0,199.0
ERGEACGZNRUEHHWE,5400.0,1800.0
ACCE6GMHU3BNY2SQ,599.0,498.0
PELEYC9ZZPDGZWAA,7500.0,2499.0
ERGE7SR4H3HGK54J,1100.0,549.0
ACCE7JHZMA2KSPC2,599.0,345.0
PELE8F5SYHHT5XUP,10270.0,3300.0
JEAE9ZVSPGBPMGHC,2599.0,1299.0
ERGEAF2ZTSBZERQN,1137.0,399.0
SHOEAEGRVDKXNWXR,1399.0,1399.0
ERGEAY36ZYS5EZGU,399.0,229.0
ERGE5R8GAHWAF35Y,532.0,410.0
ERGEAY367C8FTM6Y,399.0,199.0
ERGE8AYHBXXPBFXU,1076.0,538.0
ERGDXGYBXDZ72HGS,600.0,199.0
BKPE65ZGHGBZQBCY,1800.0,769.0
ERGDSBBCWXDACJWX,249.0,174.0
ERGEAY36JRZBSD65,499.0,229.0
ERGE3E2SFXBEN7HP,1964.0,501.0
ERGEAY36C2XU9G7N,399.0,299.0
ERGE8AYHZSBDV8EP,1076.0,538.0
BKPE63NZAEVFJ9VB,899.0,539.0
BKPE6RDGZMNKCNFG,1700.0,748.0
BKPEYN9AGHRCKEQY,3500.0,1498.0
BKPE6S4FDENUYNAS,999.0,599.0
BKPE63NZD2SKTWZP,899.0,499.0
TKPE9R3SMXGCCKB5,455.0,455.0
LJGE8VHA7CH6FZEP,1199.0,499.0
LJGE8GG9PKZYPEPQ,1199.0,499.0
TKPE9R3SHZHFPFJY,450.0,450.0
LJGE8NS8AREHGTGE,799.0,369.0
BKPE7GBEWZHPVQTH,2370.0,2133.0
TKPE6GJ4KRJWFYZG,699.0,419.0
LJGE8VHANBD3AP4Z,1199.0,499.0
TKPE6GJCVQT6PH9G,1099.0,659.0
TKPDYXVR7KRUSH33,699.0,419.0
TKPE2GSYFFVWFNPG,299.0,299.0
TKPE7FYXADMFG4ES,399.0,399.0
TKPE2GSYZWATUBYP,299.0,299.0
TSHEA48ZGZHHGEBA,599.0,300.0
TSHEBJGPDNYN6YRS,1499.0,299.0
TSHE9EZJVGGGPUP4,899.0,449.0
JWSE7ZYNZ3TS9MKT,2100.0,725.0
TSHE46WP6HW89Z3S,1999.0,799.0
JWSE9G6BS9ZF4F9K,2400.0,875.0
WCKE26PFXHYFSKPP,1299.0,749.0
WCKE56UDS35H53S9,1299.0,749.0
WCKE26PFCXUPWWSF,1299.0,749.0
WCKE26PFRBZFY7YZ,1299.0,749.0
WCKE56UCWM5HHZHE,1299.0,849.0
CBKEBVA8CHYU4TBQ,295.0,295.0
WCKE56UCGTEP67Q2,799.0,749.0
WCKE56UCTBCHWDZZ,1299.0,749.0
WCKE56UCYZGEMGEH,1299.0,749.0
JEAECN2PCATHVF9V,13495.0,6599.0
WCKE26PFGGBFEP9A,1299.0,749.0
WCKE56UC8MGTCCSK,1299.0,849.0
WCKE56UCYJSEZKKG,1299.0,749.0
WCKE56UDG7GHWTYF,1299.0,749.0
TSHE9PUPSXWJDKMQ,1899.0,760.0
TSHE9HGBZBUJ7HHK,1499.0,600.0
WCKE56UCWGP5ZWDB,1299.0,749.0
TSHE9HGDRZZAVBMS,1499.0,599.0
WCKE56UCNFG9PJ9Q,1299.0,749.0
TSHE9JEM7M7VHGMV,1199.0,480.0
PENE7MMGKBZ8VGZZ,695.0,695.0
WCKE25RAYJUEM64S,1299.0,749.0
SHOE9QFGHVY9TFGH,6895.0,5516.0
WCKE25RAHZRQP7YR,1299.0,749.0
WCKE56UCZGPWMNVQ,1299.0,749.0
PENDDM4QZXWDD8AX,995.0,995.0
WCKE23K4PDUHH5YH,1599.0,749.0
LJGE9XBF7WXVQKGA,599.0,349.0
PENDTRFZEEKJH2ZB,720.0,720.0
WCKE25RAKCXFU9G4,1299.0,749.0
WCKE25RA9WDHBYKH,1299.0,749.0
WCKE26PFPF8BCHUW,1299.0,749.0
ERGEFH7V9C48P6SW,230.0,230.0
WCKE56UDJ9MG3XGU,1299.0,749.0
WCKE26PFEZETHGRZ,1299.0,749.0
SHODZJFFAM2H9CRC,5499.0,3989.0
SHTEAY2VHZ4KWH93,1299.0,649.0
SHTE8E39QVSFGRHU,1499.0,974.0
SHTEAY2VAEPMYWMR,1499.0,749.0
DUBEAN9SCDCVGZBZ,1100.0,890.0
LJGE8VH9VZGGGZJX,1099.0,459.0
LJGE8VH9P5GHVV6J,1099.0,459.0
TKPE3YU7BHGNSNG2,1045.0,449.0
LJGE8TQ4BSHZFQFY,1099.0,459.0
TKPE6GJCZT9AAJRH,599.0,359.0
JWSDXHXGZGR3ZWHG,3294.0,1317.0
SHOE3BS6BF5EYCMZ,2795.0,2795.0
LJGE8GG2XTA4YXH4,1099.0,459.0
SHOE2FBZSHMWGNSJ,1499.0,799.0
SHOEYZBGFWARPPKW,2299.0,1609.0
SHOE46TFXDGTPGX6,2195.0,1099.0
SHOE56FQQKESCGUG,499.0,399.0
CPCE8HXCNMHVH2FX,2399.0,1026.0
LJGDZJ625TFAJ7UA,499.0,374.0
LJGE5H5JTHZRGY7A,1099.0,349.0
LJGE5H5JFQZHWQRE,1099.0,349.0
SHTE5DFYHEGXBBSS,1900.0,680.0
SHTEBMTYCK7FMCDK,1599.0,1599.0
BLAE9CSTFZAMXSNE,4289.0,3860.0
BLAE9CSTBZESFBMQ,2099.0,1889.0
JCKEB7HBFB35FWEZ,2499.0,1248.0
BLAE9CST6HZXH4G3,3799.0,3419.0
BLAEAWAAUHFTFG8N,3999.0,3999.0
SHTEYN8S5FHNT99G,1090.0,980.0
CBKEBVA8PUFUPRW4,285.0,285.0
JEAECN2PHFKTPGQF,13495.0,6599.0
BLAEAWAA2ZEZWKYU,4999.0,4999.0
BLAEAWAA6MRTRZZJ,2309.0,2309.0
JEAECN2QQWQVA5X9,5398.0,2599.0
ERGE4JGZH2DZS9WU,7900.0,7900.0
BLAEAWAAVZYX3EM6,2529.0,2529.0
JEAECN2PU7HS4GWF,13495.0,6599.0
BLAE9CSTCCH7GHCY,3999.0,3599.0
JEAECMCFHX2HDQUZ,18893.0,8999.0
BLAEAWABZNQWVJNA,2199.0,2199.0
BLAEAWAAPRBM9DRD,4399.0,4399.0
JEAE4RYYMGGNNYYT,6990.0,6990.0
BLAE9CSUFAPQ8S3F,4299.0,3869.0
BLAEAWAAVZBFWVSM,4399.0,4399.0
BLAEAWAB7GWRVHUG,2999.0,2999.0
BLAEAWABXYYHK4Y2,2349.0,2349.0
BLAEAWABFHJQPA2H,2399.0,2399.0
ACBEA449ZGSRGHXF,799.0,479.0
ACBEA449GB89ADNG,799.0,479.0
BLAEB3XA7UAXN9TH,4289.0,4289.0
ACBEA449K34MHNGG,799.0,479.0
BLAEAWAAAQEUY6SW,4999.0,4999.0
ACBEA4496CMCQZCU,1099.0,659.0
BLAEAWAATUTTZFNK,4069.0,4069.0
ACBEAGHHRM5FWHXB,799.0,719.0
BLAEAWAAZBKZZEDV,4199.0,4199.0
ACBEAGHHHWJAHA9C,799.0,479.0
BLAEAWAAXCRZAKZH,7699.0,7699.0
SWSECD6QKHNNPX3T,1799.0,1259.0
TSHEB9ZXPMJZPYW4,1499.0,450.0
TSHE9KBQRBF4NTYD,1499.0,600.0
ACBEA449ZTQWXSPV,799.0,479.0
SWSECD6Q8GYZFWXZ,1599.0,1119.0
BLAEAWABCFQT7D93,2149.0,2149.0
ACBEA449EDYHB9ZA,799.0,479.0
BLAEAWAARSZGS9KF,2419.0,2419.0
BLAE9CSUKAUQDMPZ,3299.0,2969.0
ACBEA449ZZJEYJFG,799.0,479.0
BLAEB3XAXFEDDAVE,2419.0,2419.0
ACBEA449YYQTABFN,799.0,479.0
BLAEAWAAHNSCV8FR,4199.0,4199.0
ACBEAGHHSUKWYKFX,799.0,479.0
ACBEA4498TDPW6JP,1099.0,659.0
ACBEA449RSHGJ4GE,799.0,479.0
ACBEA449RNQG3NMX,749.0,449.0
ACBEA4495H4WS89A,749.0,449.0
ACBEA4494GNXG3TZ,749.0,449.0
ACBEA4496TX8ZZV4,749.0,449.0
ACBEA4498A9CBFRX,749.0,449.0
ACBEA449WHCY6BRR,749.0,449.0
ACBEA449AW9GBEUE,749.0,449.0
SHTEAGYJJADEZAW4,1399.0,677.0
SHTE9XBFQDE4HPGF,499.0,270.0
SHTE7U6W4DWSWGZ6,1990.0,1990.0
SHTE7T3Z3CHF9JH5,2490.0,2490.0
SNDDZ6QFGHX6SKMS,1490.0,1490.0
SNDE7UFVGXHWTBFR,999.0,499.0
SNDEYFWRUAVG9HGX,1695.0,1695.0
MNGEGJGBAQGZGJJF,13645.0,12280.0
MNGEGJGBTZH6RZC8,16440.0,14796.0
VANEDVKNANXFHWZA,1599.0,799.0
KRTEGDXWXAD3N4B9,899.0,599.0
ACCEGNT92ZHV8UK9,499.0,195.0
ACCEGNT9YSEHCDDF,499.0,195.0
ACCEGMPSDVAVNFPM,1500.0,1099.0
ACCEGNT9BYZVJANY,499.0,195.0
SWTEFFVQJQGBJYDU,1599.0,1119.0
ACCEGP55JR26GS4U,150.0,129.0
GOGEGU8BX43AKZZ3,499.0,189.0
JUMEJ963MUFGPT8Z,1200.0,699.0
EROEJ3CBBSHV6R5W,1499.0,1349.0
EROEJ8GQRZACW5WW,900.0,650.0
EROEGXBKHBW3XHC8,2999.0,1299.0
EROEJ5RFMXEGRJGK,1599.0,1439.0
EROEJ5RGZQBZSKHS,2399.0,2159.0
EROEJ5QX56VNVPKG,1399.0,1259.0
SWTEGXQFPWHXAUTW,2499.0,2499.0
SWTE2CMBJDHJFU4Y,3999.0,2525.0
SWTEHDZKZUZPE9VG,1575.0,1575.0
ETHEGYHAFDDBFUV3,2349.0,1119.0
ETHEGYHCMDYGZTDZ,1849.0,879.0
SWTEGDY4KH8FGPZ3,4999.0,3156.0
ETHEGYHBZD9DF99Q,2649.0,1599.0
ETHEGYKNVYSYNBJF,1199.0,499.0
ETHEGFZFBHBHFHHF,1599.0,649.0
SWTEGXQFEYWAQB6V,2499.0,2499.0
ETHEGFZGNGANDFHH,3499.0,1399.0
ETHEG623UM56RCXN,1299.0,549.0
ETHEG2YEBGJT8UG6,995.0,995.0
ETHEGYKNTMMDAGKT,1199.0,499.0
ETHEG2YEFBVEV3VG,995.0,995.0
ETHEGYHBYRP7UWGQ,2149.0,1299.0
ETHEG2HDPSCSTPEB,999.0,850.0
ETHEGFZFJ6KYXHWJ,1599.0,649.0
ETHEGYHAZKADPA5W,2499.0,1199.0
ETHEG3F2MJJEPARB,1299.0,299.0
ETHEGFZFDFHA8C7J,3499.0,1399.0
ETHEGYHAMJEPMHMZ,2849.0,1359.0
ETHEG8UBDC6GQNKJ,999.0,299.0
ETHEG78XAFUWG3CG,3499.0,1450.0
ETHEGFZEWJXRUKKN,3499.0,1399.0
ETHEG627YV8KBGJH,2999.0,858.0
OTCEHB7AUGB4YQH8,10000.0,7000.0
SRTEGFWEH6ZZQW35,800.0,499.0
TSHEHHHDGBZHKZHR,1099.0,519.0
SHIEGFC2FMKUGNZZ,1999.0,1124.0
TFHEH289AVY6XSGG,945.0,567.0
CWIEGKPGR69BBHZ8,699.0,359.0
TFHEGJZRUZBHQKHJ,1495.0,1046.0
MATEBGDGS4DYYYB6,699.0,199.0
ACCEB5B2BGNR8FJC,1499.0,260.0
CNSECAEFNH4KHQAN,1000.0,599.0
ACCEB7BXG7FS2EHS,1499.0,260.0
RCTEDZ26MNFN2K2T,699.0,499.0
CRNECHFGGNYG3KHR,699.0,226.0
SNDEY4AKUX9BWZFG,1299.0,1299.0
ACCEEEWGHE9JGKQE,999.0,888.0
WATEDHWY6UYHX6ZR,2899.0,899.0
ACCEB7CEK5ZGJGTN,1499.0,260.0
CRNEE6R7CQHVZHDP,799.0,299.0
WATEE8V3AZR5DRDK,2099.0,683.0
ACCEB79YTY3B8S9V,1499.0,260.0
LTBEBN239WTWHSHK,2499.0,2199.0
WATEE853EXXZWFGD,1899.0,619.0
ACCEB7D4GWPD79ZG,1499.0,260.0
WATEEAFSGWYG2NBH,2050.0,651.0
PTLE9Q93BGZP8APV,1399.0,699.0
CRNEC89EFMFQDEWF,1299.0,599.0
ACCEBAGFSNSGQMPP,1499.0,260.0
CRNEEGZ9SZ4GWDHU,1299.0,599.0
SGEEFHKHQSEGFZ3M,800.0,800.0
CRNEDYCSYZNHNXRF,2999.0,1299.0
WATEE853PGNPCXW5,1899.0,619.0
CRNE6AUFHBJFCNFB,600.0,159.0
JCKEGYPKKWGZRBKN,8999.0,849.0
ACBEJMRHK6GWQBTW,1499.0,649.0
ACCEJMAZVTQYQMQJ,549.0,399.0
AIREJFFHZYDGHBCJ,800.0,339.0
ACBEJMRHNPXAQEKS,1499.0,649.0
DREEJH2UDQAQYBZZ,3330.0,1218.0
SHOEJJEVZG39MUMG,5299.0,2199.0
MATEJ9JGXSZHFKDW,599.0,499.0
SWSEGZ69ZHBYCBHH,1299.0,449.0
SHOEJKSFUHKSZHUG,1499.0,498.0
MTYEJK8YQWJQUFY5,199.0,63.0
MATEJFPBZNSUWZRP,600.0,279.0
BBAEJKECG9HBAMFA,665.0,399.0
SWSEJFF8AMMSBMVC,1495.0,748.0
CPIEJGJSHAVSPHSE,1399.0,799.0
ACCEJGYXGGZE38PS,990.0,339.0
SHODYKR8Z3HSBSQS,2499.0,1999.0
STIEYZ5XRWAJUNUB,1998.0,699.0
STIEYZ5TZZNHGHAB,598.0,399.0
SHOE68H54NZM9MG8,2100.0,1800.0
PPMEAGHHQWPTTAYA,259.0,249.0
STIEYZ5ZCPDHF5HK,2598.0,799.0
WATDX7VGHZAP2GZG,3495.0,3125.0
STIEYZ5TUHTKNCHW,4998.0,1099.0
WATDTWVV6GUFGHF3,2495.0,2245.0
PPMEBHH9TNTUJPGQ,249.0,249.0
SHOECUZUWWUMMEBC,3799.0,1900.0
WATDM5YRFYJHCHBU,4200.0,3310.0
SHOEDNVZFZZ9ZK92,2099.0,1599.0
SHOE8SESZFGHMG3S,1999.0,1999.0
SHOE7CHXSQZ2JQHD,2290.0,1590.0
SHOE9WDKXRHBF8GG,2500.0,1750.0
SHODF2C2SHHEFYRG,1995.0,1995.0
SHODKYZ9C3HHKA3J,2099.0,2099.0
SHOE94J3RHN7Z6AC,2499.0,1249.0
SHOEDZZYXSYCQB7E,1899.0,1899.0
PEBEBG4ZVV3ECR58,2399.0,1199.0
SHODRWMX6YFTNG8V,1699.0,1529.0
SHODMFY6JGMSB3CR,2499.0,1922.0
SHOEDZZEHQZCRHES,1599.0,1599.0
SHOEAEPE2SYVPFV7,3988.0,1595.0
PPME9UG8MHNGJGUU,299.0,249.0
SHOE3EZFRNXJHVDP,2200.0,1540.0
PEBEBQCZPUHYHKNR,1899.0,1899.0
SHODYZ7NWT8PEJWT,3488.0,1744.0
SHOE7BZ8KYCYNDCG,1799.0,1599.0
SHOE47YQYGX5254P,1999.0,1999.0
SHOE3774HGBXWZZG,1899.0,1899.0
SHOEE5N4TZF7QHHR,1749.0,1749.0
BRHEDHHTFJFVFFCN,899.0,299.0
SHODX6XFHPZUHNDX,2295.0,1699.0
SHODXSWWQENJWHDK,2288.0,1601.0
SHOEBH7FXJU7MHKV,2199.0,1999.0
PEBEDMZDYHSJAQTN,2500.0,1249.0
SHOE69HYFG7CZYKU,2499.0,999.0
SHOECV2JZHMXN47D,2288.0,1601.0
SHOE2QSWZZFSCHAJ,2699.0,1199.0
SHOECY64WB7BHKHX,2288.0,1601.0
SHOEAMADHQAZQTEP,2499.0,1749.0
SNDDTY8HHGHCR4ZG,1190.0,1190.0
SHOE6Y48VN6ASB62,2000.0,1600.0
SHOE34YXWXZ9PCFF,2699.0,1299.0
SHOEDP7YP9HZKZZC,1999.0,1999.0
SHOEBWFKZGCJFGUY,2199.0,879.0
SHOE5G6EZYNYA8QH,2295.0,1595.0
SHOED8FAHTWYDVZP,2000.0,1600.0
SHOE53GTNBHWXQ3M,2199.0,1790.0
SHOEBKMRFGTKNZFF,1999.0,799.0
SHOE6HGNZZCTHBUC,1755.0,1595.0
SHOE558ZECPBYKXG,1999.0,1999.0
SHOEAEWUYGC3HPFN,3288.0,1644.0
SHMECQYPHGTFSGTG,371.0,309.0
SHOE2GURQ2ZZFHX9,2999.0,1999.0
SHOECTTGUDUHRFZG,2499.0,1699.0
SHOEC889YRPAN6YV,3288.0,1644.0
SHOE9WDKSF4MHSDK,2500.0,1750.0
SHOEDDYYZY8C3X2K,1799.0,1799.0
SHOED8F9VUUAJ42S,2488.0,1741.0
SHODX6XYJXS2YXFY,2695.0,1899.0
SHODZU52YFHY6ZV5,2199.0,2199.0
SHODXZDDUH7PYWSH,1699.0,1699.0
SHOE5DFVH4RX6YAF,1999.0,1999.0
SHOE6BEWJ3UEBDH9,2599.0,1819.0
SHOE9WDKZYFDKQ9G,2800.0,1960.0
SHODQ3FUSABABFXN,2399.0,2399.0
SHODZYPRHHQWFTF9,1699.0,1699.0
SHODYKR8QFMVYHT9,2799.0,1959.0
SHODF2C2WGTMVQFZ,1995.0,1536.0
SHOE3HGTYCWDACZ7,999.0,499.0
SHODYZ7NXW9FEJ49,3588.0,1794.0
SHOE6KRTGQKP7FWM,1199.0,599.0
SHMECRNMPZGQZBWZ,216.0,180.0
PEBEDMZDE3WZZ9VZ,2000.0,1149.0
SHOEB33YYBM4UZSX,3488.0,1744.0
SHMECRRNMKDPFVNF,198.0,165.0
SHOE6ZEBZ7HVRGT7,4795.0,1595.0
SHOEDZZYZYGXGQZZ,1899.0,1899.0
PEBEDMZDWBVBHZNR,3000.0,1549.0
SHOE2ZP5YXSSZWFY,1899.0,1899.0
SHOEDHHTSGUHHU2F,2899.0,1299.0
SNDEBQHGGJJFDQX3,1299.0,449.0
SHOECDCRVB2WHKU4,2295.0,1950.0
SNDEDX3G8FXSANWN,899.0,495.0
SHODYE5ZQZKHZVXH,2499.0,1249.0
SHODXYYHVHYDQ5YN,1950.0,1950.0
SHOE84YKXWATGHFC,2699.0,1299.0
SHOEC88MHGKHKJHQ,4488.0,1795.0
PEBEDKJY9E7XPWVW,2500.0,1999.0
SHOE24GJYF8FAPWK,2299.0,1149.0
SHOEE6UHZZD83ZFN,1999.0,1099.0
SHOE3PFHZMH9RZGY,2399.0,1695.0
SHOEYM7YWCPEYNFZ,2499.0,1249.0
SHOE2ZNKMZYQFQDV,2050.0,1886.0
SHOE9MT5ZF5THWEH,2788.0,1951.0
ACCDG38FUEYXRS5A,875.0,750.0
SHOEAEPEW8USADYE,2188.0,1531.0
SHOEBGDFN67TZGXF,2799.0,1959.0
SHOE9YD5ZAYJQUYZ,3999.0,1700.0
PEBEBQCZSZPZ2HPS,2299.0,1999.0
SHOEAJZKKBS62WSB,2499.0,1999.0
SHOE68H5VYFUXUWK,2100.0,1800.0
SHODYZ7NZ7UE9NYH,3988.0,1994.0
PEBEDMZDZYVYZHFQ,2000.0,1249.0
SHODZF8SZYQZCJHN,2499.0,1249.0
SHOEA34KZWVUAJUZ,2788.0,1951.0
SHOE8N3C54FMBKQH,1999.0,1999.0
SHOEDPA3UHBYZACS,1899.0,1899.0
SHOECRWWJASNCC4R,1895.0,1895.0
SHOE38Z4XMXFASBV,2199.0,1099.0
SHODZTGT6VB5YA8D,1899.0,1899.0
SHOE4EZ3VTVHQRX6,2999.0,1599.0
SHOEDTP4GJZGKCFS,2500.0,1950.0
SHOEYWFYAACHGWYJ,1999.0,1699.0
SHTE43Q9CZDQTNMP,2020.0,1616.0
SHODYQE7XWFMYYWN,3588.0,1794.0
SHTE4TFYUKGMZFKU,2020.0,1616.0
SHOE68NHF93EP4VH,2499.0,999.0
SHOEDGFRHZD6HDBD,1895.0,1695.0
ACCDQRVC3FT9QWAU,490.0,350.0
SHOECW3RXPYZMXUH,1699.0,1699.0
SHODHNUKYZZDYHRF,2485.0,2485.0
SHOEBYMYZ5VQGGNT,3199.0,1599.0
SHODYQDHGGG4CZPW,1890.0,1890.0
ACCDNSFXZUFMETYV,1575.0,1299.0
SHODZU52VKGPEEGY,2099.0,2099.0
SHOEDFWGHMPZXJKY,2138.0,1710.0
SHOE8SESUSRHQEAK,1699.0,1699.0
PEBEDMZD5CCAHTDK,3000.0,1549.0
SHOEE3GGSRHDHGYQ,3000.0,1649.0
SHOE34YXGQYWM45Y,2699.0,1349.0
SHOEDSGPYVVXQYHY,1999.0,1399.0
SHOEA38TXG7MPUCM,2788.0,1951.0
SHOE9E2QKZZJEDGW,2499.0,1874.0
SHOEE5N4X6Q6MAUG,1799.0,1799.0
SHOECV2JZFGSSUSR,2488.0,1741.0
SHODYBP6SKKK3HSD,2499.0,1249.0
SHOEDW6KNMYEVWGJ,1988.0,1988.0
SHOE7CHXZ6MEYZNW,3130.0,1590.0
SHOE4RYRMHQ5NAYY,4500.0,1500.0
SHOE26U4RBFZHMRC,1699.0,1563.0
CPCE8GHWYMCT8HZD,1999.0,599.0
SBSDUTY72YMGHEY6,375.0,375.0
SHOECUZYKWZF6RCN,3599.0,1800.0
SHOEDGFRZKGZZF8M,1755.0,1595.0
SNDE8X2RJ4GBHSCN,1099.0,879.0
SHOE9YD3REFDCPBR,1700.0,1530.0
SHOE632JZBF4EF2H,2100.0,1800.0
SNDE8X2SFWGEZS6Z,1099.0,879.0
ACCED842W6KR595R,999.0,530.0
SHOE6ZEBTRHQ4DDG,4795.0,1795.0
SHOEDF79ZZNTSEGX,1599.0,1599.0
SHOE6BEWXGRHXZYC,2599.0,1819.0
SHOEE2HFTRGFPCWU,1599.0,1599.0
SHOE63SEYDFSBSZG,2099.0,1574.0
SHMECRHEWBVR3PQE,371.0,309.0
SHOE89XZZKW8GACG,3149.0,1742.0
SHOEDBSZC6ZCH4F9,1699.0,1699.0
SHOEDM6ESQGUFT8F,1899.0,1899.0
SHOE558ZNZWGFGPF,1999.0,1999.0
ACCDNSFXGXMJTYZJ,2350.0,1999.0
SHOE7FC8SKGXN3YZ,2488.0,1741.0
SHOE68H4XCVXBAH9,2000.0,1500.0
SHMECRM3FAEEZ9PB,393.0,328.0
SHODYQE7VUJC5ZUF,3988.0,1994.0
SHOE7QJJXY4NZZUP,2200.0,1799.0
SHOECW3RYSYWGZBH,1599.0,1599.0
PEBEBQCZYHEHTEZV,2399.0,2399.0
SHOE2DG2VBCCY2Y5,2499.0,1249.0
SHOE3SZWY6USCQYN,4499.0,1799.0
SHOE7732Y7YQWBQP,2288.0,1601.0
SHOEE5SYZX3RXYFU,2499.0,1499.0
SHOEDG8Y9PHZ3GAW,2000.0,1600.0
SHODQ3FUZVFEZFKQ,2299.0,2299.0
SHOEFWQGHEM2FEEG,2295.0,1951.0
SHOE69AUZYSQEVAJ,2899.0,1449.0
ACCDNW8SJCHYHAMZ,1250.0,1078.0
SHOE9E2PZPZFZ7BV,2499.0,1999.0
SHODYZ7QYUEYDEZ2,1549.0,1549.0
SHOEDM6EUGKWFSMZ,1999.0,1999.0
PPMEAGSKZJAT4CYW,150.0,125.0
SHOEFH4VTVXDRGKG,2288.0,1601.0
SHODQP7ZZRGUAXNX,2099.0,2099.0
SHOECUZVWQRHBY3C,3599.0,1800.0
SHOE55GUZYJVMBGM,1649.0,1649.0
SHOEARZJRN6RGQR6,2499.0,1749.0
SHOE73V5DXWZTRQ9,2488.0,1741.0
BBAEFCZMSR2XTZXE,199.0,149.0
SHOED8GKPHVJYQTZ,2000.0,1600.0
ACCE3TJ4SVMJYUZY,1450.0,1299.0
SHOE9KBPPWVHFNPK,1999.0,1299.0
SHOECYEZEHPVXYMV,2499.0,1999.0
SUSED9RZR7MGU6MF,1500.0,687.0
SHOE48FE3WZZ3CZ6,2199.0,1999.0
SHOECV2JYGNRGXBZ,2288.0,1601.0
SHOEFBHERSXFBNEB,3488.0,1744.0
PEBEDMZDAWGX9BXT,2500.0,1249.0
SHOEATSZWUNKW8ZK,3799.0,1900.0
SHOE9YD5XF7KK39U,1700.0,1530.0
SHOE7U642BAVQGX6,499.0,399.0
SHODYQE7UKHU3ZHE,3788.0,1894.0
SHOE7U64NBAUU7YM,499.0,399.0
SHOE6ZEBZXH2KMGN,4795.0,1795.0
PPME9UG9EYDHXVFB,299.0,249.0
PPMEE5NQVKDGUCFX,800.0,800.0
SBSDUTY7JJXG2ZNK,1038.0,1038.0
PEBEBQCZQHU5WNHC,1399.0,1399.0
ACCDVFK6VMPUHZZF,1710.0,1150.0
SHMECQYZ6CJ9GRPU,371.0,309.0
PEBEBG4ZFM5DH66F,2999.0,1299.0
SNDE6K6WFAKHARPF,549.0,349.0
SUSEDVUQPDV2ZJPZ,599.0,359.0
PEBEDMZDTJBQGBMU,2500.0,1149.0
SHOE7U64ZNRXCBZF,499.0,399.0
PEBEDUQ9ZAJBPTYU,1999.0,1999.0
BRHEDG33DZHYZGZG,1000.0,495.0
PPME7GYYQHSGPUPH,150.0,125.0
PPMEAGHHQAWGRFBF,249.0,249.0
BRHEDG7PZ6A8DJ66,1000.0,495.0
ACCDDQFZJGMXA58D,725.0,725.0
ACCDG38FQQGWYHZD,800.0,699.0
PEBEDMZDHZARANGA,3000.0,1549.0
PEBEDMZDHFUGAVUC,3000.0,1549.0
PEBED5CDQMEEC728,2755.0,1299.0
ACCDV4GCSFZVBM4Z,1675.0,1649.0
PEBEDMZDUGZXURZK,2500.0,1249.0
PPME7JN33MV2ARAY,150.0,125.0
SBSDUTY7AZYZWSQS,277.0,277.0
PEBEDSZGJGUZVMFG,1799.0,1599.0
ACCEC8ASW8AQDHPW,6900.0,4900.0
ACCDNSFXDZ2BBWJR,1425.0,1425.0
PEBED5CDN2ZYVDPV,3545.0,1590.0
PPME8GF3MT5SQ6V5,239.0,199.0
PEBECZEHHH9UZAV8,2500.0,1999.0
PPMEAGHHRXZ7F9HM,249.0,249.0
PEBED5CDP86AVYBZ,3140.0,1390.0
STIEYZ5XDGADZFAP,1998.0,699.0
STIEYZ5TNP4EPSV9,598.0,399.0
STIEYZ62STW2RYKP,4198.0,999.0
STIEYZ5UYMPWNRT6,1198.0,499.0
STIEYZ5SXHXTMGGQ,4998.0,1099.0
ACCDVFK6WVS2MYUX,4000.0,4000.0
STIEYZ63J2BGWXS5,4998.0,1099.0
STIEYZ5SZJAHPWNX,2598.0,799.0
STIEYZ5TQUNQAR2B,598.0,399.0
PEBED5CDDHHC6FAR,4128.0,1526.0
SBSDUTY7NCF8T8TP,374.0,374.0
PPMEAGSKWGGPWZXS,102.0,85.0
PPME8GGFTYH9V2HG,150.0,125.0
PPME7JHMRKE2VFNE,102.0,85.0
PEBEDKJYUCKS3NGT,2000.0,1299.0
SUSEE5W3HVMFDBZP,799.0,258.0
PEBEDMZDXYVJMEGK,2000.0,1149.0
KRTED9YEBFMZYTPW,1599.0,435.0
PPME8GGFZG5KYKWF,102.0,85.0
PEBEDMZDHHXJXJEK,2500.0,1249.0
PEBEDZYTRAPKD9WA,1700.0,1299.0
PEBEDKJY8SKUFRMG,2500.0,1799.0
PEBEDMZD7GYFPTCG,3000.0,1549.0
PEBEBQCZSXD7Q3AY,1399.0,1399.0
SNDE7TAAH9FE5T99,995.0,995.0
PEBEBQCZT8FR6EKK,1399.0,1399.0
SHMECRS4DDGBWMDZ,198.0,180.0
SHMECRHENT38D2TD,207.0,173.0
ACCDDQFZTYJXRD8D,1100.0,999.0
ACCEDUQAX9GDMGUY,950.0,450.0
ACCDDQFZHKDB7YH5,850.0,850.0
ACCDNSFXZHAFM2Z4,1275.0,1225.0
ACCDNSFXJXKBZ49F,2275.0,2250.0
PEBEDMZDAUTFWWHV,2000.0,1049.0
PEBECX6PZNQXT3ND,1500.0,1299.0
SHOEBGHQSXBWUYUG,2199.0,949.0
SHOEBGHQ2NUKZBWB,1899.0,849.0
SHOEBGHQ2ET3PQKS,1699.0,749.0
SHOEBGHQTJJFUYSY,1899.0,849.0
SHOEBF3XF7NZMWAC,1699.0,799.0
SHOEBGHQ56XKKZHH,1899.0,849.0
SHOEBF3XFZY2ZVVP,2199.0,999.0
SHOEBG9ZMJGJYKYG,2199.0,999.0
SHOEBF3XDQAXFB2K,1499.0,699.0
ACCDQRVCJQ3U5DUS,350.0,240.0
SUSEE6Y3NMPS9GRR,799.0,258.0
PEBEDMZDF92KNEBY,2000.0,1149.0
KRTECGUZAPDHQ85R,799.0,249.0
PEBEDMZDJRMHM6QP,3000.0,1549.0
ACCDV4GCKJQEUHZS,999.0,799.0
ACCE3TJ4ZVGHHTP8,1825.0,1642.0
PEBEBG4ZY2C7QBGY,2299.0,1599.0
SBSDUTY7VSABNSCK,368.0,368.0
PPMEBHMZPB6RYETZ,239.0,199.0
PPME9UG94TJJ5RUF,239.0,199.0
PEBEDZYTFEFVAZNT,2000.0,1299.0
RNCE9FGAUZRGC8D9,399.0,279.0
SUSEE6YHF6YRVRJ3,799.0,240.0
BRHEDHJ9AZATCH5N,500.0,350.0
ACCDGZDMJNSHSMQH,1495.0,1495.0
PEBEDKJYHPCKKCMH,2500.0,1799.0
PEBECZEH2HDXQFVF,2000.0,1499.0
PEBEDKJYCYPYYBRQ,1700.0,899.0
ACCDV4GCTTG8JKWS,2425.0,2385.0
PEBEDMZDGGWGZPGN,2500.0,1249.0
PPME9UG9GDYRPKVJ,299.0,249.0
PEBECZEHCCAZERYV,2500.0,1999.0
BBAE76S5FUWHZG3T,499.0,249.0
BBAE76S5FJZZJNRY,499.0,249.0
SHOE8RKJAZ622YCE,499.0,399.0
ACCECZSFTHUFFWJG,330.0,299.0
SHOECH8DTDMVKGGS,499.0,399.0
PEBEDSZGAAYWZY8N,1999.0,1599.0
SNDEBKWJFZPFH8ZG,1499.0,499.0
ACCDVFK6KGJUGSRH,1075.0,899.0
SBSDUTY7HTCTHD5V,2736.0,2736.0
ACCDZBVY3W3EJ9YF,1100.0,1100.0
ACCEBGTKH26DZGMD,295.0,295.0
RNCE92APDWEPGGPY,649.0,454.0
ACCDNSFXZFHQ9MRR,3425.0,3000.0
PEBEDMZD4YQZ5VGY,2500.0,1249.0
PLWE8TQEW8KSMEQF,1499.0,398.0
KRTECENGCNKAHSP9,1399.0,449.0
SUSEDVUQCDZ7U5QG,599.0,329.0
PPME8GF3CYRWV8NR,239.0,199.0
KRTE9RQK9SHGG3ZN,850.0,499.0
PEBEDMZDNZHRNBDZ,2500.0,1149.0
PPME7GQYVGKVG5ZW,150.0,125.0
SNDEDF6CPDWETBKF,1099.0,989.0
ACCDDQFZFHJZPSAZ,800.0,710.0
SNDEBUHYPZ3Y84ZV,1299.0,909.0
SNDEBGHCD3C9PY3F,1490.0,894.0
SNDEB5BWRYHFMKHD,499.0,399.0
SNDE7KJ8MAGYFHME,999.0,449.0
SNDEB97TTHPYVV6Z,450.0,450.0
SBSDUTY7VBTVKMFF,653.0,653.0
PEBEBQCZQ2HGPQTR,2399.0,2399.0
PEBEBG4ZTTN2MBH7,2499.0,1599.0
SBSDUTY7XQRHXVRA,846.0,846.0
SHOECH627KQXKWQM,999.0,560.0
SHOECH62G7KUYGPD,999.0,560.0
SHOECH62BAKKHHFA,999.0,560.0
SHOECJTWAVQ3J745,1999.0,999.0
STIEYZ62R5KGNP8Z,4998.0,1099.0
STIEYZ6F4H389PGW,4198.0,999.0
STIEYZ5YZHXWZ5FJ,2598.0,799.0
PPME7JHMEZWPYUZF,102.0,85.0
STIEYZ5UX28JJGKS,1198.0,499.0
STIEYZ5TNP7UCJQG,4998.0,1099.0
STIEYZ5YGHUHC2HZ,2598.0,799.0
STIEYZ5XTSCXZHWS,1998.0,699.0
CPCE8GHXZMCZWHZB,1999.0,599.0
RNCE9PYZZBNKRGBN,499.0,499.0
STIEYZ5UYVSPATVA,1198.0,499.0
STIEYZ5TGRMGGMXK,598.0,399.0
CPCE8GHXPGAXBZVG,1999.0,599.0
PEBEDMZDSH6VBFEV,2000.0,1149.0
ACCDDQFZKMHHFSBG,725.0,525.0
ACCDDQFZNN6RJ7GS,725.0,725.0
PPME8GF3HKMGBNH4,239.0,199.0
STIEYZ5ZNDYUVKMQ,3398.0,899.0
PEBEBQCZ4FT5ZW4G,1399.0,1399.0
PEBED5CDMUTNQBBJ,2340.0,1040.0
PPMEAGMF4HTFFFUY,249.0,249.0
KRTEBPE9EYPUHZY9,1999.0,1299.0
SHMECRRMZRZKQEHM,198.0,165.0
ACCED842XBW54EAP,1199.0,899.0
SNDECQY9BPWE3PKW,1399.0,1399.0
PPMEAGKGRBXZNNFS,299.0,249.0
PPME7JHM6MKGPHMD,102.0,85.0
ACCEBGTK6A83CXAQ,295.0,295.0
ACCED842XGG998ZC,3425.0,2799.0
KRTE9CCNPV7AAG94,1500.0,550.0
PEBED5CDE9ESV8PQ,3140.0,1390.0
STIEYZ62UCEMEGMV,4198.0,999.0
STIEYZ5RVDHZGEXR,1598.0,599.0
STIEYZ5T3ZF7VS7V,598.0,399.0
PEBEDKJYZY57TBXN,2000.0,1299.0
STIEYZ5TM4X5E6X9,598.0,399.0
PEBEDKJYPEKYADZP,1700.0,999.0
STIEYZ63XFZRHBHP,4998.0,1099.0
SHOECS56XN7JXKHM,2700.0,849.0
STIEYZ5ZTR7RRGC5,2598.0,799.0
SHOE8APHN5RKHCDY,2999.0,1599.0
PEBEBG4ZTGMHGSJM,2399.0,1699.0
PPMEAGQAMGRKVRTA,249.0,249.0
PPMEAGKHHMHUZ2BQ,299.0,249.0
SNDE3HY2585EXR3W,1499.0,549.0
SNDECM9HBDMGU9XB,1799.0,999.0
SNDECM9HFFGXZMZE,1799.0,999.0
PEBEDMZDCGYNPHTG,2000.0,1149.0
BRHEDHAUZJJNTB4B,899.0,299.0
ACCED842RZMYKZVZ,1199.0,899.0
PPME9UHWAWJJKRAD,239.0,199.0
SHTECB92WG7ZCPBV,2299.0,2299.0
SHTECQYNKGZNNBRP,1999.0,1999.0
SHTECB929QZSW22R,1899.0,1899.0
SHTECQYNSR6MAR8W,1799.0,1799.0
SHTECB92TJRTSMUS,2499.0,2499.0
SHTE6G4TGVVDGGQH,2499.0,1999.0
STIEA4CNPADJXBRY,899.0,239.0
STIEA4CNVSHJGDF8,899.0,239.0
STIEA4CNGFSU64ZG,899.0,239.0
KRTEDM42WAA4JEZK,1599.0,465.0
KRTEBVTFN8JAG656,1580.0,869.0
PPME8GJ4GQUJNDDE,150.0,125.0
SHMECRRMGX8UMEHJ,393.0,328.0
SHOE9TBZFYZQGYRT,4149.0,2699.0
USGEB59MJGZ2ZMEH,499.0,149.0
USGEDDUFASHHQGEY,299.0,149.0
USGEDX24UXPEEZEH,329.0,259.0
USGEBZ79Q4U6ZC6W,999.0,299.0
BALE5F2AJQFJ6TTH,580.0,529.0
ACCE7W6P6NGHMGVG,495.0,270.0
BALDMEYGGYHCZFQK,1085.0,809.0
ACCDDQFZFWF5SNSK,1150.0,975.0
PEBEDKJYF8DSEXRC,1700.0,999.0
USGEAEGUVASNAZ63,999.0,499.0
PEBEBG4ZXFUZ2NAV,2599.0,1699.0
BALEDD5MCGM2RGDN,299.0,299.0
ACCDVPEXHMS5EGCX,2540.0,2540.0
USGEDZUWG5Y26SAZ,1200.0,519.0
USGEE2GJUPSEKRHY,1898.0,1898.0
USGEDJH2SZAZAYC2,300.0,169.0
BALEYMGAEZYXDPCH,3299.0,3299.0
BALEYMGAD5F63Z6P,699.0,623.0
PEBEBG4ZTGYXZSRG,2099.0,1299.0
USGEE39ZKAU9DDA3,599.0,480.0
USGEDZYR9XGUFNWZ,700.0,449.0
ACCDVFK6JVHVTSHM,2250.0,2250.0
ACCEC8AVAB6YAB3D,1450.0,1045.0
PPMEBHMYDCFR5SPZ,239.0,199.0
USGEE3GGGGYWM8ZZ,499.0,195.0
USGECWP8ABWKGGBB,1000.0,699.0
SHMECQWKZVRQJVY7,207.0,173.0
PEBEBQCZYNAHTMRS,1399.0,1399.0
KRTE9HZGPZYPYGU7,2149.0,858.0
SHOE77HW4DJZSTJG,800.0,395.0
SNDEAY8QSGZWZEFF,1299.0,799.0
ACCED8424FVVZB5J,1999.0,1499.0
ACCDDQFZF97DQHGZ,850.0,725.0
USGECHVGUHTZHTE9,902.0,598.0
PEBECX6PZBBZBQCQ,1500.0,1299.0
CWRE4ZUHAEQGSMGH,9990.0,9990.0
USGEBSK8VVGZCHPF,1990.0,1490.0
PEBEBG4ZYWSSCABB,3299.0,1699.0
ACCDQRVC6BUQGARK,430.0,390.0
USGEDDUFEWAMS6C8,299.0,149.0
ACCDNSFXDD42MHJP,2160.0,1400.0
SBSDUTY7FUJGFGZZ,343.0,343.0
USGEE3GG2SYFUCF6,499.0,199.0
PEBEDMZDCXPCQVKG,2000.0,1149.0
USGE8GVYG2TFYEJE,297.0,125.0
USGEDRPHJHRGHJNH,699.0,449.0
USGEDH3FCDFMMJUE,350.0,199.0
ACCDGZDM9MQUUKER,1895.0,1895.0
SHOE96Z9KHM4WGAA,1499.0,799.0
PEBEDMZDYKGSHXPT,3000.0,1549.0
SHOE8KP4W9XCN3FJ,899.0,899.0
ACCDDQFZQSYEJCRC,775.0,599.0
SHOEBP66SBGGU9ZY,1099.0,449.0
PEBEBQCZTK99H8HV,2399.0,2399.0
ACCDNSFXKWYDRK7Q,1199.0,910.0
SHTECHFUYZMYKUXJ,1299.0,599.0
SHTECDG8TKJY38KU,1299.0,599.0
USGEDAQRYJHZT4BH,999.0,329.0
KRTEDCQB4VXQFKNK,1399.0,525.0
KRTEDCQBK2GAHDDH,1399.0,525.0
KRTEDCQBDWGR6GMJ,1399.0,525.0
KRTEDCR4CF4MHWWF,1139.0,475.0
KRTEDCQBYWN4CVXM,399.0,325.0
KRTED9RMDUFZCW2U,1999.0,650.0
KRTEDCQBGF6HKCRQ,699.0,375.0
USGE8R7KG4TYZPV5,199.0,88.0
SHMECRM3YRFDHSZS,393.0,328.0
KRTEAJGCSRGJHWUE,999.0,440.0
PEBEDMZDCRGQK8PX,2500.0,1249.0
BALDGQB9GG7DC57H,549.0,389.0
BRHEDHHR6VXHSAKW,1000.0,495.0
USGEE4CA96KTJ2FC,799.0,489.0
USGEEF3QTHWQ73HZ,599.0,228.0
SBSDUTY7DB4PDJJS,433.0,433.0
SNDEAVE2U5JHRSGU,1999.0,899.0
SHMECRM34HFHRFCN,393.0,328.0
CWRE84EDSKFE8KF5,4499.0,3999.0
KRTE5GNFV8ZQYY3K,1999.0,699.0
PEBEDMZDNZVTZHY9,2500.0,1249.0
PEBEDUQ9A6FWPEE9,3999.0,3999.0
PPMEAGMF6TFT5FH6,150.0,125.0
USGEDSGQRARFSKZC,399.0,90.0
SUSEDVUQUYKGUYGA,599.0,329.0
SBSDWUCHYMHGG4NT,999.0,999.0
USGEE4WUZVXXNERF,299.0,119.0
SHMECRVFSV5NVUC2,216.0,180.0
ACCEDUQBHEHFG6SY,1250.0,850.0
ACCE3TJ47PHYVV9P,1375.0,1375.0
PPMEAGHHRWHBHFH6,215.0,199.0
USGEB59MDGGJ4TEZ,499.0,149.0
CPCE8GFFYH8PMY4Q,1999.0,599.0
CPCE7EQZGWNZE7WS,699.0,299.0
CPCE8GEYVNNVQKZH,1999.0,599.0
CPCE8GEYGFH23FZH,1999.0,599.0
ACCDVFK6MPE6DSHH,1650.0,1090.0
CPCE8GEZDVBRHAZH,1999.0,599.0
ACCDVFK68FPKEFQH,2400.0,1799.0
BALED8XDHZV97EHJ,2100.0,2100.0
USGECNEZPYBCAWGU,699.0,599.0
USGEDST69PGHVYH8,999.0,649.0
USGEDXF8WCCHJDHE,899.0,299.0
USGEE2FECFENWUNS,1499.0,999.0
BRHEDHHT2NQFVKPS,899.0,299.0
PPMEAGMF2DUBEYGT,259.0,249.0
USGEEF3Q6BUZYPSE,599.0,228.0
ACCE3TJ44HKVG7NN,1475.0,1475.0
KRTE8JZ9FG9ZVZCF,1500.0,399.0
PEBED5CDEVZWJN4D,4004.0,1796.0
USGEDDUFGZ6TVAZU,699.0,449.0
USGEDHJ8KEWQQGWP,300.0,220.0
USGEDMYNBNACWGHG,299.0,119.0
USGEDSGQYHMHBZGH,399.0,99.0
SNDDXV3VZFNJSGBD,499.0,399.0
BALDHX8K5AFFMCGY,1299.0,1299.0
USGEDZF2Y87ECZHK,1499.0,1099.0
BALDFF7HX853MTHJ,299.0,299.0
KRTE3SBUBNNRSK7G,895.0,295.0
KRTEBHDRFYH6WG2G,1099.0,299.0
USGEDZF2UQ38HTJ5,1499.0,1099.0
USGEDZEKBZKVYEZC,399.0,249.0
USGEDZX5ERUQRW8B,1200.0,549.0
BALDXVA6HJASHTDW,520.0,520.0
KRTEBZ7AQXFKH3QZ,529.0,459.0
USGEE5RFHDHCRFSU,499.0,195.0
SNDEDGMDSPZY9PCZ,1199.0,719.0
BALDMEYGWWRZ4DAC,955.0,955.0
USGEDDUFVYWDWFYT,299.0,149.0
USGEB59M4HDG7HZN,499.0,149.0
USGEE5MZJ2GZUXET,499.0,189.0
SNDE6ZCMAB4KCF5B,1990.0,1393.0
USGEB3HTYWCYT2HY,269.0,219.0
SNDE8TQC4UGDTQMP,1895.0,1895.0
SNDE7ZK8EPDFJKU3,2199.0,999.0
USGEE5NQT9HEQQBE,1500.0,1200.0
TRODN38Q8HHZHRFE,569.0,569.0
TRODYXVC8MXEWWQR,1299.0,649.0
BALDD3CZ38D4XFKH,1099.0,1099.0
KRTDYKKZZFC9WSSR,1899.0,949.0
BBAEDUQPZF7SKG2J,49999.0,24580.0
BBAEDUQZTHS9EUDF,49999.0,36356.0
BBAEDUQN27S2S8KW,49999.0,33284.0
USGEDDUFS7BGDFRH,699.0,449.0
USGEDDUFWRC4DM9G,699.0,449.0
USGEE6Y3HQ4GY58T,999.0,249.0
USGEBZ7UHGHM4F7T,999.0,699.0
USGEEF3QGH8GPGRU,599.0,229.0
USGECXHFRRHFGRG2,3199.0,2999.0
USGEBZZ3Y567FZKP,999.0,75.0
HTHEDB2HKFRSWAVS,4990.0,3990.0
USGEE5ZTTUZDK6Z8,1299.0,799.0
KRTEC8ATHCVGZA9G,1999.0,849.0
USGEDRRVZCFYRADJ,299.0,249.0
USGEE6MV4XNTHFCE,399.0,199.0
USGEE4P5BUGKHE2M,999.0,849.0
USGEDDUFPQBYH6GY,1299.0,949.0
USGEDDUFDCYFSGG6,1299.0,949.0
USGEEF3QJJ7D7B2B,599.0,229.0
USGEE3GCYYWX5ECP,499.0,199.0
USGEDZUWZ9SFHSXZ,1200.0,509.0
SHOE92GFEZBFEDED,1999.0,999.0
SHOEY7HYDHGCWUPF,1999.0,999.0
SHOEY7HYNUXSNAT7,1999.0,999.0
SHOEY7HYCTPKZXUB,1999.0,999.0
SHOEY7HYSEZJQMMY,1999.0,999.0
SHOEY7HYGM3ZTQZX,1999.0,999.0
SHOECENJFCNMF9QB,1999.0,999.0
SHOECENJGFY44FBK,1999.0,999.0
SHOEBE4KZZ3PWGZQ,2245.0,899.0
USGEDX249AJ5XFKT,329.0,259.0
USGEDNR8U6ZAETKA,900.0,649.0
USGECN4WHY7M9MZJ,299.0,166.0
BALE3RD4AR3DJKCN,1195.0,1195.0
USGEBHHGHGUYVCZ8,999.0,85.0
USGEBYHXYYGCSW7D,1490.0,1490.0
BBAEB73MMMQHYYHF,33659.0,26653.0
BBAEB73MVHDCZAV5,32520.0,25905.0
USGECNEZHZVKJMJR,699.0,599.0
SNDEDKKXNZZMDVAE,2495.0,1749.0
KRTEBHDRKA5GYTYM,1099.0,399.0
KRTEBHDRQYZQEPHT,1099.0,399.0
KRTECB9G5PYEHZEH,1099.0,399.0
KRTEBT9CWJBZYZGJ,999.0,299.0
KRTECB9JF25A8YEQ,1099.0,449.0
KRTEDHDNHA9BYS8G,999.0,558.0
SNDE7UFUWPHHAX5E,1199.0,719.0
SNDE7UFUESQ8B3HT,999.0,599.0
USGEDDUFVXPVJGZS,499.0,249.0
HTHEDJCGQZ2RHXVZ,8990.0,7900.0
USGEE4CAYEJWVAF5,799.0,489.0
USGEE5MZ6CAMSUYT,299.0,138.0
USGEE5V4XBZRADYK,175.0,115.0
USGEDDUFPJG7A5GG,499.0,249.0
USGEBXU8B5DHWFYZ,2490.0,1990.0
USGEEYH623AYXGYW,399.0,248.0
USGEDDUFFFGBUBFF,299.0,149.0
BALE72NPAUVU8VDF,450.0,399.0
USGEDGJFPAWYGDDP,1099.0,599.0
USGEDUWYVYRWQJPT,399.0,299.0
USGEDXF8EN3HSKJZ,1299.0,425.0
USGEDRESZAGFHZUF,2500.0,1800.0
SNDDVP9DDCKNVAYY,1099.0,547.0
USGEBAA9BYCSYQ4H,599.0,499.0
USGEE4FHQZEUQHFA,500.0,249.0
USGEEF3QFVY8RYES,599.0,229.0
BALEYMGAFZF2RHGK,999.0,768.0
USGEDSZHJWZ7EAN2,6000.0,5500.0
SNDEC8ACKBJVVPGC,899.0,399.0
SNDEC87JCXXKG9HJ,1299.0,499.0
SNDEC88FHYEJBJCG,2499.0,999.0
SNDEAGPPEYZDGEHF,1195.0,699.0
SNDEBG5CGFAGZS6F,1199.0,1019.0
USGEDDUFBKG4QYCW,299.0,149.0
USGEDC5SVDEVBMAJ,799.0,599.0
USGDV9ZE7CM6PRRU,899.0,699.0
USGDWBQZ7FYD24WM,1660.0,1555.0
USGEDX24YE8JV76H,329.0,259.0
KRTECFZARGJYFC3Y,999.0,499.0
USGED8ZSHRYQDKGU,699.0,499.0
USGEDSHS4GAYUCU8,399.0,249.0
USGEDZUWKVQNZUZN,1500.0,549.0
USGEDSGQYRHNXWZU,399.0,99.0
USGEE2XPGZM7REGM,199.0,149.0
USGEE27EHJBEYVVA,499.0,190.0
USGEDPZZN22CNEUT,399.0,99.0
BBAEB73MGG3C43ZV,22947.0,18519.0
BBAEB73MPXNZE4EW,23129.0,18488.0
BBAE9DDYFFG3G93V,31836.0,24112.0
BBAEB73MYGVQC7KG,22995.0,18775.0
USGEE3YXGXN9FHUQ,599.0,129.0
USGEDPZYWP5GMWH2,500.0,300.0
SNDDYKR8THSHVFCE,1699.0,850.0
SNDE9BGFRGS9WJTV,2890.0,1299.0
SNDEC9REJWFXJYB4,1299.0,999.0
SNDEC9REFMEKRZYT,1299.0,999.0
SNDEC8AC4UEYZACX,899.0,399.0
GCVEAHNKHFUJPYF7,460.0,229.0
SNDE6GEYSA2KAZZF,1690.0,1014.0
USGEC8ARDDMVUS7V,399.0,129.0
USGEDSGQPYKN9YKU,399.0,98.0
USGEDEACJFWG9HX9,599.0,250.0
USGEDDUFFUEEDZAV,499.0,249.0
USGEDSGQ9W2FYVYT,399.0,98.0
USGEE3GGQGMPFM8E,499.0,195.0
USGEE6YKZAKRZKSD,169.0,110.0
USGEDX24BCNC63FE,329.0,259.0
USGEE39ZDYNZHPMT,599.0,480.0
SNDEDGQFFJXGUETF,1400.0,599.0
USGEDZF2E7VTGRCC,1499.0,1099.0
USGEDH9XQYPDEHSA,599.0,399.0
SHOE5HYUCXZXTSFE,3799.0,1519.0
SHOE7ZK8M2Q4EJYD,1500.0,799.0
SHOECT3MGNKFEDEK,1199.0,749.0
BALDFCFWC4HGQYZH,499.0,383.0
BALDK98MYRRTHZHJ,1099.0,999.0
BALE3RD4NGZ25PZZ,899.0,809.0
USGEDQGCSHSRGSYG,699.0,349.0
USGEDB2GDGTAWBPX,399.0,249.0
USGEE7ACNU4ZGY5E,399.0,199.0
USGE9BCMJNVX6ZGV,1099.0,91.0
USGE5BVUJY4DCCZF,999.0,499.0
USGEDSKFXUHKEGME,399.0,199.0
USGECEFRZYVW5UKP,999.0,749.0
USGEE2NE3GV2JCGY,499.0,199.0
BALEYMGAFVHEXBWW,2999.0,2662.0
BALECMGYGJAYBJH7,825.0,549.0
USGEDJP7GNXSPZ5Q,599.0,299.0
BALDFF7HKWGGRYHE,599.0,599.0
USGEDZUWUQHBZZFU,1200.0,489.0
USGEDQPJS7KAZRXF,599.0,219.0
KRTEDE5J2URDQUUY,1099.0,499.0
KRTEDE5J6ZJRBYAW,1099.0,299.0
KRTDZ4J6JYACSVY3,1399.0,399.0
KRTE6TC82S9TB7J6,899.0,450.0
KRTEAHVKBPC8ZE4S,1099.0,399.0
KRTEDE5JNKFXYFKF,1099.0,349.0
USGEB59MTEDYZGZH,499.0,149.0
USGEDHFC6CYC8CRS,300.0,170.0
USGEE6479VWWKCZW,1499.0,649.0
USGEEYH64QRHY7GN,599.0,350.0
USGEE5ZTJASSVBHV,1299.0,799.0
BALDK98MRHJZPHGZ,799.0,799.0
BALED8XDHWWPVHHD,990.0,990.0
USGEDSGQDG8VUQWT,399.0,99.0
USGEDDUF7F6ZWGGP,1299.0,949.0
USGE7U5M7HUUVV2Q,599.0,499.0
USGEDDUFFKX9MGSX,499.0,249.0
USGEBYYPVTTJA9JR,1199.0,799.0
USGECMER6YHJTVBE,799.0,329.0
USGEBZZ3SVFAFF5E,1199.0,149.0
SNDE9UM9JYQ4XQGU,649.0,599.0
BALDK7WGTYPFPEZZ,550.0,550.0
USGEAMADA8XHH2UM,250.0,100.0
USGEE4CAEAEEVHAF,799.0,509.0
SHOE3Q3CDZMYZRRP,3990.0,1795.0
SHOEYCF6GWHZNQZ3,3930.0,1790.0
SHOEYV38XMK2MY4F,3590.0,1610.0
HTHEAZB2FUH9FVQE,4500.0,2690.0
USGEDZAAFUVCHJA5,1499.0,599.0
USGEDDUFWWU4GB7Y,499.0,249.0
BALEYMGAPMFCMDYB,899.0,899.0
BALDD3H7BUZDSQ77,699.0,559.0
USGEDDUFKVXFHXRG,1299.0,949.0
USGDU93BCDCFUQEC,699.0,549.0
KRTECB9JBVR55SGS,1099.0,399.0
USGEDFVEXQHHFFHH,899.0,189.0
USGEBZ7UHXASBG6M,999.0,699.0
CPCEBTRXDKTSHSMM,499.0,249.0
SNDE5HVZKGM2ZYNK,2545.0,1272.0
SNDE9ZH3DVCRYRPP,699.0,499.0
SNDE665YFKXFQGJC,3325.0,1495.0
SNDDTY8GVBAT7BHC,1790.0,1790.0
SHOE86NPR6HMJGCT,2600.0,999.0
USGEDDUFPSZUH6HZ,699.0,449.0
DIAE7QHERSHBD8PB,999.0,250.0
DIAE7QHESF9HFZQM,999.0,250.0
DIAE7QHERTDGHTGH,999.0,250.0
DIAE7QHERFZEYPXT,999.0,250.0
DIAE7QHECTYZHUBE,999.0,250.0
DIAE7QHEDWYHCG2R,999.0,250.0
SHOE3MZZYSGSFNHJ,2999.0,1449.0
SHOEDN9SGYX4ZA4P,1500.0,549.0
SHOECJD9FYGHGTYX,1999.0,999.0
SHOEYGAJJQY9YJZS,899.0,649.0
CPCEAZDHDG53GMT6,2499.0,699.0
SHTECS552ZY62VPS,1299.0,779.0
SHTECS55PHTH7ARG,1699.0,849.0
SHTECS55ASVSKN2G,1699.0,1019.0
SHTED9Q4QCE7SSMZ,1699.0,1019.0
SHTECS55HGTR8YDG,1299.0,779.0
SHTECS55ZENHBUFN,1299.0,779.0
SHTECS55K6GXMDA2,1299.0,779.0
SHTECS55PWBSKCPP,1299.0,779.0
SHTECS55HYVAXBSG,1399.0,839.0
SHTECS55N9HHEAKE,1399.0,839.0
DIAE7QHESZBX5RDF,999.0,250.0
DIAE7QHEYM2MSRYF,999.0,250.0
SHOECSWQFHZEFZNZ,1590.0,649.0
KRTECBJ6DUYHNEYH,1099.0,399.0
SNDECS56GGPKKSQE,849.0,749.0
SNDE9ZWFPGUPYZTK,1499.0,499.0
SNDE9ZWFJNW2ZQRH,1499.0,499.0
KRTEDCPGRKHEAZAN,979.0,425.0
KRTEDCPG285BD4SY,979.0,425.0
KRTEDCQBV2ZFV3YA,399.0,325.0
KRTEDCR4ARHZZH4R,859.0,425.0
SNDEY46QMR5HY8SP,1699.0,999.0
SHOECRXPPT6ZNEM7,2049.0,1229.0
SHOEAGGHDPARBBEV,2699.0,1889.0
SHOEC89RCHDMV78G,1499.0,1299.0
DIAE7QHED9JXSJEU,999.0,250.0
DIAE5DGHXZHKBYFG,999.0,250.0
DIAE7QHEUJ75CGM5,999.0,250.0
SNDE8JZA27HBHUJR,1449.0,529.0
SNDE7RMR597YAKXB,1199.0,1199.0
SNDEBR4ETGGZWASZ,1099.0,499.0
SNDEARQA4U9GY6TG,499.0,399.0
KRTEDNFBBYXFESXD,398.0,219.0
SNDEDN5EEBUV9JYZ,3200.0,3200.0
SNDEBPYZGKTW3PZJ,999.0,499.0
SNDE33WXXFHJUZPD,999.0,449.0
SHOECB9GFED2RW7A,1299.0,1299.0
SHOECB9GB2WDH5RP,1299.0,1299.0
SHOECE4KAXJGR5HF,1249.0,1149.0
SHOECTF4FGM9FZNX,2699.0,1199.0
SHOE2DG2XC5Z9YUQ,2899.0,1449.0
SHOEBGHDMFRCS6UZ,2999.0,1099.0
SHOEBHBH3DTB5AXP,2999.0,1099.0
SHOEBHBH5DSMMPFA,2999.0,1099.0
SHOE6VTKJZUXHDAT,3799.0,1519.0
SNDEDEWN7MEQVQUN,1199.0,599.0
STIEAE2Z2JKZHKNH,8999.0,6799.0
STIEAE2Z8QXAZSD7,7299.0,5499.0
STIE67GJBCF7YFGX,11299.0,8499.0
STIE78RVZS6NH3SW,8599.0,6499.0
STIDZZTWRGFHMNCZ,5899.0,5279.0
STIEAE2ZRKWBFNSP,7299.0,5499.0
STIE67GJZUHZG9C6,16399.0,12299.0
STIEAE2ZAHKFJJMU,7299.0,5499.0
STIE8XF6AUHBWDMB,5268.0,4789.0
STIE7VYZRDVMCHFH,8599.0,6499.0
STIE67GJUZVM3ZR4,10799.0,8099.0
KRTEBZNZ8PEXYAZS,1399.0,399.0
SNDEDAPKZGGEGYHV,1499.0,999.0
DIAE7QHE9SSGVYUW,999.0,250.0
DIAE7QHEPA9DFGBR,999.0,250.0
DIAE7QHEKN2B2CWN,999.0,250.0
DIAE7QHE3V6TZFAY,999.0,250.0
DIAE7QHEAAHFPXZ3,999.0,250.0
KRTECBJ6FVXKPP2X,1099.0,399.0
KRTECB9GQYNDQ2XE,1099.0,499.0
KRTECGBJWSYTBFHR,999.0,725.0
KRTECTDVFEZTMBBN,1899.0,359.0
KRTECTF4GCCTTX3H,1299.0,299.0
KRTEBY572BTUAQFD,1299.0,499.0
SNDE6VTHVHHK7KKF,1699.0,1189.0
SHOECSQ74H5CX2QD,1770.0,699.0
DIAE75MK9X9SGMN6,499.0,249.0
SNDECYKYAECBGGAW,1499.0,449.0
DIAE5DGHNXFXRCFB,999.0,250.0
STIE6JA4HD3YRENC,3099.0,1549.0
SNDEAKUHHYRN6UBN,999.0,399.0
SNDE9K8GDKUZHGZY,2399.0,599.0
SHOEYAYFVXGSD6ES,1958.0,699.0
SHOEYB2FN5Y2FH7N,2499.0,999.0
SHOEYAYFZYJEK2TN,2499.0,999.0
KRTEBUNTZB7PSB9N,1399.0,549.0
SHOECD8GFBPPBPVM,1499.0,799.0
KRTEBUHFKFMUYGEG,1399.0,549.0
BBAECHGKFYZTWZJM,499.0,499.0
SHODW69CFTFTCWUP,1499.0,599.0
SNDE9ET8T6HZQKGW,2200.0,1650.0
SNDEDZADYMGG9PYH,1350.0,995.0
SNDEDN35GV9N6CCY,1000.0,795.0
SNDEEF4THKPERDG9,1499.0,1095.0
STIE34TGNPF6MC8K,249.0,149.0
SNDE62HESWDCRFZP,1695.0,1017.0
KRTEDWJ9FWAXRUYD,949.0,749.0
KRTEBSF5NPC5EVE5,1599.0,549.0
SNDEFS7QNHMY8NG7,1299.0,999.0
SNDE9G8EHTUXGSWF,2220.0,599.0
KRTEE4V2SHSGTNHG,999.0,399.0
KRTECH8XA8YFA5TP,1999.0,579.0
KRTE7DBHH9GHYGUD,999.0,349.0
KRTEDGXBEATBAB2Y,2999.0,1199.0
KRTEDQ3VXKYHSHFS,1299.0,910.0
KRTE5SS9GKZ6FWDG,1499.0,349.0
KRTE5F842WBVE5NQ,850.0,299.0
KRTE67ZQ5XYDYZNH,1399.0,735.0
SHOECZGYZ5ZCDFTX,3999.0,1999.0
SHOECNQR5ZPRMBBX,5099.0,2299.0
SHOED36FPJ9WYBJK,1750.0,999.0
SHOECZGYCGCZGJZ5,3999.0,1999.0
SHOE677YVH6B3RKB,1799.0,1619.0
SNDE9MVWDSTTUJYS,999.0,799.0
SHODYYX9N2ZM7CYY,3499.0,1799.0
KRTEAKYFHATYPAGJ,1099.0,1000.0
SHOEYCD7A2XQNBEY,1499.0,599.0
KRTE6Z7AGW3UF68Q,999.0,299.0
KRTE6RHPFXYBVXVQ,999.0,299.0
KRTECEKTKDYZFYH3,999.0,299.0
SNDEBKWJ3ZHXQGEY,1499.0,499.0
KRTEDE5JSEMGBTYJ,1099.0,499.0
CPCE8HXMPKA8PJ99,499.0,199.0
CPCE8KSMZHHBFUDS,2499.0,699.0
CPCE8KSN7FXHU4G2,2499.0,699.0
SWSEYRJPSRHA3PTV,2499.0,799.0
SWSE2QQFFZSYKSVU,1679.0,674.0
SWSE4B85NSDCAUEZ,1299.0,1299.0
SWSEDHHRZCEEAU8U,1749.0,696.0
SWSEAZ8EKDDSDGXH,1699.0,749.0
SWSEBFKBZHFQRAS2,1699.0,749.0
SWSECBGZZTGPTFXZ,1299.0,1199.0
SWSEDJB6YF2HHUEJ,1299.0,1299.0
SWSECTZC4CH4P8GS,1199.0,1199.0
SWSEBHCUZHHZZZP2,2999.0,949.0
SWSEE2GKW9QZZKVJ,1499.0,879.0
SWSEBFKBPXYHPDV4,1699.0,749.0
ACCDXFFCBJ3CGRYF,2800.0,1790.0
ACCDXFFBYZTCAMRN,2800.0,1150.0
ACCDXFFC3VSUFGYC,2800.0,1790.0
SWSEYSUPXXHNZM4Y,1199.0,1199.0
SWSEAZ8ESD8ZYXGM,1699.0,749.0
SWSEDHHRMFGGHWS8,1749.0,692.0
SWSDQ3H3YHVJRUDR,1099.0,1099.0
SWSEBXYY8KDH842P,1899.0,549.0
SWSECMMQJYJH79XZ,1299.0,1299.0
SWSECZHKFEYWVYXN,1299.0,909.0
SWSEEF4TPX3GYVS9,1535.0,1099.0
SWSE2X78PMAUTVHF,1500.0,1050.0
SWSEEFMGEWCF3ZUS,1789.0,478.0
SWSE2QQFZFAHU6HS,2599.0,674.0
SWSEFUNK9Z2WKVCA,1099.0,449.0
SWSEEF4TZ2HVKDZN,1535.0,1099.0
SWSEBWYCGGNCRXJH,1595.0,1261.0
SWSEE7VTBNR4G6DQ,1299.0,1199.0
SWSE4DF6YZG3TDAE,1299.0,1299.0
SWSE4CNDZMMCJGM6,1299.0,584.0
SWSEDF3JZGSGHPFF,1495.0,1195.0
SWSEA2GHUGSTYG6G,2495.0,899.0
SWSEC8PKPENKTGVF,1599.0,1279.0
SWSEDHHRPHUECYAY,1749.0,696.0
SWSECNJUAX2DBPDW,1499.0,1099.0
SWSEA2GHZUKKZNCX,2495.0,899.0
SWSE9ZHPG5FTCYSY,2495.0,899.0
SWSEYFY2E6P8HYSP,2495.0,899.0
SWSE22FP6CPFS45P,2080.0,399.0
SWSEE7VSWJQBHKFQ,1299.0,1199.0
SWSE4DF6VQENZZGG,1299.0,1299.0
SWSE36FPYKT5QHTM,1195.0,1075.0
SWSEEF4TZZJE5VNY,1675.0,1199.0
SWSEYZ7FNGYKDC7Y,1295.0,1295.0
SWSE2DKNT4YZFCKD,1495.0,1047.0
SWSEBFKBVFU7CHZG,1699.0,749.0
SWSEEYBDRVBXGCBZ,1999.0,499.0
SWSEBFKAWVFJDQE5,1699.0,749.0
SWSEBN36WQY6UZAT,1399.0,1049.0
SWSE94HVZNARGFWQ,2495.0,899.0
SWSE35BZH5UUWENW,1520.0,1216.0
SWSECUCFQQPWKTSA,1399.0,1119.0
SWSE3N3YRXWAYXKQ,1155.0,1155.0
SWSEFYY44FR4CXAA,1199.0,1099.0
SWSEEF4TW4TFKNQW,1825.0,1299.0
SWSEAZ8EV3BA9CMQ,1699.0,749.0
SWSED69HYC7XK9W9,1490.0,696.0
TSHEFC49GXXR8SYG,799.0,479.0
SSKEGDY6TVVGYPMQ,3999.0,2999.0
TSHEFC4BSHJSJHAK,399.0,239.0
ACCEGAMFBVNMRFAU,999.0,299.0
TSHEFC49T6VCSYGS,799.0,479.0
TSHEFC4DQUTHNT6Y,699.0,419.0
TSHEFC49YBFGDRKY,349.0,209.0
TSHEFC49FBZQFNCQ,499.0,299.0
TSHEFC4BWHN3K5HA,399.0,239.0
TSHEFC4AYHDXFDNK,499.0,299.0
TSHEFJ3FGRGQNRYD,699.0,419.0
TSHEFC4CNFWHDYJT,699.0,419.0
FABEJKJ2UAWA3JXC,15940.0,3985.0
ACCEJMAZCNQPU3BG,549.0,399.0
FABEJNWZUDGDCMBZ,1299.0,449.0
SKIEGGBVBJHENQ8C,599.0,287.0
SMNEGHFDXTMHVNJE,500.0,199.0
SKIEGRUNUJ353ZTY,2999.0,599.0
SKIEGJZT9JNHSV3B,1147.0,397.0
FABEGCZQPT3VWTQU,3699.0,2649.0
FABEHAED9RGAMGHN,799.0,435.0
FABEH7XBBN6P9JEE,690.0,475.0
SHIEHWZZJGZYHQSZ,2470.0,2300.0
FABEHAEDAWVHTXB2,825.0,425.0
FABEGC2G3CVZUT5Y,750.0,434.0
FABEHEKDFBMVKSRG,800.0,449.0
FABEGD5GGRMN7HTV,3599.0,799.0
PHFEGTJJ5HD9FYGF,875.0,649.0
PHFEGTJJFSMEJV25,775.0,549.0
PRMEGT8Z6RCS7XYP,8241.0,2763.0
ACBEHGARRYXEA4FA,1900.0,599.0
WBTEHD8V9NYHZFNK,799.0,399.0
TSHEHHHDSKPYGUW2,1099.0,519.0
TSHEHHHDTJW6EUCH,1099.0,519.0
TSHEHHHEXWHTRDFJ,1099.0,519.0
JCKEJHAHFHBHQS9W,19999.0,5999.0
JCKEJHBB7RHYFE6U,20330.0,6099.0
DREEGQ4E6YAHVS6Q,1295.0,1295.0
JCKEJHAUBCQZGTEB,19830.0,5949.0
LJGEG6UDW2EBZQQ2,649.0,519.0
KTAEJ8C64UYYN8M8,1500.0,1500.0
KTAEJMAGF5PPDETQ,999.0,474.0
KRTEJ6YN6AWRYHFH,3900.0,780.0
MAREJMJB9HFBCFNA,249.0,225.0
KTAEJJCHNHBQ9YFN,799.0,379.0
KRTEJ7FYEUYZJQHX,3900.0,780.0
KTAEJM2HBGVBURPX,1750.0,850.0
KTAEJJCHWJGMMF5Y,899.0,499.0
SWSEJFF7HZU5ZCQZ,1495.0,748.0
KTAEJJCJSRQGZMZR,999.0,474.0
KRTEJ7ATQGNMW6QV,3150.0,630.0
KRTEJ7ATWVYZT3QZ,3150.0,630.0
KRTEJ6YJPMV2RM9Y,3150.0,630.0
KRTEJ8EWCZNMX9YM,3150.0,630.0
KRTEJHFEDSHWJXKA,1999.0,664.0
KTAEJHDKFWHH7YC8,3950.0,2750.0
ETYEJHUVAXBBXYGW,449.0,319.0
KRTEJ8F4UY22RXWV,3150.0,630.0
KRTEJ6ZCVHZAD9C9,3300.0,660.0
KRTEJ6ZDJMD6MCWS,3900.0,780.0
ETYEJGWZX9U43GKT,499.0,499.0
KTAEJJCMAW9AZGZY,799.0,379.0
KRTEJ8EU4XNGWMFQ,3900.0,780.0
KTAEJJCGNBEVSDFZ,1299.0,799.0
KTAEJMAGQYBUW7QG,999.0,474.0
KRTEJ6Z95RVHZXFS,3150.0,630.0
KRTEJ8FYEHAESH7B,3150.0,630.0
KTAEJMAHHPF7UD7G,999.0,474.0
KRTEJ8F5XHAG6AXH,3150.0,630.0
TROEJGY23MHWX7UD,4999.0,1449.0
TROEJGQ4FEHRNNNU,1099.0,499.0
TROEJFPS83H8QSXH,999.0,399.0
ETYEJFSTCF6XF4VF,499.0,299.0
KTAEJM2HDVVMKKSD,1950.0,950.0
KRTEJM6SMN9ZEDGD,4950.0,990.0
BDSEGGFARZSB4SHY,2199.0,1499.0
BDSEGG8BKWBVMPZK,2999.0,929.0
SHOEGHFQKGQVSGHH,1799.0,1259.0
SHTEG7MX9Z6TFGHH,1499.0,499.0
SHTEG8BF4GURDGHF,2499.0,374.0
SHTEG8BDHDHMXKRH,2499.0,374.0
SHOEGHEEEZETGJNZ,1398.0,648.0
SHOE3F2BUTFVYGFR,499.0,329.0
SHOEGH57PWW9SBZU,699.0,324.0
SHTEGHFEUEVC9GCB,1649.0,494.0
SHOEGHF65YWUABWJ,999.0,499.0
SHTEG7MW9GWDJZUG,1499.0,399.0
SHOEHFB7WU5C4HBD,2499.0,1999.0
FABEG7D8SFXTJCUD,2599.0,999.0
UMBEGBPZVYPXJ62X,1999.0,349.0
HGLEA2G4YBK3JHZM,700.0,399.0
BEBEGAREKEHWEHZS,2299.0,899.0
FABEG7D8CVH8YJAQ,2599.0,999.0
FABEG7D8C8MMFGNJ,2599.0,999.0
BEBEGAREZQXPEKFZ,3899.0,1149.0
TFHE8JZHRSBKJMCT,1499.0,499.0
TFHEEDQYATZ2PZKD,999.0,279.0
BOLEGKFE8HMS4AFH,550.0,330.0
TFHEHAG9WBPF6PBF,649.0,494.0
TFHEDAGBZTUSQ7ZV,789.0,298.0
IRBEJURJN28BV5UT,2950.0,1580.0
SHTEF3VTXKX3SMUF,1025.0,1025.0
SHTEBG37THM95UTQ,1299.0,499.0
SHTEA6GAMT6ZJDMX,1999.0,1599.0
SHTEAEKYBHPQTNZK,1199.0,449.0
SHTE7ZPZZY64JF72,2650.0,650.0
SHTECNH2JMGPVZTZ,1249.0,499.0
SHTEB3NDSXVBM4FT,1899.0,1899.0
SHTEDAZ5BNB7FASE,1899.0,1899.0
SHTECK8AG8ZKFCBG,1799.0,1099.0
SHTE5GVFBGGGHVDM,1749.0,787.0
SHTEDAZ5D6YZYZHY,1399.0,1399.0
SHTE6HF2D8HKHMYS,2599.0,1299.0
SHTEBYSV9K99AEKT,999.0,345.0
SHTE7RM6C8HKZGB6,1099.0,660.0
SHTECFAKNASP6VVJ,2099.0,799.0
SHTEBYSVAMUGG9PP,999.0,445.0
SHTECHC25EWP8K4D,999.0,499.0
SHTEB3NEBYFFCWFW,1599.0,1599.0
SHTECNPQVFWH8Y4M,1699.0,999.0
SHTECFKRHHSS6EFZ,999.0,999.0
SHTEBG36QFJGDXQV,1299.0,499.0
SHTE9Z4ZMSRYHYFY,799.0,399.0
SHTE93ZZMSWNZ7RM,1750.0,1750.0
SHTEC89DFNKGQYWN,899.0,499.0
SHTE86NPD2HHYFNE,1699.0,849.0
SHTEBQ5W9ZXGHBZZ,2100.0,465.0
SHTEBSZUHGZJSYR2,1200.0,840.0
SHTEYRQCPT67AEG5,1099.0,714.0
SHTECHZZ2MAXJZ2F,929.0,929.0
SHTECHZZQYM5SGHY,849.0,849.0
SHTE8W9NGF9G6CCF,999.0,329.0
SHTEBXSHEVZCHKAD,1297.0,927.0
SHTEF3VTKZT2FUSG,1025.0,1025.0
SHTE2MET2HCRHCJV,799.0,799.0
SHTEBG37QD6P4TAH,1299.0,499.0
SHTEDE4VCSFP3PUV,899.0,584.0
SHTECV69KMGUCXM7,999.0,499.0
SHTE3GBSY2ZGCNXM,795.0,795.0
SHTEDDZNRHK7753J,2099.0,1679.0
SHTE8X8ZME6THZ7V,599.0,360.0
SHTECHZZHNYC9BGG,799.0,799.0
SHTE75NFZEQHJGVY,799.0,799.0
SHTEA6GAJRMXPQ8Q,1899.0,1519.0
SHTEA572MCFG8YZZ,1399.0,698.0
SHTE7RM6SDNRDNAP,1299.0,780.0
SHTE93ZZU4ARACZF,1475.0,1475.0
SHTE92Z4SUV7AHDY,875.0,875.0
SHTEAKRZWCHHZEYP,799.0,449.0
SHTECYFAZRXUGX96,999.0,499.0
SHTDVZK6CQYERBPP,899.0,539.0
SHTEDHSCXXHKSP3W,899.0,549.0
SHTE5YGPNDNCZV3B,650.0,335.0
SHTEAFH2FEDNGVR4,799.0,449.0
SHTE4Q73DHFZEZHC,599.0,599.0
SHTE2FBNHEJQSZUF,1899.0,759.0
SHTEBYSVEZDCQZEB,999.0,345.0
SHTEA6GADZQASG6G,1799.0,1439.0
SHTECYQEVAKY9Q4P,1999.0,599.0
SHTEAE8H4HGY8URZ,2250.0,2100.0
SHTEB9BVVVB2HMBF,1999.0,999.0
SHTE6P4CYEHSAZD6,1949.0,449.0
SHTDZDRP2JGKKUWT,1299.0,599.0
SHTEBZ74YGTJBZR4,2100.0,465.0
SHTED4WPFGZWA9N5,1999.0,599.0
SHTE8V5MPX8MKWWH,599.0,360.0
SHTEDGGNBXVAZ7UC,899.0,549.0
SHTE3694GXNS6BHX,1399.0,1399.0
SHTECWFBJWJ4WXRG,999.0,499.0
SHTECYFAT7H4SBGZ,1299.0,649.0
SHTEDE4VQACHZVQV,899.0,629.0
SHTEAE8HHAH3GCWY,2250.0,2100.0
SHTE6RHTHFGZE6VV,1000.0,449.0
SHTEBZ74YN7WV8FF,2100.0,465.0
SHTDWZYNATSCDQQG,699.0,418.0
SHTECX5DGAETNX3E,1999.0,599.0
SHTEBG36RCPGDJYE,1299.0,499.0
SHTE8X8YDXS7TQDP,599.0,360.0
SHTE6P4DSFYZGGGU,2099.0,449.0
SHTEAXG48CRSMTHX,999.0,455.0
SHTE5C2HZYNMJ8SX,1699.0,764.0
SHTDUXG9KZ9R9PVZ,1520.0,1520.0
SHTECK8AGSFEMA6E,1599.0,899.0
SHTEBYMYFM22MGZB,1400.0,980.0
SHTE5YGQBHGYJUGP,650.0,335.0
SHTECJPBXNATSCCH,1999.0,1999.0
SHTEA6GAUYXXGS2W,1899.0,1519.0
SHTEDE4VGHNKGFVC,1099.0,769.0
SHTEDC4FZDVU2AE6,995.0,950.0
SHTE8W9N87ZZ3YFG,999.0,329.0
SHTEDE4VSWF4WQF4,999.0,699.0
SHTE9UZBRZNTUQTN,1199.0,499.0
SHTE6P4DDKQEEUSX,1749.0,399.0
SHTEA6GA2PYVQ4ZP,1899.0,1519.0
SHTECV69MERCRZNR,1199.0,599.0
SHTEB9BVNYUYFNH6,2299.0,1149.0
SHTE6RHTYXHMZ5FR,1000.0,449.0
SHTE9KD43YWMW7WM,599.0,399.0
SHTEC88NBMXYK5ZD,399.0,399.0
SHTDUXG9QTRUYSF3,1520.0,1520.0
SHTE93ZPTWPFQQZG,1475.0,1475.0
SHTEB9BVQ67VUZY6,2099.0,1049.0
BLAE3WR6AGC8ZW48,4999.0,2999.0
BLAE3WR6TST46SNT,3999.0,2199.0
BLAE3WR6FA7FPRKQ,5499.0,2999.0
SWTDSG8ZXFMKUF9U,1695.0,1695.0
BBAED4XN24ARGDJA,699.0,300.0
BBAED8D9WYU2798P,600.0,300.0
BBAED5FYB5VMPYAF,699.0,300.0
BBAECT3MZTAFWVF7,1999.0,599.0
ACBEAKUFWNGHDNXZ,2749.0,1099.0
BBAED8EJ5ZEVTCHG,798.0,399.0
TKPEYPC7GHJ2ZNCV,1099.0,599.0
TKPE7ZNGUGSACZJ2,1008.0,655.0
TKPEC89TSZG47HHQ,549.0,220.0
TKPE9GRBBH8G4SHX,999.0,399.0
BTWE968V4KCVPFZW,2299.0,999.0
BTWE953YQZ5JDQMF,1799.0,669.0
BBAECH62WNHFZ4GU,1929.0,1447.0
BBAE7YXHGRREUWXG,1900.0,1520.0
BBAEB64FHHFVTZ6N,350.0,229.0
BBAEB64FETUZSTZV,1199.0,399.0
BBAECGRZ4HHCF7YX,1100.0,899.0
BBADZYTUFZVWZZZJ,1070.0,369.0
SWTE75UBP4YZCNFY,1699.0,1019.0
BLAE5Q8ECEPHF2U2,4499.0,2899.0
BBAEAPABZDNTUTZG,1200.0,550.0
BBAE9VRNJXQDTTRM,1299.0,699.0
BBAE9VRNE9E9NFMZ,1399.0,699.0
BBAE9VRMGB42GDZG,1299.0,699.0
BBAE9VRNGFRNMHET,1599.0,899.0
BBAE9VRMDSTGHVKG,1399.0,699.0
BBAEARGUS6XVGBT8,2499.0,2499.0
BBAEDZ9VZTDNKUQZ,2599.0,2359.0
TKPE7DH2BQNDHNAK,599.0,419.0
SWTE9S6EWCYTSBGZ,1999.0,899.0
SWTE96W3CSX4DMXJ,1999.0,700.0
SWTE9S6EWK9ZUSQ6,1999.0,700.0
CPCECFY5BYTYVSKE,1399.0,799.0
SWTEDW5NZH6MSQSE,1999.0,699.0
CPCECFY5FJ2MHPZE,1399.0,799.0
SWTDSG8ZN9PMPYWK,3300.0,3300.0
SWTECY4G3YABRCHC,1998.0,1099.0
SWTE9S6EGEAKAWBQ,2499.0,999.0
SWTE9S6FG3DPBACN,2499.0,999.0
BBADSEZDSZZHYGRG,1599.0,1498.0
BBADSEZDJSJZ9YJB,1599.0,1498.0
BBADSEZDY866N8E3,1599.0,1498.0
BBADSEZDHKXKHAHZ,1599.0,1498.0
BBADSEZDTFDW6BPD,1599.0,1498.0
BBADSEZDTVABF35T,1599.0,1498.0
BBADSEZDT23SRB6W,1599.0,1498.0
BBADSEZD52PWFMZW,2609.0,2047.0
BBADSEZD4HMTPGFZ,2529.0,1983.0
BBADSEZDCQGP4JAE,2418.0,1894.0
BBADSEZDGMJKZZ46,2029.0,1583.0
BBADSEZDQVMBRXQE,2868.0,2254.0
BBADSEZDVD7EJ9Z5,1818.0,1415.0
BBADSEZD9SMFHPHQ,4915.0,3892.0
BBADSEZDGCM5DQMX,3264.0,2571.0
BBADSEZDJ6GUW2PX,1872.0,1458.0
BBADSEZDMXD7G6TZ,2334.0,1827.0
IFPE7828KFDGJKTZ,3999.0,1998.0
ACBECSFFNEUFZSYE,2499.0,1029.0
ACBECT5UXYVB6EHX,2599.0,999.0
ACBECT5UP4YDFNXH,2599.0,999.0
ACBECSFFCM9GJXHK,2099.0,859.0
BBAEBNNHUBKTAZZU,450.0,300.0
ACBECT5UXKDWDRRE,1999.0,859.0
BBAE6G4QQRGRFZNE,1789.0,1199.0
BBAEBDYBVEVGGHBW,750.0,620.0
BLAE2CBGPESYDUBH,6999.0,2410.0
BBAEASSYZ53MG3ZZ,1500.0,399.0
BBADXFQG5SQPQ52G,1000.0,299.0
BTWEC899ZNB9XH3Z,439.0,439.0
BBAEB6BPKSVXYZSZ,3000.0,450.0
BBAEBZVC2AGGJVTG,649.0,175.0
BBAE4DS7AJPPPZ96,499.0,199.0
BBAE9HP7CZME8UKA,1080.0,250.0
BBAE5CZVAPSQX2HX,799.0,210.0
BTWE7FNDPXZS6UKZ,999.0,539.0
CPCEYYYJHNHDYRFH,799.0,418.0
CPCECJPCXYCG5XTY,999.0,449.0
BBAE6KJ72TSF3JNZ,2150.0,1290.0
BBAEBWSTTA7WGDUH,1199.0,599.0
BBAE5G26HRQJTHZS,1498.0,449.0
SHOE58EKXSEYAYX6,2699.0,989.0
BTWE3VWM9HENTJXC,800.0,369.0
BTWEYHEHZGE7JTDJ,999.0,999.0
BTWEDFS9HU3WDRC6,2999.0,949.0
CPCECHAPUTYFU9WF,1899.0,1093.0
CPCEDGM4RPXJHBHG,1299.0,580.0
SWTEC9Z2URZYRBGR,1299.0,909.0
BBAE3JRHGSBAGYEH,2800.0,1500.0
BBAE3JG36578NUYZ,5500.0,2800.0
SWTE9S6FFQEHQFFU,2499.0,850.0
BBAE3JRHKGVYUS7S,2050.0,1000.0
SWTEBZX4CA9CBDEG,1499.0,899.0
BBAE3JRHGNSJH8ZK,2010.0,1000.0
SWTE9SZG8ENYGPG4,1999.0,899.0
BBAE3JG3HZMARBFP,2450.0,1300.0
BBAE3RFEKUANZSZD,550.0,310.0
BBAE3RFETHDGCVUY,1299.0,600.0
BBAE3JRHMQRQNGAZ,2500.0,1350.0
BBADYG7WQZZJVQCT,799.0,349.0
BBAED8NATZ4YMD95,798.0,399.0
BBAE3RFEQ32TQEQN,1499.0,750.0
BBAED4Z4QQZJDYKJ,700.0,350.0
BBAED5CEEVUGRKBE,998.0,550.0
BBAED54BSUEQTNNU,900.0,450.0
ACCE9Z2HDVTHQHVF,2199.0,599.0
ACCE9Z4KESHGADU6,2199.0,599.0
SHODZ9AKGHEYPWGT,999.0,449.0
ACCE9Z5RCNTPHPCQ,2199.0,599.0
SHODZDFBUZVTNZUH,999.0,449.0
SHOECQP4GGYF9GPN,1099.0,799.0
ACCE6SJGGXPUXDGJ,1499.0,549.0
ACCE6SJGZFQ6K5DC,1499.0,549.0
SWTEDAN6BF6ZKGTV,2499.0,2499.0
ACCE9Z4K5FC8AH4U,2199.0,599.0
ACCE6SJGZYJVZJZ9,1499.0,549.0
ACCE9Y6PJWFWGRHG,2199.0,599.0
ACCE9Z5UMATEYZTR,2199.0,599.0
ACCE9Z2HHHHFYXGQ,2199.0,599.0
ACCE9Y6M2JWF5CYX,2199.0,599.0
ACCE9Y6M4FUKSHEH,2199.0,599.0
ACCE9Y6MAQHSJ9ZZ,2199.0,599.0
SWTEA3CAQKSEGPKB,1595.0,999.0
ACCE9Y6RDXTNY5PZ,2199.0,599.0
SWTE32FVAMHAMTYZ,1595.0,999.0
SWTEA3CA22TZEWWU,1595.0,999.0
SWTEB85ZQMMH8F5P,745.0,745.0
SWTE3F7SPWDBYRZT,1895.0,1199.0
ACCE9Y6M3WPVUFVZ,2199.0,599.0
ACCE9Y6MTHMC4ZFN,2199.0,599.0
SWTECFYFTAWD79ZG,1699.0,1399.0
ACCE9Z2HGNFYYMCA,2199.0,599.0
ACCE9Y6VN5ERHYKW,2199.0,599.0
ACCEA4CAG7K4BFQZ,2199.0,599.0
BBAE9YU49THX7DVY,999.0,499.0
BBAE9YU4VNAVMKEN,1399.0,699.0
BBAE9YU4BTHJUPRF,1399.0,699.0
BBAE2YHCGG47BPH3,1048.0,524.0
ACCE9Z2HBDWY8S9N,2199.0,599.0
BBAE66EF9DP5PFTY,1199.0,599.0
BTWDZHJG9GYG646G,735.0,545.0
BBAE66EFESWZBPG6,399.0,199.0
BBAE66EFRAVFD669,1399.0,699.0
BTWDZHJGZHKPHDSG,735.0,680.0
ACCE9Z2H52CBT9EE,2199.0,599.0
BBAEDVTCRGHW8ENF,7199.0,3599.0
BTWDZHJGSFJ4SQ8G,720.0,375.0
ACCEA4DZQGWAG8SJ,2199.0,599.0
BBAE4B3ZU44CMGCJ,798.0,399.0
ACCE6SJGMFDDVSYZ,1499.0,549.0
BBAE9YU4HCTYSFZ5,1399.0,699.0
BBAE9YU4PSQBFWQ6,999.0,499.0
BBAE9YU45BS8XJPJ,1399.0,699.0
ACCE6SJGHMWAGSMP,1499.0,549.0
ACCE9Z5RHFTSQXZH,2199.0,599.0
BBAE66EFR4UK4WYH,399.0,199.0
BBAE66EGCGESRFMC,399.0,199.0
BBAE3529WRMHGJNR,748.0,374.0
ACCEA4DZUSSGHFAH,2199.0,599.0
BLAE7WMQJKGSDGHT,1999.0,895.0
BBAE66EGGACJ7ZYE,399.0,199.0
ACCE6SJGHMB4T4WZ,1499.0,549.0
BBAE66EF57BJYBJ4,1399.0,699.0
BBAE66EFAAZJPF7M,599.0,299.0
BBAE66EFFAHZTD9T,1199.0,599.0
BBAE7NV7VGADXVYS,999.0,499.0
ACCE6SJGQHWHN8UZ,1499.0,549.0
ACCE9Z5VKYR28GTX,2199.0,599.0
ACCE9ZY9DQH96FET,2199.0,599.0
CPCECSABG58X5KHG,1199.0,999.0
BLAE3WR6GYNKR5DU,5999.0,3599.0
BLAE3WR6ZQFCHFYE,6599.0,3999.0
SWTE2TFGHRBZHKUS,1499.0,749.0
BLAEY7MBHU9EGAZA,7198.0,4049.0
BBAED4Y9XDBEVYQ7,798.0,330.0
ACCE6SJGT2RKFPFZ,1499.0,549.0
ACCE6SJGGYETZZNY,1499.0,549.0
ACCE9Y6QVZJFRWWA,2199.0,599.0
ACCE9Y6MK7Q8GYKY,2199.0,599.0
ACCEA4BDBJVK7BGQ,999.0,599.0
ACCE9Z5UMVQZG7CG,2199.0,599.0
ACCE9Z5RUADP3CPZ,2199.0,599.0
ACCE9ZY9TEGEBGHP,2199.0,599.0
CPCE2ZMDXHZ5Z2HJ,499.0,299.0
ACCEA4DZW4GZ3J6Q,2199.0,599.0
ACCE6SJGWCZHWNAF,1499.0,549.0
ACCE9Y6QMPYQNCBZ,2199.0,599.0
ACCE9Y6MTGFGA4CZ,2199.0,599.0
ACCEA4BDCPB3A8BH,999.0,599.0
ACCE9Z2HTUFZRNFF,2199.0,599.0
ACCEA4CAW3E3ETWG,2199.0,599.0
BTWEBZYHA6ZFBWK4,599.0,549.0
BTWE8ANHH8MCSXZA,1099.0,270.0
BTWEBRD4PJUZZ7P6,599.0,549.0
BBAEAEZ2EYWXWGZS,999.0,749.0
ACCE9Y6MMCPATM3H,2199.0,599.0
BTWEBRD3XC3TNZU7,599.0,549.0
ACCE9ZY9K4BHVYNA,2199.0,599.0
BBAEA49HNDNQYGJU,529.0,295.0
ACCE9Z2HKHDGH7JY,2199.0,599.0
BBAEA49HHKJTPHWV,547.0,322.0
BTWEBRD3Z9PTDBDF,599.0,549.0
BBAEA49HQKRYCR4Z,529.0,295.0
BTWEBRA5GTSGAANQ,599.0,549.0
BTWEBRA57GQYCN3W,599.0,549.0
BTWEBS9EJHDCSCNY,599.0,549.0
BTWEDCYYZEGXFXCT,1499.0,1141.0
BBAE6NYHCDTEZJTB,470.0,423.0
BTWEBGG5Q56MQ5YJ,900.0,675.0
BBAEDFFKZJTY7SZZ,1200.0,1200.0
BTWEBUHYYNMZ77FN,999.0,599.0
ACCEA4DZH6M5SFVH,2199.0,599.0
BBAEAXFQHHMF3EYZ,2499.0,649.0
BTWEBX2SHBRWEZYW,1850.0,999.0
BBAECH63WYDG6TE2,1629.0,1222.0
BTWECGZYWFZGQJCF,799.0,399.0
ACCEA4DP7GZWHHR8,2199.0,599.0
BBAECF98YZGZBV9E,575.0,400.0
BTWEBRYFPZQDCGJC,799.0,649.0
ACCEA4DZHGHEMJWZ,2199.0,599.0
BBAECF98BEW95BFS,575.0,400.0
ACCE6SJGYPXKWVX7,1499.0,549.0
ACCE9Z5RPJZNGRTQ,2199.0,599.0
IFPDFZMGQZCHXVR5,699.0,440.0
ACCEDQPJNCJARHVX,1299.0,699.0
ACCE9ZY9SMY2NEB4,2199.0,599.0
ACCE6SJGGXQE3E8A,1499.0,549.0
ACCE9Z5RHTDH6WNG,2199.0,599.0
ACCE6SJGJRJB73ZR,1499.0,549.0
ACCEA4BE9VZGJTE2,999.0,599.0
ACCEA4CA9YCJQRKB,2199.0,599.0
ACCE9Z2HKDMZMDAH,2199.0,599.0
ACCE9YWEFM7KTXVS,2199.0,599.0
ACCE9Y6R3QSTFYEF,2199.0,599.0
ACCE9Z2HHQYKCUF9,2199.0,599.0
ACCE9WVGYABHS8J4,2199.0,599.0
BTWEYHEHGEHZP4RV,599.0,599.0
BTWEYHEHMWUPMZM8,599.0,599.0
BTWEYHEH6MF6GET4,599.0,599.0
BTWE4GQS9TZHKHY4,800.0,800.0
BTWE7GTGSHBTEZC8,999.0,699.0
BTWDSZQTJTXGBGPU,1645.0,1645.0
ACCE9Y6PCTFY6NZP,2199.0,599.0
ACCE9Y6QHSHZ6NWK,2199.0,599.0
ACCE9Y6QYCMQBRMU,2199.0,599.0
ACCE9Y6RHQKUXXCS,2199.0,599.0
BBAECRF7EH8TVRCD,1150.0,470.0
BBAECH62RUVBWZY3,3739.0,2804.0
ACCE9Y6RPGPSZNB3,2199.0,599.0
BBAEACAAGGKUMRFR,547.0,295.0
ACCE9WVGMFMTASR2,2199.0,599.0
ACCEA4BDRZZCTJFV,999.0,599.0
ACCE6SJGHNUGZWVH,1499.0,549.0
ACCEA4BDRSK2UBEY,999.0,599.0
ACCE9Y6MKRUSHXZX,2199.0,599.0
ACCE9Z5VC6QH7QS7,2199.0,599.0
ACCEA4BDS6FDHZY6,999.0,599.0
ACCE9Z4HNKAC7KGA,2199.0,599.0
ACCE9Y6VXWTFBXNS,2199.0,599.0
ACCE9YWEXMX6NHEG,2199.0,599.0
ACCEA4CAGEJMVCXH,2199.0,599.0
ACCE9Y6QFEZZ3RFC,2199.0,599.0
BBAEAEZDYZUX63UR,550.0,280.0
BBAEA8VKYEPMBYAR,850.0,425.0
BBAEAM8SKKYJV7T2,799.0,359.0
BBAE6F7ZENM3GCFJ,1020.0,425.0
BBADXSRE84XPGPXU,2700.0,1900.0
BBADXHXM2DMKJCHU,1200.0,580.0
BBAE5AKCCHWYRGAR,987.0,299.0
BBADSEZDGGWGZZBA,1599.0,1498.0
BBADWKPTGZNYYXGP,15138.0,6781.0
BBADSEZDGVYZWJSE,1599.0,1498.0
BBAE5AKCDFDZ2FWQ,998.0,199.0
BBAED8AU4Q5WBQTG,798.0,399.0
ACCE9Y6QSRSJZPQZ,2199.0,599.0
BBAECN6K5FNDZH3Z,749.0,637.0
ACCE9Y6MTDAAGNFH,2199.0,599.0
BTWE2QPEY9F8ZBGX,1299.0,1299.0
BBAE5AKCUNGWRFGZ,998.0,199.0
BBAECKYBK3ZXZZHU,500.0,400.0
BTWE5QUGZHGG8YZH,490.0,280.0
ACCE9Y6Q7QJN9BTT,2199.0,599.0
ACCE9WVGZBNWHNRF,2199.0,599.0
MSOE7D95ZBVSDKSX,296.0,269.0
ACCEA4CAZTNSJZ6Q,2199.0,599.0
ACCE6SJGBGXYHG5P,1499.0,549.0
ACCE6SJGXYQCJMVP,1499.0,549.0
ACCE9Y6WW7TSMN5X,2199.0,599.0
ACCE9Y6PVFZGQQA8,2199.0,599.0
BTWDYMY2QQGMGSHY,689.0,689.0
BBAE8YHVDGXEGJWZ,800.0,560.0
ACCE9Y6MQFCKJZF9,2199.0,599.0
BBAE96QFMEKZZHHS,399.0,167.0
ACCE6SJGDDSVUPMU,1499.0,549.0
BBAECGVHADQTGZEY,599.0,249.0
ACCE6SJGFZK6GS6D,1499.0,549.0
BBAEDHF3VAMHHVHP,799.0,299.0
BBAECGVHBG2SCPRF,799.0,249.0
BBAE7C7JERSTNYNH,499.0,349.0
TKPE7DH2GGGYGJAM,499.0,349.0
BBAECGVH2K3ZGEW7,599.0,199.0
ACCE9Y6RYHGGBGJW,2199.0,599.0
BBAEC899FCYZQ8FF,499.0,424.0
TKPE7ZNGFYGRHUFA,1008.0,655.0
ACCE9Z5RZGZGFTXD,2199.0,599.0
BBAECGVHJPMFPFES,599.0,199.0
BBAECWQHFGRHEFAE,699.0,449.0
BBAED9EYXGNQGZE6,998.0,499.0
BBAECGVHM6AVYA6G,799.0,249.0
BBAECGVHRKGVGEHM,799.0,249.0
ACCEA4CANABEGP24,2199.0,599.0
BBAED8CFGRSFXBQM,599.0,249.0
BBAECGVGS5PRKJSM,1099.0,399.0
ACCE6SJGGZHTGHKN,1499.0,549.0
BBAEDHF3YF6XTYRG,1299.0,449.0
SWTEB9BUZ7GPWZ4G,1299.0,779.0
ACCE9ZY8XHGP9RWU,2199.0,599.0
ACCE9Z2HEPHDQDJG,2199.0,599.0
ACCE9WVGRNJSJW8G,2199.0,599.0
ACCE9ZY9EFCPZYZX,2199.0,599.0
ACCE9Y6QEZNRJ5A7,2199.0,599.0
ACCEA4BDBHVSGNWE,999.0,599.0
ACCE9Z5US7JYNUPB,2199.0,599.0
ACCE9Y6QCYTYZV3S,2199.0,599.0
BTWEBCPH5UWHMY7U,650.0,350.0
BTWEDGKCQMTW6VFZ,1999.0,999.0
ACCE9Z5VMZRHNHCZ,2199.0,599.0
BTWEBTHDXYWMTHZY,300.0,130.0
BTWEBG5GH7BXBZRK,500.0,289.0
BTWECRZQGFEN9C7F,868.0,250.0
ACCEA4BDZXGW6K5W,999.0,599.0
ACCE9Z5VZNXEYTJY,2199.0,599.0
ACCEA4C9YHBYRYRK,2199.0,599.0
BBADZKBHGND8CS2D,1100.0,499.0
BBAEYTTMX8GZUCGG,695.0,487.0
BBADSZKD5VVZXA2K,1250.0,625.0
BBAEFG4A9PBKCTKQ,560.0,560.0
BBAE7VKY5GBHYGBX,300.0,180.0
BBADYGEQCM9WFK9Y,599.0,300.0
BBAED5CFUGFYYTZZ,1662.0,499.0
BBADR66XXFKCHXCM,1499.0,599.0
BBADR66WPDUG7ZZ2,1250.0,499.0
BBADSPGYGJHKFJGC,1999.0,1000.0
BBAEARKNSVBRNFJV,2900.0,1450.0
ACCE9WVGMNBSGNUR,2199.0,599.0
ACCEA4CAZRZECXYZ,2199.0,599.0
ACCE9Y6PUYZSQP7W,2199.0,599.0
ACCE9YGG5KG2J2XA,2199.0,599.0
ACCE9Z5RNSEQZHSR,2199.0,599.0
ACCE6SJGUQWZ4E7F,1499.0,549.0
ACCEA4BDK3QYWRHS,999.0,599.0
SKIECBAAGZJYWFUH,1499.0,1499.0
SWTEAFYHGPFNGHUS,1599.0,959.0
ACCE9WVGVKYCUXEC,2199.0,599.0
BTWE3SMGZCGQMAZX,523.0,239.0
SWTEAFYHHBKXUBF3,1599.0,959.0
BTWE9B4GNTPXFUH6,1599.0,490.0
BLAE3GHGTZ94HJSU,5399.0,2699.0
BLAE3HGCFTVVT3GU,3699.0,2199.0
SWTEAFYGWZZNQW33,1599.0,959.0
ACCE9Y6RDHGPS8QM,2199.0,599.0
BTWEDQ9TZX5FRHCC,1099.0,949.0
BBAEDFYYYETPFCAC,3800.0,1900.0
SWTEAFYHVZTBZKHC,1699.0,1019.0
BBADYE6GJMUYGHGV,750.0,375.0
BBAEFFW9PECFFWUE,666.0,333.0
ACCE9WVGYG6URUHA,2199.0,599.0
BBAECKXFW889ZMS6,250.0,199.0
ACCE9Y6QYKUUS5XR,2199.0,599.0
BBADZUEQ65WVS6FG,900.0,450.0
BBADYE6GXWGGCHCM,750.0,375.0
ACCE6SJGW5HSKZGK,1499.0,549.0
BBAEANJJQFGD26NE,850.0,460.0
BBADYHF8GWVU6FYA,810.0,535.0
ACCE9Z2HQTFQZFCE,2199.0,599.0
BBADXW8X6GXZHHG2,4067.0,1830.0
BBAEASSY7HMUYMHT,800.0,249.0
ACCE9Z2HBBAUXRXE,2199.0,599.0
BBAE7NV7WHCTXDZR,599.0,299.0
BEOE7MP2VSPHHV62,319.0,319.0
BBAE9DCWDUT22HXT,600.0,500.0
BBAE2BBGEKCTG9MM,818.0,409.0
ACCE9WVGV8H86JSH,2199.0,599.0
ACCE9Z4HNKVGGX5H,2199.0,599.0
BEOE7MP2DRF5HQFW,349.0,319.0
ACCE9Z2HZGKABQ3Z,2199.0,599.0
ACCE9Y6Q2ENGYXWY,2199.0,599.0
ACCE9Y6RCNP4RQ2M,2199.0,599.0
ACCE9Y6PWGPX6TPJ,2199.0,599.0
BBAEBRZTRJKZZB4Y,699.0,217.0
BBAE4CNHFDPU2KHC,800.0,320.0
ACCE9Y6R2Z5Z8GFG,2199.0,599.0
ACCE9Y6QKYA4HPFH,2199.0,599.0
BBAEB3ZC6CGGWMAF,989.0,577.0
BBAE7UEWQF5YJPCM,700.0,299.0
ACCE9Y6QVZUBDDHK,2199.0,599.0
BBAE5XHN7VHZGDEG,4800.0,960.0
BBAEAGTC3ABCHVEY,1799.0,499.0
ACCE9Y6MFD79NVTZ,2199.0,599.0
BBAE9FUSZMMEBRGA,599.0,299.0
ACCE9WVGKW5SD6AW,2199.0,599.0
BBAE93ZHKUTNM94F,349.0,249.0
BBAEBG6E7YFZ7MAZ,1880.0,705.0
BBAECN6KDDPSKVWQ,749.0,637.0
BBAE9ZVCYN7HNFZY,1050.0,700.0
BBAE955KHYQEPWZ2,449.0,259.0
BTWE6N5SXYEJHZPB,999.0,583.0
ACCEA4F3EBFDT4HX,2199.0,599.0
ACCE9Z2HTM86YFUP,2199.0,599.0
ACCE9Z4KNHWWPUPK,2199.0,599.0
ACCE6SJGFXCHTVZV,1499.0,549.0
ACCEA4DZHTPWDPFB,2199.0,599.0
ACCE9Z2HTZFKXQGZ,2199.0,599.0
ACCE9Y6VQ9A4JTXA,2199.0,599.0
BBAEAAH4CHPF4FDG,599.0,299.0
ACCEA4BDCWQHDNMU,999.0,599.0
BBAE9KAHBJBJH5CH,1250.0,340.0
BBAEBMNFGRF6U49M,900.0,399.0
BBAEBK8KHEAXFCDT,900.0,419.0
BBAEBJGBGZU4ERXZ,900.0,399.0
ACCE9WVGVJ4GKTKJ,2199.0,599.0
ACCE9YGGBG5JEJKZ,2199.0,599.0
IFPDFZMGZBEZ3KCZ,699.0,429.0
IFPDG7HYHYQNAGXS,245.0,183.0
ACCEA4CAZNNRMUMX,2199.0,599.0
ACCE9YGG3X5HNMRQ,2199.0,599.0
ACCE9Y6MZE4HHRYQ,2199.0,599.0
ACCEA4DZBHA7WNZK,2199.0,599.0
BBAE8PAXRUHPKAVY,3000.0,650.0
BBAE8JJH2F47KTHD,2000.0,388.0
BBAEB9KWFEWVJZFB,1000.0,370.0
BBAE87CF49NZBEEJ,1000.0,350.0
ACCE9Z5VNECKSHFE,2199.0,599.0
BBAEB9ZDUHFDYYXK,1000.0,499.0
BBAE5GMYUBCDMFSF,1000.0,346.0
ACCEA4DZPSZSAY2P,2199.0,599.0
BBAEAEGB9FRHSKRY,1000.0,340.0
BBAEAJTMZZRPYCJV,1000.0,595.0
ACCE9Z5VMF7HHPFQ,2199.0,599.0
BBAEDSHVNWG3EZEZ,799.0,399.0
BBAE9PVN5UN9WYH6,2000.0,429.0
BBAE8FRGGWMFXAKN,500.0,174.0
BBAE5ZNPG4H32EZX,799.0,370.0
BBAE8P92DXCZPZTJ,2000.0,701.0
BLAE8M4XVCTFD4JT,6000.0,208.0
BBAE8E45ZJDHQ5RA,850.0,650.0
BBAE8YSYGZEJDAT9,900.0,350.0
BBAE8YHVGRVFGFRJ,900.0,365.0
BBAEDQ8FZAEFJSPE,1100.0,580.0
BBAE5GMYFGAVM4X4,325.0,300.0
ACCE9Z4KZHFVAQNC,2199.0,599.0
BBADWXRJR78QXUFV,1400.0,399.0
BBAE9TFD2SFE278G,2000.0,400.0
BBAEBVHCJTRR2S9W,1000.0,382.0
BBAE5GG4DYDAG4XG,399.0,200.0
BBADWXRJFJZ97YQT,1400.0,399.0
BBAE6FZQZQWHU6SH,1080.0,249.0
BBAE9HP8BM7HPWDA,2000.0,300.0
BBAE86J6VWJH6XUE,2000.0,330.0
BBAE9K48SZDZHXNJ,1996.0,499.0
BBAEB9KV5GQZZZYK,600.0,298.0
ACCE6SJGSYFWEGHH,1499.0,549.0
BTWE88GQZKD6N3VX,599.0,299.0
BTWEDGG4G3GKERJQ,899.0,275.0
BTWECS3E4KQ3E9UZ,1199.0,554.0
BTWEBHYMEUDSHZXW,999.0,799.0
BTWECDBWTUETCFCK,1299.0,599.0
ACCE9Z5U2CQZJKTY,2199.0,599.0
BTWEBGZ3YVTGG65G,1999.0,999.0
ACCE9ZY9DZRKN4SQ,2199.0,599.0
BTWEBGZ3HAGY6HG9,2599.0,1299.0
BTWEA4F3G4BNEDHF,401.0,200.0
BTWE9ZPVHHBSREJR,422.0,200.0
BBAEFUFSYGJYCUYS,2399.0,699.0
BTWE7FMNQWFFKUFT,400.0,200.0
BBAE6UWGDW5CC5RZ,6999.0,1699.0
ACCE9Y6QCAWYHE7Z,2199.0,599.0
BTWE9ZPV7FJQ64KS,422.0,200.0
BBAEFG3B7FV7JBNZ,14000.0,5999.0
BTWE7FMNMKXM4BVG,400.0,200.0
BBAEDFFKG2F4MZSA,12999.0,4999.0
BTWE3SMGGTGTSMNF,458.0,207.0
BBAEBR4EQTPUPUW6,650.0,650.0
BBAE4NS6DPU8GUQ5,14077.0,6781.0
BBAE4NS6QEDG9FDV,14077.0,6781.0
ACCE9Y6WGHYMA4PW,2199.0,599.0
ACCE6SJGQTD6PD6C,1499.0,549.0
ACCE9Z2HQWBNDADC,2199.0,599.0
ACCE6SJGUTZDBK94,1499.0,549.0
ACCEA4CAPDH9W8Z8,2199.0,599.0
ACCE9Y6RPTWZRBBU,2199.0,599.0
ACCE9Z5RPQY4GEXZ,2199.0,599.0
ACCE9Y6VYBSXWGF3,2199.0,599.0
ACCE9Y6QSQRMZ8R7,2199.0,599.0
ACCE9YWEYDTWTRRZ,2199.0,599.0
ACCEA4BDSGXTU39X,999.0,599.0
ACCE9Z5RHGFGKESQ,2199.0,599.0
TKPEYPECGWCK5HH7,1099.0,499.0
TKPEYPGFPY4FZZ7Z,1099.0,599.0
TKPEC8ARNMYYQJM3,549.0,220.0
BBAEAYAE4BDSX938,599.0,379.0
BBAEDNAEHBHXU3FR,2999.0,1299.0
BBAEAYAE6UUC6MSJ,599.0,379.0
ACCE6SJGQMJSQDYD,1499.0,549.0
BBAEBFWTHGRG744N,499.0,249.0
ACCE9Y6WG958JZHZ,2199.0,599.0
ACCEA4CABYCVWBCZ,2199.0,599.0
ACCE9YGGMKZZP4SY,2199.0,599.0
ACCE9Y6QMFM6FF8M,2199.0,599.0
ACCE9Y6RRCFDV2GY,2199.0,599.0
ACCE9Z2HGKM4AY7V,2199.0,599.0
ACCE9Z4HMKVEYXTX,2199.0,599.0
ACCE9Z5RTWHPTRKX,2199.0,599.0
ACCE9Y6QYEHVYV9Y,2199.0,599.0
ACCE9Y6QCTHWHGGV,2199.0,599.0
ACCEA4F3EHP3GHEU,2199.0,599.0
BBAEANYZ3FGWQY2Z,700.0,365.0
ACCE9Y6MSXARQKHR,2199.0,599.0
BBAE869BSSPZ2VGZ,1450.0,599.0
BBAE7QJKMGUHVB2F,1150.0,279.0
BBAEBY58VYWPEMWG,2499.0,999.0
ACCE9Z5RZUBQRR6S,2199.0,599.0
BBAEAG4DN8TYH7EH,349.0,349.0
BBAE5GP3EAVZXYAV,800.0,500.0
ACCE9Y6VBXCVGMTP,2199.0,599.0
ACCE9Y6QSQRPCFKF,2199.0,599.0
ACCE9Z2HGMZJEDMC,2199.0,599.0
BBAE7DPRVNKURYXZ,280.0,240.0
BBAE8QEFYAQFSPHP,2800.0,2150.0
BBAE7DPRTXRURMDD,280.0,240.0
BBAEYGTKHFFTDHRN,999.0,390.0
CPCE2ZMDRY5XHUHF,499.0,299.0
ACCE9Y6WGGTJWWZY,2199.0,599.0
CPCE2ZMCXDYYKRWD,499.0,299.0
CPCE2ZMDYGENCZEN,499.0,299.0
CPCE2ZMCQDE9FBN7,799.0,449.0
ACCE9Z2HBGZ6CTVZ,2199.0,599.0
CPCE2ZMC6HSGDZHR,499.0,299.0
CPCE2ZME2P7BMJFB,499.0,299.0
ACCEA4DZW8SPZG8W,2199.0,599.0
CPCE2ZMBS4U5FGHY,799.0,449.0
CPCE2ZMC7U93H5SH,799.0,449.0
ACCE9Y6MJRZNF3GB,2199.0,599.0
ACCE9YGG4HDH4GZZ,2199.0,599.0
ACCE9Y6VDGYMAGUH,2199.0,599.0
SWTEYZ7YWYG77NPD,1195.0,999.0
ACCE6SJGNTCGEHDV,1499.0,549.0
SWTDZCHNEZAGKVHZ,1145.0,999.0
SWTEYZ7YNGBQATFY,1495.0,1271.0
BTWEYFA942QUCJ6Q,1495.0,1195.0
BTWEFUJNH3PP5AWF,1995.0,1595.0
BTWEYY3C9MRZJETW,635.0,325.0
ACCE9ZY9SMMBMYC3,2199.0,599.0
ACCE9Y6MF8HWAQ6N,2199.0,599.0
ACCE9Y6WUYMQEAV5,2199.0,599.0
ACCE9Y6MGZNGHGNP,2199.0,599.0
SWTE9S6EKBYBGRGM,1999.0,700.0
SWTE9S6EBCTZQA6X,1999.0,700.0
SWTE9S6FBMHNKRMJ,1999.0,899.0
ACCEA4CABWQYYEHH,2199.0,599.0
ACCE9Y6QGPJZ7YXW,2199.0,599.0
ACCE9Z2HZGGRUYBE,2199.0,599.0
ACCE9Z4KEMZTUKZP,2199.0,599.0
ACCE9Y6WGSQ3KQWN,2199.0,599.0
ACCE9Z4KEWCKS7EG,2199.0,599.0
SWTE8ZHJKG6YVQPE,1999.0,1399.0
ACCEA4CAW2FKZPGN,2199.0,599.0
ACCE9Y6M2WD4HAGZ,2199.0,599.0
CPCE7YZXCBH9YQWE,1999.0,899.0
CPCE7YZXRZKYNPKR,999.0,699.0
ACCE6SJGP7FDHZQG,1499.0,549.0
BBAECNFFR8HFZGYE,750.0,385.0
BBAEDPZZ54VEJDEG,1300.0,779.0
BTWE8FGZNHZTFPMT,449.0,249.0
BBAEDPZZUY4JCCCG,1000.0,385.0
BBAEDKFGSEHVF5V4,750.0,385.0
BBAEDPZZTEZUHEJG,1000.0,385.0
BTWE8FGZDT8NWYFH,449.0,249.0
BBAEDPZZ9JV7XY5Z,1000.0,385.0
BTWECFNXKR9RN2UE,599.0,269.0
BTWEDGMRHGQZKRZR,599.0,250.0
BBAE7SSNKUZPRZNU,5000.0,3400.0
BTWEAHEH8PNKZH3J,599.0,299.0
BBAECARBVWVQGCZX,1400.0,595.0
BBAECZG4WQWAZZ7Z,1400.0,590.0
BBAEB73E3HVHDSPN,800.0,380.0
BBAE9Y5DTH9YTJBK,800.0,549.0
BBAEAFBA9PMBVZH4,500.0,250.0
BBAEA4DNRGDBSYBA,3000.0,2148.0
ACCE9Z5WYBXRNDJG,2199.0,599.0
ACCEA4DZQGKBJUHM,2199.0,599.0
ACCE6SJGZXZF9W9Z,1499.0,549.0
ACCE6SJGYBJYTDGJ,1499.0,549.0
ACCE6SJGUNRKU4H7,1499.0,549.0
ACCE9Y6QHWXEFG2F,2199.0,599.0
BBAEAX4TCCFPEWZM,500.0,250.0
BBAEAX4T2THRHT87,500.0,250.0
ACCE9Y6QGVRMYFHU,2199.0,599.0
ACCEA4CAGP3QJRWU,2199.0,599.0
ACCE9WVGYZSX5FG2,2199.0,599.0
ACCE9YWE8SCZKEJ9,2199.0,599.0
ACCEA4CAN5YDCS6V,2199.0,599.0
ACCE9Z2HZFUTVHXZ,2199.0,599.0
ACCE9Y6MQJ2KUVZJ,2199.0,599.0
BBAE8BXAYT3GAMEV,2999.0,1699.0
BBAE8BXAWZGNBJUS,3999.0,999.0
BBAECT3MJ2QVGXBH,2499.0,499.0
TROEC86VHUNBQW2J,2394.0,2394.0
BBAE8BXAC6H5ZG7G,2499.0,899.0
TROECG4WPVWPFRYZ,2394.0,2394.0
BBAE8WCSJYCFVSMZ,1439.0,649.0
BBAE8WCSGZAKUH4F,1349.0,649.0
BBAE8WCSBTFNXUYQ,1349.0,649.0
ACCE9Y6R2GZD5ZGC,2199.0,599.0
CPCE2ZMDKPBBNGZT,499.0,299.0
CPCE2ZMDHY4YHHP8,499.0,299.0
BBAE8XUCJZHQCVPA,6819.0,2499.0
BBAE8X4VNXA5SZCG,5769.0,2299.0
CPCE2ZMD6RXUDVDK,499.0,299.0
BBAE92YWHVVAGPFC,1729.0,649.0
BBAECD6FD6MHYUXR,1655.0,445.0
BBAE92YW6CR5FNDP,1729.0,869.0
BBADXV8PZGHTVX4Y,2110.0,1310.0
BBAE82VSFN92EYGZ,365.0,329.0
ACCE6SJGVZYXHH2D,1499.0,549.0
ACCE9Y6QERAHSYCW,2199.0,599.0
BBAE6G4RSRHTHMGZ,999.0,699.0
ACCE9YWEK89BSBZH,2199.0,599.0
ACCEA4BDAQMTG8XG,999.0,599.0
BBAEC9UFNUQHKBXQ,400.0,350.0
BBAEDQFTZSXGJZXE,699.0,699.0
BBAE92NUTUXPVAG8,1199.0,288.0
BBAECJDU9UGUYFHX,599.0,399.0
BBAE9K48E9UZFP7E,1796.0,479.0
BBAEA8JZCT5GYHA5,999.0,288.0
BBAEBDHQHGTRSSXC,1900.0,600.0
ACCE9Z4KN8WSEXSM,2199.0,599.0
BBAE92NUZ48DBEZY,899.0,248.0
BBAE8BXAEJ8ZWUAJ,1999.0,599.0
BBAE8BXADJFFMQKC,1499.0,599.0
BBAE8N3AS7G4VKZZ,958.0,287.0
BBAE7WGBNCZZ5RPY,999.0,625.0
BBAE8BXAAPA7CQYR,2999.0,999.0
BBAECSYFRWNARFGP,399.0,249.0
BBAECA5T85T3F4YG,1949.0,1149.0
ACCE9WVGPZPZHYZC,2199.0,599.0
BBAE8BXADJRG9KNP,3999.0,1499.0
BBAEC8AX9GXTD5TN,3289.0,2649.0
BBAE8BXAJUPWKEFY,2499.0,799.0
BBAECAYWF2NQHQB9,699.0,499.0
ACCE9Y6QHRQTTCGH,2199.0,599.0
ACCE9Z2HEETZDUEN,2199.0,599.0
ACCE9Z4KQXADV2KY,2199.0,599.0
ACCEA4DZ8ZXCWJDF,2199.0,599.0
ACCE9Y6PZPNFM3C3,2199.0,599.0
ACCE9Y6QDDGHJJH7,2199.0,599.0
ACCE9Z5RUCEZ8YCR,2199.0,599.0
ACCE9Z5VAYCHTNUU,2199.0,599.0
CPCE8XWG8YZZSMG4,649.0,649.0
ACCE9Y6Q7RNYXPQT,2199.0,599.0
CPCE8XWGQVQFRWRX,649.0,649.0
ACCEA4BDHHFZYPG4,999.0,599.0
JWSE7H6RKTYSK2YC,1399.0,695.0
ACCE9Y6MMGCEYYXZ,2199.0,599.0
CPCE8XWGP2NFYFTY,649.0,649.0
ACCE9Z4HNHFTWFEG,2199.0,599.0
ACCEA4BDZXBBTAFK,999.0,599.0
ACCE9ZY9DEZFVYXG,2199.0,599.0
BTWE64SSJGXGCPCV,999.0,999.0
BTWE7T3W9VYRKYAF,1195.0,1052.0
BTWE5FQBHHUNHCKJ,1000.0,550.0
ACCEA4DPEFCNZACH,2199.0,599.0
BTWE5FQBGFYDBQFY,1000.0,550.0
BTWE6PXJC3PPBVAW,1799.0,799.0
ACCE9Y6QYFJMK8SV,2199.0,599.0
ACCEA4CAAPGFMXUE,2199.0,599.0
ACCE9Y6PJZXGKBVC,2199.0,599.0
TROEC8ZB4T8H2CVZ,4497.0,1789.0
ACCE9WVGXDRXPZE8,2199.0,599.0
TROEC98WZFPRENAV,4497.0,1789.0
TROEC8RBWX8FJR9F,4497.0,1789.0
ACCE9Y6QHUGVMMTY,2199.0,599.0
TROEC8RAMJBXEED5,4497.0,1789.0
ACCE9Z5REXFTZH9D,2199.0,599.0
BTWECNF9DGKWFDQG,1199.0,395.0
BTWE5QUG296M8Q39,490.0,280.0
ACCE9Y6QHXJR8K4H,2199.0,599.0
ACCE9Y6WGFXYHHFT,2199.0,599.0
ACCE9Z2HWUKHJXTH,2199.0,599.0
ACCEA4BDRHP5ZYDH,999.0,599.0
BBAE76S5AWYTGPB2,599.0,299.0
ACCE9YGGG4YU6K9P,2199.0,599.0
BBAEA8FD33BZXTEZ,1099.0,385.0
BBAE4SX6HEYYKXPH,499.0,249.0
BBAE8TJ3RKDA53HJ,1299.0,299.0
BBAEAG4DMUBBYUKA,199.0,199.0
BBAECYHFSFU2SXK9,2099.0,599.0
BBAEBZTBNXE2GR4N,2697.0,809.0
BBAEFXXPFDGNENBT,3100.0,899.0
BBAEBZTBCZMTXPXH,1597.0,479.0
BTWDZHJGYMHHH78C,695.0,550.0
ACCE9Y6PVVADKD8K,2199.0,599.0
BBAECYHFCMMYSNY8,2059.0,629.0
BTWDZHJGZBBYCFAQ,695.0,550.0
BBAECYHFGYUNRWXU,1599.0,689.0
CPCECU6SNRFYK7AK,399.0,399.0
ACCE6SJGQJJGENVK,1499.0,549.0
ACCE9Z5RPDN3SC6G,2199.0,599.0
ACCE9Z2H5DJZSUHJ,2199.0,599.0
ACCE6SJGERYAFZ4Z,1499.0,549.0
BTWEYXGCCHGW72PE,999.0,999.0
BTWEF3HHZRZ8HPGT,870.0,740.0
BTWEYC5VMGHUZBDV,999.0,999.0
BTWEFBNYDWYWGJWD,575.0,539.0
ACCE9Y6MEXGVZVYX,2199.0,599.0
ACCE9Z4HZHMZNSGK,2199.0,599.0
JWSDYTMZKQ5TBSQY,2700.0,1080.0
ACCE9Y6PZHFJRGGQ,2199.0,599.0
ACCE6SJGCZFFKHFF,1499.0,549.0
ACCE9Y6QSTDPGGSD,2199.0,599.0
ACCE6SJGZFP5ZY4J,1499.0,549.0
ACCE6SJGBEZGGGUZ,1499.0,549.0
BBAECSWQ7QPRJSES,750.0,390.0
BBAE6GJFWKUGNAXZ,2100.0,599.0
BBAE6GJF3DGSYAVM,2100.0,599.0
BBAE6GJFF3AQSYXG,2100.0,599.0
BBAE6GJFPZ4JH8Z3,2100.0,599.0
BBAE6GJF6ZKD4HK6,2200.0,599.0
ACCE9ZY9ZTCKN2HN,2199.0,599.0
BBAE6GJFKF8PYG4H,2100.0,599.0
BBAEAZQAXBZNGBCH,1999.0,1999.0
ACCE9Y6QZYJ5SUPZ,2199.0,599.0
ACCE9Y6PKB4BHTPY,2199.0,599.0
ACCE9YGGCDWRRXGF,2199.0,599.0
BBAEDFY3YUVGE7QJ,500.0,325.0
BBAECFD4N7UBNXDB,350.0,221.0
TROEC8VNJ3MRVHMF,4497.0,1789.0
TROEC92K5YYVZYKE,4497.0,1789.0
BBAE5TRYJPMH335G,1900.0,599.0
BBAECFD4HGEMGSMD,350.0,270.0
BBAE2YBXZGKGPTPU,495.0,396.0
BBAE2YBX9HNXXRV4,660.0,528.0
CPCEBYA6UYMFQRJY,1399.0,799.0
ACCE6SJGJKEU2PYV,1499.0,549.0
ACCE9ZY9CYAGFPK3,2199.0,599.0
ACCE9Y6QEZH2U5BN,2199.0,599.0
ACCE6SJGYJUNHPZM,1499.0,549.0
CPCEDG4HQZHVAUKG,1695.0,897.0
ACCE9Y6RZEYH5Z5K,2199.0,599.0
CPCECFFWPVHZQHQ4,999.0,399.0
ACCE6SJGJHQQGTJV,1499.0,549.0
SWTEB56UNGUSYZH2,1799.0,1619.0
SWTEAX7GXSPRTPGT,2499.0,1100.0
SWTEB56UQVFXPCGT,1799.0,1619.0
SWTEAX7HWKZ4HSHA,2999.0,1799.0
SWTE32FVAFCPB5QT,1595.0,999.0
SWTEDAU6RPWWYMJP,1499.0,475.0
TROEC8ZHMBQQJN7G,4497.0,1789.0
TROEC92SG2K4DFF5,4497.0,1789.0
ACCE9Y6M4HQRGEEQ,2199.0,599.0
ACCE9Y6QQYAYMPBD,2199.0,599.0
ACCEA4DP5A6YDSJT,2199.0,599.0
PTSDZUERRKENB2FV,990.0,990.0
ACCE9Y6MZX5ZYYGF,2199.0,599.0
BBAE6G4RHFUTSTES,999.0,699.0
CPCED7MFHVGEX4NT,550.0,390.0
ACCE9Z5RZR68MGQV,2199.0,599.0
BBAE4CP64NZGRGEK,1399.0,899.0
CPCEDAKFZZ4VHWGW,1699.0,799.0
CPCECG4YNHHBFEPK,750.0,460.0
CPCECR3NUZEZPSFH,1332.0,529.0
ACCE9Y6PF9AUKH3H,2199.0,599.0
BTWDYH2TV374GBWR,549.0,514.0
JWSEBXZF8JURSWZZ,1118.0,999.0
ACCE9Z2HKCEUDPPG,2199.0,599.0
JWSE6NTHJNDW4YUN,749.0,749.0
JWSE22B4VZJH797Z,820.0,795.0
ACCE6SJGZFZZJPF6,1499.0,549.0
ACCE9Y6QQQS2NGTE,2199.0,599.0
JWSEBWSRSNGXFYSH,1114.0,995.0
ACCE9Z4K2V6YZXED,2199.0,599.0
ACCE9Y6QGXDGPUJH,2199.0,599.0
JWSE6NTHZJQWZK2C,909.0,909.0
JWSE47VASY9S8ZNR,1664.0,390.0
JWSDYGMDJABKCA95,780.0,770.0
CPCED8FBGJ8ZR2XA,799.0,499.0
CPCED8GWXMJG6TU9,959.0,499.0
ACCE9Z2HWDCNMEFD,2199.0,599.0
CPCEDGGNCV7AV7SX,699.0,199.0
CPCEDGGNJZEQYYKH,1399.0,750.0
CPCEDGGNSDRFHYVZ,699.0,199.0
CPCEDGGNU7PT864G,699.0,199.0
JWSE5EF4HD9VFSYZ,2179.0,434.0
JWSEBXZFYHJY2ABZ,1006.0,899.0
ACCEA4C9TASBZ9F7,2199.0,599.0
BTWE6HD25KATEMZQ,1199.0,1199.0
JWSDZFFRCYKJHBY3,650.0,650.0
CPCEDGJKFHG7ZEQX,1399.0,750.0
BTWEYHEHVSYHFKGR,1199.0,1199.0
BTWE6HD2SY5CQF3W,1199.0,1199.0
CPCEDGJKRSZV3KNZ,1399.0,750.0
BTWE6HD2UQA5HBHY,1199.0,1199.0
BTWEYHEHQANKJUAG,1199.0,1199.0
BTWEYHEHJTXUSFH3,699.0,699.0
ACCEA4F3EXAFZKZD,2199.0,599.0
JWSDZJB8YBA5ESCP,714.0,714.0
ACCE9Y6MXEPRDHFT,2199.0,599.0
JWSEBWSRZDBMWWPR,1118.0,999.0
ACCE9Y6WVKGV9ZYA,2199.0,599.0
JWSEC88FYQZDJYKA,660.0,652.0
ACCE9Y6RPMZFHQQF,2199.0,599.0
ACCE6SJGUDRTJZWS,1499.0,549.0
BTWEDXPFRTU58SF6,619.0,619.0
ACCE9Z2HHGB3FHUZ,2199.0,599.0
BTWEDXPFUHPZHGNY,619.0,619.0
BBAEAZHMRZ4H5AVH,3298.0,1499.0
JWSDUXDWF6GK8EFZ,940.0,940.0
BBADWZZD2H57J7FW,2200.0,530.0
BTWE68HFHPGSWYAW,699.0,599.0
BBADWZZDWPYWGJVY,1940.0,499.0
BTWEDXPFWZRCCDPG,619.0,619.0
BTWEDXPFKGYUKKNG,619.0,619.0
JWSDVZ95WSVTZF7E,530.0,510.0
BBADWZZETJDV7XYM,2250.0,499.0
ACCE6SJGEMKYUYZN,1499.0,549.0
PTGEJQR3SVBUNGQQ,1999.0,799.0
ACCEJQ3FGJV4M2FS,399.0,325.0
DREEJZWWQGZRNSUK,999.0,649.0
OTCEHZP82FCAE88F,3667.0,3301.0
DREEJNG9HTFF476T,999.0,699.0
WSIEJFMZZGNNEHPG,999.0,429.0
ACCEJQ2SFHSRVK35,399.0,299.0
DREEHV4MP3YRKVJN,999.0,549.0
DREEJQ6B6EYCJQB2,1099.0,549.0
DREEHV4NEFZEANSB,999.0,549.0
DREEJPN3WPA36R7P,2350.0,1128.0
PTGEJNZPRDKDP3FQ,550.0,350.0
LJGEJAAC89UGZXGG,2998.0,1499.0
BDAEJFMFP3K6TCVE,999.0,299.0
TWPEJY2GE44RBSEC,449.0,279.0
VESEJZZHATHJHDGY,699.0,349.0
SMTEJTY2HXQDCVG5,999.0,475.0
SHOEJTNN3EATFHFG,499.0,449.0
VESEJBPY3VSTTWDY,699.0,349.0
CAPEJM8FEFDPFGH6,395.0,395.0
TBREJS7B3SHHS33Y,369.0,369.0
PTDEJTJYZGQ3QBFP,1099.0,349.0
SHOEJRF2TEXACAKZ,1199.0,1149.0
BRTEJMMTQZHCY7KH,1299.0,599.0
FABEJRR8CQWSR9NS,2999.0,949.0
FABEJUNWFPKBXCJY,3000.0,799.0
BLCEJT9VTUQURUWK,855.0,855.0
BLCEJT9YKBTA8XEQ,425.0,425.0
SGLEJUPQYCPT7QGU,1199.0,249.0
SGLEJV5ZR7ZRWWYW,1299.0,649.0
SMTEJHQAWW2WTHXA,650.0,650.0
SGLEJV5XS9UCYHPM,1299.0,649.0
TFHEJ9PYKHZRZN6Z,699.0,459.0
JWSEJWVCTUDZRQMR,12550.0,10133.0
WABEJFWDGJDEGED4,11050.0,2490.0
PANEJZUWRASJDZHH,599.0,179.0
SWTEGTFFZWCFRT9P,1399.0,1399.0
SWTEEXZQHGBRYQDY,1199.0,599.0
SWTEC893HAYEAWHV,1399.0,559.0
SHOEBYXXZQYHGJJY,499.0,275.0
VESEGWK6BY3MUWPW,399.0,269.0
VESEGVEMNYBU8DBE,1398.0,498.0
VESEGWKMMPAVNGGZ,399.0,269.0
VESEGWKGAHDPETKA,1099.0,649.0
VESEGVEMGKVDGPQD,2097.0,699.0
VESEGVEMYYNMDDMP,2097.0,699.0
VESEGWK5FUJ2YDSG,399.0,269.0
VESEGVEM6M3QQJ8W,1398.0,499.0
VESEGWKB3YXJQHSD,399.0,269.0
SHIEGWVPC5BDNC73,999.0,499.0
HRCEGVR9HBWKYFPD,4295.0,3295.0
SHIEGWVP4ZGYGG5Y,1999.0,1199.0
HRCEGSKJZKJ9H3AV,899.0,299.0
HRCEGVZ9GNYJNREX,4299.0,3295.0
WATEJF9XYZGHQXQT,899.0,225.0
SHOEJF5G5NAZ4EMG,499.0,298.0
VASEJDBZDNPPUFEK,1299.0,1170.0
WATEJFA2ASUVXRSD,1199.0,269.0
LJGEJBEFGXFTJVMM,999.0,749.0
VASEJDBZMRZTZVS7,1499.0,1350.0
DUBEHH5JNSFHGJGG,599.0,599.0
WATEJAE8DFSKJDQE,1599.0,699.0
WBTEJEACBQ2BVUZJ,699.0,685.0
CBREJCGU2F9PZCFH,349.0,249.0
JUGEJE2HFCQGZGDE,2470.0,1899.0
WBTEJEA9KAHRW8SN,599.0,587.0
SNDEJQ7Y56BXHTNM,1099.0,499.0
NKCEJZT32JUGVAZC,699.0,399.0
SHOEJZYUTG3CVEJC,748.0,449.0
SNDEJQ79E7U8MQKG,1099.0,499.0
SNDEJQ78HASZT5F3,1099.0,499.0
NKCEJZT368MYVXR3,699.0,399.0
NKCEJZT3MP2PUFMS,699.0,399.0
SHOEJNSBRQE4RGRE,1590.0,636.0
BRAEJPHB6KF8NGBK,999.0,499.0
SHOEJQSJS2HJN5QX,600.0,398.0
CRTEJQ9XTZWDFSTX,3650.0,1850.0
NKCEJPENXNMT9KKS,1090.0,211.0
CRTEJQ9X2ZWJG2HW,3650.0,1850.0
BRAEJPHBYXAKTVZJ,1199.0,599.0
CRTEJQ9W3VZRQKCY,3650.0,1850.0
BRAEJPHBUCZAAZUY,999.0,499.0
PTGEG77MHGS9UZHT,400.0,180.0
LJGEGJJ3A3YPGNMP,999.0,499.0
KRTEE5UJNCV72YNF,3395.0,2375.0
ACCED9SYZRBJTZYP,699.0,310.0
VSKEGCZDHMBRS5F8,599.0,299.0
VSKEGCZEGAUNNNWR,599.0,299.0
VESEG4CXFGBJWHXU,699.0,699.0
PYJEGWJQMTQTMGGT,3650.0,1095.0
PRCEGHNC9C8MGPVK,1900.0,1900.0
JCKEEPUH5H8YAWRD,4500.0,1800.0
DREEGJ3ED8GZZF3E,1595.0,1595.0
SHOEGMU3WHYEZGZT,1999.0,899.0
SHOEGJK85Z3TSXZE,999.0,499.0
BLAEGZRYZX6YZUZN,999.0,499.0
JEAEGWZZZZHV77CU,899.0,399.0
SHOEFM64NWDQABGH,349.0,245.0
JEAEGMZZPGVV5CKU,1340.0,670.0
SHOE9SEPYF85JXNQ,999.0,949.0
PANEGYX3KVGCYUWZ,299.0,199.0
PANEHA7QZPSGQHZX,598.0,349.0
PYJEGWJUXDDSVXZM,3650.0,1095.0
JEAEGWXRF7PEUCEG,1199.0,839.0
SHOEGGNAJYRJEAM7,899.0,399.0
PYJEGVQPZYZ2T3TP,999.0,345.0
SHOEGEV4PTVSQTER,380.0,380.0
PYJEGWJSSB8EEH5A,3650.0,1095.0
JCKEEVK3ZNGQVWV7,799.0,499.0
SWSEF8J6HHU3V4FA,599.0,349.0
SHOEGHFGHRMZHWNA,999.0,499.0
SHOEEPF8KWHTJ9A7,1199.0,489.0
JCKEC893GVPBWCGU,1799.0,719.0
PANEH9YW9U62ETCS,445.0,445.0
SHOEFNYNFURVUQET,650.0,650.0
JEAEGMZZM2NAYHV6,1340.0,670.0
PLOEG7BZHKAYNKYF,2299.0,919.0
BXREDW5MZKQCAHX5,498.0,498.0
ECOEFYFBVX3VSZB2,999.0,499.0
PYJEGNFFEEHFFPSG,529.0,529.0
SHOEGHYYWUZSWYJ9,499.0,499.0
PRCEGJCJDPQ2YVYY,2275.0,2275.0
JCKEGDFGPZZFBJ63,3000.0,1499.0
BLAEGZRHWMV7RRFW,999.0,499.0
SHOEGWVEARZFYHUZ,499.0,499.0
JCKEEQP3QGVECNG7,1375.0,1375.0
JEAEH2G7RZKXF5DC,2790.0,1814.0
PRCEGJDKCWDFFSAY,1321.0,1275.0
JCKEFJRCGHXDAHUJ,1750.0,1750.0
JCKEGCRW4FGJAY6X,4000.0,1999.0
POSEH6RFMHRP9WNZ,390.0,245.0
PYJEGVHHUAZWURVK,999.0,345.0
DREEGJ3EUZ2PFKKJ,1795.0,1795.0
JCKEGCUYZS97FXDN,3800.0,1899.0
POSEHA88RDKTQWHE,399.0,249.0
JEAEGRDYV7EEEHUU,995.0,597.0
PRCEGG7WXSSRWQWS,2999.0,2999.0
PLOEF8YHEBEGDDTR,1920.0,960.0
ECOEFYFB3GEEBNXV,999.0,499.0
SUSEEFYA5ZTHBBWA,999.0,425.0
SHOEAJHWWBJBB8DH,249.0,249.0
GUADCG9TAWKF49RZ,578.0,578.0
WCREH9GEPFAZVUK4,10000.0,8000.0
POSEH6R6F5GFFHA7,390.0,245.0
SHOEGZKZDERZZKY6,999.0,499.0
MCBED2QBABFFBGD2,158.0,158.0
PRCEGXNFFZ2MHBYN,2222.0,2222.0
SHOECCBJKJYEZZNC,899.0,449.0
SHOEGMZ8KJP22XZH,2599.0,1299.0
MCBEDTNRXEQ86KXQ,197.0,120.0
PANEHA7QXHBX9UYE,598.0,349.0
SHOE9YGXQHFW8FCZ,399.0,299.0
JEAEGVJXBBJGAARA,1100.0,999.0
SHOECYRFRZW9KDY2,299.0,230.0
PANEGYWYVSTHAZQE,299.0,199.0
BXREFP5MUQBJU2DE,540.0,316.0
ECOEFYFBWG4BHPWZ,999.0,499.0
SHOEGPFVFYEUEA5F,1299.0,899.0
CRGE8VZFBQHC3NZF,1999.0,800.0
PANEGYWYSHWEZSRH,324.0,199.0
PANEGYX2Z7KEPTPA,299.0,199.0
ACCEH8HCRKMVZBVF,9999.0,4499.0
SWSEF8J6YU8BKAKW,599.0,349.0
POSEH3PXQEB6ZCXD,899.0,529.0
PLOEHFBQFWFBMGYE,1299.0,425.0
SHOE8YNTDQGYYSHR,408.0,408.0
POSEH7Q4B7F5BUDV,599.0,189.0
PANEGYX7FTRXDEQD,299.0,199.0
UMBEH8XVKTC8PWN3,799.0,399.0
NFLEHC2VZQTZZFEC,499.0,199.0
JEAEGVS3F2VB8WFW,1299.0,909.0
JEAEHAQAYMSDFHQK,2399.0,1199.0
SHOEFKS2MWHFQEMH,224.0,224.0
JEAEGMZZTJ9UGYDF,1340.0,670.0
PANEGYWYNG3DTDCZ,648.0,299.0
JEAEH2G7HJ2FZEQE,2590.0,1684.0
ECOEFYFBHNMUMYZD,999.0,499.0
SHOEGS9FYTFGGZ97,399.0,299.0
SUSEGVSKYNJYMVPX,999.0,399.0
SHOEGVPQHZ5VUGAB,999.0,799.0
JEAEH35TZ8X5HSWZ,625.0,625.0
PENEH72ZSFBQVDJV,250.0,190.0
JEAEGRDYGG5U8U3G,1395.0,837.0
SHTEGXNR22BEXX5B,749.0,749.0
DREEHFYMH2TU4G5V,2495.0,2495.0
SUSEGVSJYFF8HPWY,999.0,399.0
TMLEERDZWGG2QYC5,834.0,749.0
SHOEBYXXAZQYTHPG,499.0,190.0
SHTEFW56PAGGFJGA,1099.0,299.0
PYJEG324KUXQFTPM,1999.0,1099.0
SHOE83BTZFSTW9FD,391.0,391.0
PENEH98ST4JGHB2F,499.0,349.0
DREEHCFHBPXKYRCK,2488.0,994.0
PANEGYXYBKQZZHFZ,299.0,199.0
JEAEGSGY9ZFFZQMV,1499.0,799.0
PYJEGR3XNRPRYJZA,2299.0,1499.0
SWSEF8GTHZYK8SFV,599.0,349.0
JEAEGMZZMFBSRYEZ,1198.0,590.0
BRAEHAK3U54EUAWJ,399.0,399.0
PYJEG32EBY5Z6UZJ,1999.0,1099.0
SHOEAJHWVZFDFTFZ,249.0,249.0
ECOEFYFBMHNNYFZW,999.0,499.0
HATEHCHJJZBFFAZG,799.0,399.0
PYJEG324NSUNMQGQ,1999.0,1099.0
BRAEHAK4GXTYFVJS,525.0,525.0
PANEH9Y39GF5NNHR,345.0,345.0
YBKEHB3YAPPZEPHK,1500.0,880.0
JEAEGMZZJYJMCYJK,1340.0,670.0
SWSEF8J52UAQGMRP,599.0,349.0
SHTEFGG5HZYKCFTT,845.0,845.0
SHTEFW55SDW9DECC,1099.0,299.0
PYJEG32CDZHG4YPY,1999.0,1099.0
PWBEH5GVSSEVAYFH,2199.0,1842.0
SHTEGEYVP6HJHNGQ,3099.0,2169.0
DREEHFYM6BFM8XJ2,2695.0,2695.0
POSEH89G4KTUFHC7,599.0,199.0
PYJEGR3YTGEUFDFV,2299.0,1499.0
ECOEFYFBJVZWTN9A,999.0,499.0
BRAEHD9FNNJHVHQG,1649.0,1616.0
POSEHB8XSZG2GTVR,599.0,249.0
PANEGYX3QGNMWHNF,299.0,199.0
DREEH7YJQESC9GMV,1899.0,1399.0
JEAEGRDYBVFWFEMF,1195.0,717.0
NSTEHCA9DUDHJHZH,579.0,579.0
SHTEGXNRHDGHUSUY,799.0,799.0
SHTEFW565VBYBSYH,1099.0,299.0
PYJEG323BEUYYUHV,1999.0,1099.0
ECOEFYFBJCW8TPYQ,999.0,499.0
TMLEERDZH8NQ2PWP,400.0,380.0
PLOEHFEWQZHVJFQC,1299.0,425.0
ECOEFYFBUZZS8JT8,999.0,499.0
HRBEHD9WUWPAWRDZ,646.0,646.0
PANEGYX2YQ8GGZHE,299.0,199.0
PWBEHD23J2HXNMBT,2499.0,1299.0
PYJEG323N8GHPCA3,1999.0,1099.0
ECOEFYFBYJXAVVAR,999.0,499.0
PYJEG32CJZ4BJVWZ,1999.0,1099.0
JEAEGMZZSE3ZJQ5Q,1340.0,670.0
POSEH49H6VAUSEUZ,1299.0,999.0
SHTEGEFYGYU3AZAK,2799.0,1959.0
ECOEFYFB2FBGJSEG,999.0,499.0
PYJEG3FZUBMFJEDW,1999.0,1099.0
TCKE8SPVBHJZVDFG,349.0,349.0
ECOEFYFB5YZHCAVN,999.0,499.0
BRAEGZYDHFHZ6WRN,549.0,272.0
DREEHBCEEQ5GDHHG,1299.0,1299.0
JEAEGWXHY7HWQ6HD,1299.0,909.0
BRAEGYXFUM7FARNG,698.0,299.0
SHTEFW567RGAGJFY,1099.0,299.0
TSKEE3GC4FEHHWHF,750.0,550.0
ECOEFYFBTDEB4ZFU,999.0,499.0
ECOEHBYZSUAHXEA8,598.0,299.0
PYJEH24XGHWTJTZA,945.0,525.0
POSEHA88ZSFGVZHU,399.0,249.0
SHTEGXNSABFQ2G3J,799.0,799.0
PANEHDF3XR2M6VU7,897.0,479.0
BRAEGZYEFWNYJVTT,349.0,299.0
JEAEGRDYZTHKK8RX,1245.0,747.0
PYJEG32DG6MCGEX9,1999.0,1099.0
SHOECCBJ3HGJUTEJ,899.0,449.0
PANEGYWXD4TFXFXH,299.0,199.0
SHTEFJU4MDW4BJPY,645.0,299.0
BRAEGZY9JWRP7SZT,279.0,249.0
JEAEHA49Q7GUXNW3,1299.0,974.0
BRAEHBGYHYG8K4EB,1599.0,749.0
PYJEG32FFYTGKSKA,1999.0,1099.0
TMLEEHRA5FA32HCK,416.0,402.0
SHOEFZFHGGMUSMDK,1899.0,383.0
MLBEHCAYU8TGRGGJ,2999.0,1499.0
DREEHFYMBXCFZ5HB,3295.0,3295.0
PYJEGR3YGPQZJU3Q,2299.0,1499.0
DREEHCZDNCMHZGUG,1999.0,809.0
PYJEG322KSQBQF75,1999.0,1099.0
PYJEGR45T6HSVGZS,2299.0,1499.0
PWBEH239K4WVXXMM,999.0,499.0
PANEGYX2UKXFYWRJ,299.0,199.0
SHOEGDT7PZMGHKQF,399.0,191.0
PYJEGR3YBQY87EJW,2299.0,1499.0
BRAEHCDBJX2MG2EY,480.0,475.0
SHTEFGCEGSYJT3MN,545.0,381.0
DREEHCFWWBSBXHDH,2488.0,994.0
PWBEH24XHG2YBYED,1299.0,399.0
YBKEHB3YR6RHMCFB,1500.0,880.0
BRAEGYX5HQTBDJEB,349.0,199.0
SHTEG6AYTPM9JTBN,749.0,749.0
SHTEFW55JQFPKY4Z,1099.0,299.0
YBKEHB3YVBCQVFJQ,1500.0,880.0
MANEGHZGXG5DTZ6N,300.0,300.0
SHOEJVHAWMHCBEJH,1099.0,499.0
COVEJVF7ENJZTYCJ,13999.0,7999.0
TVUEHZZUBTFHR9S2,28200.0,25380.0
AVCEJ3CZG3PE2SUK,799.0,435.0
AVCEJ4W3KFNZ2SGN,549.0,245.0
AVCEJ3CZ7GPK4XSJ,699.0,365.0
AVCEJ3CZHKUG7WKR,699.0,365.0
ETYEFUYSEGFP6E3T,2999.0,1799.0
AQFEF4Q84KDGNGAF,1530.0,698.0
ACCEG2WVEJ8BDC2H,5999.0,5999.0
MBDEFP93WQJBKTRY,8500.0,6799.0
HLKEF8JMZ4RKJTPF,499.0,279.0
ETYEFNWSNCPRQRFQ,400.0,303.0
ETYEFUFF2DWXNYV2,450.0,380.0
STOECMCFBZM6Z4G6,549.0,549.0
ETYEFRFG7G6FKP8H,410.0,348.0
MBDEFYHEKX7GBWFU,3999.0,3000.0
TBHEDFJNRT2FURMK,500.0,349.0
ACCEGYCGPDMC5UFF,500.0,220.0
HLKEF8KGAV9MMKVY,499.0,279.0
STOEFJTE2T6NWHYX,1949.0,799.0
ARCEF6DNTRRP8KEB,999.0,299.0
PFDEG3AHQ4SBVDQB,660.0,650.0
ACCEG2WWRHZHD2UC,5999.0,5999.0
ACCEF8CZKFEXZKFM,1200.0,788.0
HLKEEAPBPJZQ5NVC,399.0,199.0
ETYEFZ5YHWHZ8XAK,6590.0,3345.0
ACCEGYCGPKC3MNY3,500.0,220.0
HLKEF8NMH6WWMZF7,499.0,279.0
SSKEJ5UHZAZVTC6H,499.0,165.0
WLPEJ5VGMYBYGGX7,599.0,299.0
WLPEGHDFJ4UKCRMY,1399.0,430.0
ACCEJTEDZAEE8FZY,799.0,249.0
BRAEJNETWZRKGQBT,399.0,199.0
BRAEJTH5VRZPMG9J,499.0,333.0
WLPEJ5VGBMZKHWAZ,599.0,299.0
BKPEAYZJHKRQRCJZ,2889.0,2889.0
INKEF3T7F2S9XQKJ,3499.0,1749.0
SKIE8AYKWDYJSG5N,1295.0,634.0
STFDTGQZGEVP2HAM,1499.0,899.0
SHIED9QZH7GZUGSK,2500.0,2500.0
BKPEDM7H2MZG2EWH,4099.0,3279.0
INKDWYSBHRJXDMSN,6250.0,1500.0
TROEJY3HGWQYKXYU,2200.0,999.0
SCFEJYNRUWMYMZEZ,499.0,179.0
ACCEJFGQSZF7GWEU,450.0,450.0
HTTECRHF2PAYMFMY,725.0,675.0
SHOEJXVUAD43GAS7,999.0,399.0
TROEJYVHEKXPZAAW,1499.0,719.0
SHOEJXVUXWEQ2JSY,999.0,399.0
KBHEJXQRFHUNDZGF,500.0,275.0
SHOEJY4FK7VKHGDS,1899.0,699.0
SCFEJXHKBU5HUGUB,550.0,269.0
BLOEJWAKHBBUGRES,1499.0,699.0
TKPEJXUP89GFFZUS,1099.0,539.0
TROEJYTCSFSSSGAF,2200.0,999.0
RAKEJU365EKFVF8S,504.0,354.0
HLKEGGXG7A2VCNJQ,1000.0,284.0
CSPEJVPYESZ5ANEH,599.0,299.0
BRAEGZYSRSZBGXGK,999.0,467.0
TOPEJP3GFFHU5TFA,2000.0,999.0
FAFEJXZUYEKFCCXX,1200.0,1025.0
RAKEJU36JWZQHZM3,681.0,531.0
SHOEJXVTQNHX2NC3,999.0,399.0
RAKEJU36GZAEFVZW,674.0,524.0
PLWEJDJFUMJGKRSZ,699.0,279.0
RAKEJU36Z5PXN4HY,687.0,537.0
SCFEJVK9VK6U9WHE,599.0,149.0
SCFEJYNQCTWQYMRA,499.0,179.0
SCFEJXRRKEGTTH3K,550.0,275.0
SHOEJY3YTGATUTDQ,1899.0,699.0
RAKEJU36AQRXGSZW,677.0,527.0
SLBEJTAHZCJNYXH8,1499.0,449.0
JEAEJTCNUNMENQBY,2000.0,669.0
BPLEJTYFWFVFPH43,3500.0,1799.0
SLBEJTAH7YJDFZ3Y,1499.0,449.0
SLBEJTAHAP9WZYRR,1499.0,449.0
JEAEJTZZJS2GTZAK,1099.0,689.0
ACCEJEEYFFEEGHR7,999.0,199.0
RCLE3KUDBPC6UGPW,7000.0,4050.0
SKIECCJJH4YNTUKM,499.0,289.0
RCLEYW4QPVNUJYPT,739.0,539.0
VSTEEAHS9HGGY3PF,3875.0,2300.0
LSKE26U5F87S8GWH,225.0,210.0
SNDE6BQFXAGRVGF5,3150.0,2520.0
ACCE9ZVFRF5VPGYH,3614.0,3433.0
JWSE22B4YDF8U6AN,850.0,818.0
BLADZ9CWEWMBEQZN,2295.0,984.0
SKIE7WMUUEZJXK2K,899.0,449.0
RCTECNPQGGB4ZGAZ,2399.0,2399.0
SHVE58VGNPBGHKDR,999.0,699.0
BLAEBRA57ZTZZXWK,1999.0,949.0
ACCEDHZESFFHCKTG,1999.0,1199.0
BKPE687F7GK6AYU2,1499.0,599.0
JWSDX6UBDXUHRCAZ,1100.0,915.0
BLAEAWABFJH4YWE3,1399.0,1399.0
SKIE2ZNJPEGBWJTX,899.0,539.0
SHIE9YJH2ZHQ6XD2,1260.0,900.0
BLAEE4WSG8CYBRVY,1695.0,1395.0
SNDEYFKFZXF9AR9K,1590.0,1590.0
BKPE6BZ8QFJ7WYCP,1299.0,499.0
RCLEYW4QSGAY76MJ,739.0,539.0
RCLEYW4QXBFCNEZV,339.0,159.0
SKIEBXFEMA4PCGWM,799.0,499.0
RCLEYW4QSHJZXAJH,399.0,189.0
SHIE6QFEJYJ5YEGW,1000.0,599.0
JWSDWBPPVUUXUHEC,960.0,960.0
RCLEYW4PFFSAFZKT,199.0,79.0
BLAEEAAXH7AHKWYZ,1500.0,1200.0
HOFE4P3YD2BFJYYT,700.0,700.0
SNDE6S7NRNHX762T,3999.0,1992.0
ACCE6KYGDPYYMYNK,2500.0,1100.0
RCLEARZGMRQE2HMY,3000.0,3000.0
BKPE687FDHFJZWU9,1299.0,595.0
SHIEBUD95XV2YAGF,1599.0,999.0
SKIEBU7HGPED7CBC,899.0,275.0
RCTEE9GGHDFFWEF9,3799.0,3299.0
JWSEBQUXCRZVQGY9,1118.0,999.0
RCLEYW4QPRG4DMJU,539.0,269.0
SHVDNAZR4CJHKTQK,1395.0,865.0
LSKEDKXZBSVQ883C,255.0,180.0
BLAEE3GC4AJKUWHC,1500.0,712.0
RCLEYW4QNGHANNYH,739.0,539.0
ACCE6SDMARUYEEH6,1499.0,299.0
SHIE6GFW6QFEG9QH,850.0,594.0
BKPE9DKAA8TSKFKW,990.0,990.0
BLAEEERTHSQRH7ZB,1699.0,1049.0
SNDE7FD7SEG9YF2Q,1590.0,1590.0
HOFEDQPJHSNFSYS2,250.0,250.0
ACCEDF7A5JEFATPG,1990.0,1199.0
BKPEYQHBGRH6KYMH,1999.0,649.0
SNDDT3UXUNGVFWST,1690.0,1690.0
BLAEE3XF4RUA4UAD,1999.0,799.0
SHTEYZ7ZRZGSREJB,1095.0,328.0
BLAEE6KT79ZYZ4GN,1999.0,1195.0
RCLEBAWZJHAQWXCT,300.0,199.0
RCLECHVGMEGUDCYU,650.0,415.0
JWSECXGUQFEEJN2V,1120.0,989.0
ACCEDUUEKZJQ5TTY,699.0,299.0
RCLEYW4QUX4ZZGZP,539.0,269.0
SKIEBXFEBUXFRDFX,799.0,399.0
SHVEYGZUH6MAGSPS,699.0,371.0
BKPE6BUD33FYF36Z,1299.0,599.0
SHIE3HHCY7MQHSHK,1199.0,599.0
HOFEDRD3TAHUZEHG,250.0,250.0
BLAEEDVPYT5GQ64V,1999.0,799.0
BLAEDSGQXRUYFXMA,1499.0,1148.0
RCLEYW4PKHPWGSDV,339.0,159.0
RCLEYW4PV9DQ6MAT,539.0,269.0
ACCED9RVHZNWFMB4,799.0,330.0
JWSEB599ESY3T5PR,900.0,725.0
SHIEAKXK6FC6PVDD,1499.0,1000.0
SKIE2TFGY9RPYGC8,999.0,499.0
SNDEYGA9HSZUGZWK,1790.0,1790.0
BLAED8FWSFTEZARZ,1990.0,1475.0
BLAEEAAWGKXCXJHX,2199.0,1350.0
BLAE39ZZYDGFHKUH,2055.0,878.0
ACCED89HUTPUT2P5,1999.0,1999.0
SHIE5G6ECK373RVE,750.0,590.0
JWSDUXDWZGUQBST7,740.0,740.0
BLBE7FGJKZHQYNJF,325.0,150.0
TSHEAS29JFGZRGV2,599.0,599.0
SNDDVP9CYXHTZ7XC,4999.0,2999.0
RCLECS6HRZJ6Z8TS,850.0,540.0
BLAEE9GHEEGZYDZP,2000.0,840.0
RCLEC88FDFFHFZ8N,249.0,179.0
BLAEFNYCRGTHXXEX,2997.0,999.0
SHIE9UGK9B9BCY6Z,1200.0,899.0
ACCEAGH5FDGA4EDK,2599.0,1199.0
BLAEBZRJ3PFRVMRE,1640.0,1170.0
LSKEEGNSMPN7C8BE,300.0,149.0
RCTE5BZ4HTGYDQZC,7499.0,4499.0
BLAEE6KTNGBQWHBZ,1999.0,1195.0
SNDECS3EYTMGYU3F,1990.0,1990.0
SKIEBBWHXJEQFVR7,1699.0,499.0
BLAEEDSGY6APNYWQ,1999.0,799.0
JWSEAAFF47ZV9MUN,1099.0,899.0
BKPE4GF4HMYZRQAM,990.0,899.0
BLAEEDXCF6YKZYGC,1999.0,799.0
RCLEYW4PQPMHDXGJ,539.0,269.0
RCLE3KUDVSNHURXF,3600.0,2200.0
ACCE996SS4RVW4ZG,2199.0,1799.0
SHIEBTGD4Y65CCNS,1290.0,699.0
TSHEBMZ9STP7ZVRP,799.0,799.0
SHVE5KZ9AYH4YSJ5,895.0,449.0
LSKE9HQNUZMHBSDJ,239.0,118.0
SKIE5AQJRHMG77YZ,999.0,499.0
BLAEFKASM6ZYQ7SW,1099.0,1099.0
BKPE25GC2ZFVGGNU,2999.0,599.0
BLAEEDJ6GGYYASSR,2399.0,1425.0
SHIE472GZZQFSZPC,899.0,699.0
ACCECZTCZJ2HKKGS,799.0,298.0
LSKE36A69ZNY64DG,210.0,210.0
SNDDXFF3ZYGKRCYK,1690.0,1690.0
SKIEAFY7HHH3RSH3,599.0,299.0
RCLEE5Y2AEHGUCZC,682.0,682.0
BKPEB2PFJPENHHJK,1198.0,549.0
JWSDZY73KMTNAFHG,750.0,599.0
BLAEEHE5PXHBZ5MB,1499.0,699.0
BLAEE9CRQZKT2HQ2,2350.0,1399.0
RCLEYW4PV3EGPEWA,399.0,189.0
RCLEYW4QXDWHDFSZ,339.0,159.0
ACCE9HC5MEDTHUYB,1199.0,1199.0
SHVE9VHFFYAY8HBT,699.0,198.0
BLBDYGA8SAAWHNVH,375.0,265.0
SKIDR879BTHK8JUF,1799.0,539.0
BLAEDZF2CD3HA8P9,1999.0,1199.0
RCLECY4GC7PD4WSG,499.0,319.0
BLAEEAFTHCSGQFQB,2000.0,840.0
RCLEYW4QGHFKZPZB,339.0,159.0
RCLECHFGUXERJRN2,1900.0,850.0
BLAEFDUMVMFZJGAX,1797.0,599.0
RCLEBGYWYXYEHHM8,350.0,300.0
SHIE5CEEJF5VWZFH,999.0,699.0
RCLEBVVZR4KG53FN,999.0,499.0
TSHEARHHM8GTHY7R,599.0,599.0
RCLEYW4QYZAMXHJV,739.0,539.0
ACCECC2G8NHGTK44,2999.0,2999.0
SNDECMEPKYBCWJYB,2199.0,2199.0
LSKE9RHNFSDTF7D2,225.0,169.0
BLAE93GX8VTDTHNN,4500.0,975.0
BLAEEGTHFYHFFFUG,1699.0,1049.0
BKPE9R5CWH6CNCWM,1499.0,524.0
JWSEE3MYZ2QZ4QHG,1149.0,919.0
SHIEBTG7F8AZNWYS,1290.0,699.0
SNDE8F4RZRK7WGZF,6210.0,6210.0
RCLEYW4QUXFKRMGU,279.0,129.0
BLAEEABZURNYJTGC,1500.0,1200.0
ACCECZTBN76ZFNZC,799.0,298.0
HOFE4P3YVFHFFMGS,1400.0,1400.0
RCLEDR6HVRYXMM8K,550.0,349.0
BKPEDPG57FTEM3WF,1600.0,695.0
BLAECUHKDRQZWGXF,1999.0,1397.0
JWSECMERZZT8YFRD,659.0,579.0
BLAEE3YZ4ZGKEWYS,1999.0,1299.0
SKIE5AQJAEXH5GYG,999.0,499.0
ACCEDV26ZN5K4GDN,1999.0,1199.0
BLAEE6KTGHRDPNCG,1999.0,1195.0
SNDDVN24AHEAYBYM,1799.0,1799.0
JWSE75Q8JGKMF9TS,749.0,609.0
SKIE9MT6ZYHHSGW8,950.0,549.0
RCTE3BSA9AQGCZXX,6000.0,4499.0
ACCE6S2GA922QHYH,2995.0,2199.0
RCLECFE68HSMNMZF,2000.0,1250.0
LTBE4HAWXFCXZJZB,2895.0,599.0
BLAEFNYCWVERCSRX,2997.0,999.0
RCLEYW4PFKNHDUHX,279.0,129.0
SHTEYX5HZDMKHRPW,1095.0,328.0
SNDE23CRFRSREHNJ,2999.0,2999.0
BLAECEBZU8VZUNWF,1299.0,1199.0
RCLECS6HRXZGMUDB,600.0,350.0
TSHE3HJWSZ2AZGPR,699.0,699.0
RCLEYW4QCUTHH6ZT,339.0,159.0
RCLEBZRHBEVYEZ7A,600.0,325.0
BLAECYJBSHFYG5VR,1299.0,1099.0
SHIE8QA8RSGHCEYY,1310.0,740.0
BLAEE2PMGWCZFFGG,1700.0,699.0
BLAEAZ9YF6JEXT8B,1999.0,749.0
RCLEYW4QKYRGZ7BH,339.0,159.0
SNDEFDZQYAQFRFHE,1990.0,1990.0
LSKE9RHN77N3YEHJ,225.0,169.0
BLAEE6KT6VCXG2HU,1999.0,1195.0
SKIE6PXK8JGJSVYZ,799.0,399.0
BLAEEDXCWA9RWAF8,1999.0,799.0
RCTE7WQ5CSYSCFFH,3500.0,2490.0
RCLEYW4RGRKNAYJX,339.0,159.0
JWSEFR3BJZY9GM9Y,799.0,799.0
SHIED8T6GSTTYVBA,2000.0,999.0
HOFE9KZHSPRCRG2Z,600.0,297.0
SKIEE2NEVYYATBUP,799.0,449.0
RCLECBJ9HPGHCYCP,9999.0,5999.0
SHIE6YYPGZPFC5GK,999.0,549.0
BLAE2EEAXYVGRQMR,2997.0,715.0
BLAECYN7AEZQHJZG,1299.0,1099.0
SNDE6J96YNHZVTP9,1999.0,1999.0
RCLEYW4Q66GKWYUG,739.0,539.0
BKPEEJF7CJK9GBX3,999.0,399.0
RCLEYW4QGD3YYNZT,339.0,159.0
LSKE6FWHDDWY7J5T,149.0,149.0
SKIEFFYZZXYJKT3Z,999.0,499.0
ACCE6KYGEKNVZK5W,2500.0,1100.0
RCLEEFTH3QGRZF7G,699.0,249.0
RCLEYW4Q2MXFSCSM,539.0,269.0
TSHEBYBHZ7JYFMCV,599.0,569.0
SHIEBCZQNHTSFPJG,1499.0,999.0
RCLECC9YFXCTZE8M,1599.0,860.0
SNDEBHHAZWXZRSD5,1599.0,1599.0
JWSEDN82EPFAWQMF,650.0,549.0
BLAEEFYGWAGQTZU3,2199.0,1399.0
BKPE6FTKST3XD4J4,499.0,225.0
SHTDUA8D3GGBMNTJ,1299.0,584.0
SKIEAP5UYKWH9VZP,1599.0,399.0
RCLEYW4PKUT4QS2Y,339.0,159.0
BLAEE3GCCPCVAMVJ,1500.0,712.0
SHIEA3GYUGTA4T2A,1250.0,899.0
BLAEBAF6C2EHPTDX,1850.0,1399.0
RCLEYEES29XP8EET,1700.0,779.0
BLAEEDMURAWADW54,1299.0,1200.0
RCLEYEESGC5RZ4YV,1999.0,799.0
JWSEBZN9X49CPUFH,799.0,699.0
RCLEBTZ3FYGGWGBZ,1499.0,999.0
BKPE536FHSNYE85F,1499.0,599.0
HOFEYQZPKEMRTVHH,800.0,800.0
SKIE9UPRZQZMSYA2,1099.0,349.0
RCLECS6HFGX2ZAY5,600.0,350.0
SHIEARQ3SFURR9EY,1500.0,945.0
BLAECPWZZZVPSDFH,1399.0,1399.0
ACCED9SYSVAU9FRG,699.0,310.0
RCLEYW4P9GHDHBFR,339.0,159.0
BLAED242BBPBXMC7,1599.0,1299.0
SNDE6J96URNBNUZH,1999.0,1999.0
BLAEEDSFZHXRN2HG,1999.0,799.0
BLAEEERTXBGBWYS8,1599.0,1049.0
RCLECY4F45H8YHKC,499.0,229.0
JWSED746AYTCJA8G,995.0,795.0
BLAEDZTE88SQUWWH,1599.0,1099.0
SNKEBPVFVGG8A5UR,3800.0,2900.0
BAGE95FKJYAH9UUE,999.0,498.0
SKIEBXRBCVPKHG86,799.0,475.0
BLAEE6KSVJGTYQTN,1999.0,1195.0
BLAEE6KTUAKAHYNP,1999.0,1195.0
SHIE4ZNGP7YWVHEY,925.0,560.0
SNDE4YPTZXYEPENZ,1690.0,1500.0
RCLEYW4QNCRVHCGC,739.0,539.0
JWSE2QGFTHXKZYZY,1200.0,960.0
RCLEBWHTEYTFZ2FF,999.0,699.0
SKIEF2Z8JUHGHKER,899.0,539.0
BKPEBAUXZVMGHBUG,1599.0,599.0
SHTEBCJFZNQTDTJV,699.0,318.0
SHIEDJR9RF8WTDZZ,1198.0,599.0
BLAEDZ9GGZT3GHF5,1990.0,1290.0
SNDE6S7NZTD7QQ7M,4499.0,2241.0
BLAEFHQ3HZPRCD8Z,1797.0,520.0
TBREDUYYSAKJ4FVM,799.0,599.0
RCLEE2NJGGZXXA3Q,249.0,149.0
BLAEE4WUZEHPYMRH,3499.0,999.0
BKPE6PXHGYYWQRKP,1299.0,600.0
SKIEBEAEZWGH2JAX,899.0,375.0
JWSE75Q9ZFVHWJXQ,879.0,699.0
SHIEA6XUGR3SJNHN,1500.0,849.0
ACCE7MAU5WRZ4VCQ,2500.0,1200.0
BKPDXV8HNGJJRBWC,1250.0,499.0
SKIEAYTRHTZTA4GB,999.0,494.0
SNKE77U2GPQPMGJJ,1100.0,1100.0
BLAEFHQ3DNE82GHZ,1797.0,599.0
RCLEYW4PHCUAWTGG,399.0,189.0
SNDEAVVPYFGQ9EYY,4000.0,2392.0
FNBEGWY8DTMG5BU3,400.0,240.0
SHOEJP2GGNVTPHET,499.0,499.0
SHOEJ9CTF3KHJD5N,3199.0,1599.0
RUGEH4VHFHY9CZGA,1800.0,599.0
HKHEH35SZGQYBE68,550.0,299.0
HKHEH35SZQY3EY3A,650.0,299.0
RUGEH4VGZBC5SHJZ,1299.0,699.0
BBAEH238PC26BHVM,445.0,225.0
BBAEH3QD7HQQWGYB,425.0,245.0
RUGEH4VGZFPUVSD2,1299.0,699.0
JCKEF26QXMHTQGVU,999.0,849.0
RUGEH4VFGWKXNCZT,899.0,499.0
CTLEH4CDD64NGGYS,2300.0,999.0
RUGEH4VGX2RJXKFS,1299.0,699.0
RUGEH4VFEUFCVNPW,899.0,499.0
RUGEH4VF7CMDHBPE,899.0,499.0
RUGEH4VHD8BTXRQD,1299.0,699.0
INSDZKFYUEHRDXJH,550.0,525.0
SNDEHZQQERXYSRFS,999.0,499.0
GRPEFYYEQ2AYRW3Q,600.0,600.0
MTYEHYU2QTMGDDUD,425.0,235.0
INSDZKFYE9FHHPNC,850.0,825.0
REMEGYNWGMHU8GRT,399.0,239.0
SNDEHZKETS8DDPTF,999.0,499.0
MOHEGYZJDMGUJQYB,999.0,339.0
TCVDX6N8ZSPCQQBY,345.0,275.0
SNDEA7YN8MX4T8ZP,799.0,479.0
TBHEH9SRRQMWHXMD,490.0,290.0
TFHEHZAXYGWTTGGY,899.0,899.0
REMEBFKHJ8535HP4,899.0,599.0
SNDEHZQPVBDGFCMH,999.0,399.0
SNDEHZKDYYWENBBB,999.0,499.0
SNDEHZSMAVZYGYXX,1299.0,699.0
SNDEHZKDCB5PBTYA,999.0,499.0
REMEGFPHEG83CCMZ,399.0,239.0
SNDEHZKECMYAGYVG,999.0,499.0
MTYEHZRZDDQZFH8Q,2500.0,1499.0
TBHEHB7S6N5WHTYQ,599.0,350.0
SNDEHZMFFGGKYHRZ,2500.0,1750.0
TCVDXA8SB8QB8MKY,620.0,496.0
DUPEHPFQ9HBBE7ZF,2114.0,2016.0
SNDEHZH5UYAPJS67,1290.0,899.0
KTAE4HEXZZ5FGQXV,1195.0,365.0
DGBE6JPFHTUWZES4,2417.0,2054.0
DGBDFG8PFWRBGZZV,395.0,395.0
DGBDMKJ9GYNA3RRH,2613.0,1568.0
DGBDZFBTFEF4H2VJ,169.0,144.0
DGBDGBYTYTHFGZYA,7527.0,7527.0
DGBE43HAN5ZAHAMP,10484.0,10484.0
DGBDTDF5NZDPRXHS,8514.0,7237.0
DGBDFGE4UJQDEZSJ,425.0,425.0
DGBDNY3ACA6PBK5X,11456.0,11456.0
DGBDNB4PQ8Z7HWMD,2075.0,1971.0
DGBE5VT3BKNHKFGS,2124.0,1805.0
DGBDYKHZK8VHHAZN,725.0,617.0
DGBE5ZUZTXDRAYZX,8603.0,8603.0
DGBDTCRFCVWWTPWW,3957.0,3759.0
DGBDNY38GJMFBBPF,10115.0,10115.0
CSOEGGERRAMYB2WV,998.0,245.0
SNDEGG8AM4XNVJUG,1199.0,649.0
CSOEGGENYQKSRYHH,998.0,245.0
BALDCJFFVZ96FYNX,599.0,550.0
BALE8ZABFPZGSGFX,435.0,406.0
BALEEZYHUXDQW9ZV,350.0,350.0
BALDCJFFBJKZZNU8,215.0,215.0
BALDCJFFHEWYR4AT,279.0,250.0
BALEBHHMFSHXSJ8U,475.0,400.0
BALEDVR8HYUAFHEP,950.0,500.0
BALDYRGRTGAQHVGF,780.0,780.0
SNDEFV9492G7GYX6,1485.0,1485.0
SNDEE2JSJSF3UTVG,2599.0,2209.0
PHFEGBZFGSGMFAEV,981.0,539.0
JUMEF3BPWGGFZSNZ,799.0,679.0
CSREGVMGRHSGNYRE,4990.0,4085.0
PENEGZ28UBCHFWFV,4290.0,4290.0
PBLEGWQWYXZ8MHA8,460.0,380.0
PENEGVUX5ZNHTMVS,1695.0,1695.0
TDHEGVZKK3SXYZSC,1695.0,795.0
STLEGWGWP2WUCG4H,425.0,425.0
TDHEGVZKCPPGJ6UU,1225.0,695.0
STLEGUHWGCGF783K,399.0,199.0
PENEGTKGAZ7VR5JH,1695.0,1695.0
SHVEEJVMXZZA6KWE,999.0,220.0
SWSEG4P3YMPMDHPW,1799.0,647.0
PBLEGVWGKRWYKK5Q,250.0,200.0
ACCEDJGZXUB6JVBC,499.0,499.0
APREGXHNXYQZBSKB,400.0,200.0
PBLEGVWGYBC7VFJS,250.0,200.0
PENEGVHHQJHXGUYN,1695.0,1695.0
PBLEGWQWGGFTPMKK,600.0,450.0
PENEGVVCNGSGXF2W,999.0,599.0
PBLEGVWGHJAZ3KVW,250.0,200.0
PBLEGVWGVYUFGE3N,280.0,230.0
APREGUT8FZF9ZJDF,799.0,799.0
ACKEGXUFEDHRGGAC,299.0,268.0
PBLEGVWGFFJVUXGV,280.0,230.0
PBLEGWQWEQKPXDHT,490.0,350.0
PBLEGVWGMZKMCNEU,280.0,230.0
PENEGUR4XN68264K,1695.0,1695.0
STLEGWTGJRHVPQMY,350.0,350.0
PENEGUZ2WKEWAWPW,1695.0,1695.0
CSREGUNCASVGYYBA,2490.0,2232.0
PBLEGVWGGEFYDGTS,280.0,230.0
TDHEGVZKS6AH6JHS,1425.0,695.0
PENEGTMPRWSG4BBD,1695.0,1695.0
PNCEESWQU9K9JYDD,375.0,375.0
PBLEGVWG7J9JGA7S,310.0,260.0
FRKEGVUNGC6RCBAZ,799.0,569.0
CSREGUP3A8GHRV4K,2490.0,2090.0
TDHEGVZKDUDKTUTG,1695.0,795.0
PBLEGWQWHHQC2KXY,450.0,320.0
PBLEGVW8CGQF2TMF,999.0,649.0
FRKEGVUMUKUSSTAD,299.0,285.0
PBLEGWQW5FHJXWZT,460.0,380.0
PBLEGVWGHCGZCQFQ,250.0,200.0
SWSEGJ4Y4JZJHWVG,1099.0,549.0
TVCEFGUAYANHKFGT,499.0,199.0
ACKEGXT8CAKTCGHU,289.0,235.0
APREGUTB4HYPZQVX,799.0,799.0
CSREGUN544KKCUAU,1890.0,1472.0
PPMEGP38JE3ZNW5G,539.0,469.0
BDSEGQ32ZQVH7DP5,1499.0,599.0
SPBDWS88YYG4FCGE,3890.0,3890.0
KTAEHBHXNNYXMDVW,1200.0,890.0
KTAEH73UCVGYZHDX,1499.0,319.0
VESEGYYH2FKDSGDV,2999.0,899.0
KTAEH73W75CKEGUZ,1499.0,319.0
NSTEGQYDKZDTSY75,1299.0,899.0
LJGEHDSP4FSHGSVB,2000.0,2000.0
STIEGGF6DZHYPYK4,489.0,149.0
STIEGGF46MN27YRM,599.0,169.0
CSKEG2PJK4WVGDCT,3600.0,1998.0
MIXEFKYTMQFDECFC,3095.0,1599.0
TUNEG39HT7DZCGZQ,775.0,775.0
FIOEFUXPJQYZKDXZ,3299.0,1299.0
LACEGF4N66XHVBVB,999.0,329.0
BPLEB98QF4SZKYVM,1500.0,623.0
NDNEGCRA6ZWHKSKG,2985.0,895.0
SSDEG6EYSYKY7FTM,599.0,539.0
NDNEGCSG88WCRFGS,2985.0,895.0
ACCEFH5CVVZ9YHAW,599.0,164.0
FAFEG28UFPZKPGUZ,399.0,399.0
BPLEB98QVR2YZES7,1500.0,623.0
BLREGAC4CH2CSEFP,450.0,399.0
FAFEG3ZDYKXNGXY4,485.0,485.0
NDNEGCSGYZY3N5EZ,2985.0,895.0
SHOEFECF6S3UPXZB,1600.0,1600.0
TSHEEDQXZV79B6VF,899.0,599.0
SKIEE3YWWGHNNNFV,1999.0,399.0
BKPEFCTNBZPZ6SNZ,1120.0,800.0
TROEC9FR543TRB7Z,4497.0,2010.0
TSHE8YJJXWZVKU5B,895.0,599.0
SKIE64YWMGUEGRBG,1249.0,279.0
BKPE72DQFUHFUP9B,1399.0,899.0
TROEBYV4UBCPWBXX,1949.0,1949.0
TSHE8FJ2N5UKTUAP,1198.0,699.0
SWDEFYSMZ6WYZFVM,2999.0,714.0
SWDEFYSMVAF3RY8Y,3999.0,1234.0
SWDEFYN8FCU6BH6K,1299.0,799.0
PANEGGMANBU4TPNK,498.0,498.0
BHGEGTATYZ2VKAHF,800.0,437.0
PTGEGUZVRWYQXTWF,15783.0,8720.0
CSPEGWZGQ66HYAKY,850.0,325.0
CPGEGVXAQUV6RF6J,5300.0,3100.0
CSPEGWU3EWYJJXGF,999.0,199.0
TROEGR9G8ZHYN4VT,499.0,499.0
CPGEGPXSHFFRHXBJ,2100.0,1050.0
PTGEGUP2PXZZ8BGC,35100.0,19380.0
TROEGVK5QEZJHCXQ,699.0,259.0
CPGEFRFPF5ZPTKF5,4800.0,4100.0
TKSEGVXZ5GCH2TMG,2390.0,995.0
KLSEGUGCH9ZZUKQZ,350.0,299.0
TROE7FCHEXK2EH3Z,2999.0,1949.0
TSHEFJ3FQDCAUU7H,699.0,629.0
PTGEGUPNEZHH3UKD,24987.0,13800.0
CSPEGWZJH5FNW3HY,850.0,325.0
CPGEGQYQ8UKFHWYT,2100.0,1050.0
TROEGWHHYSE4SRBU,1699.0,1699.0
CSPEGWZGYQYTKHG4,850.0,325.0
BRTEGZ5KNNSNKEF6,2499.0,1999.0
TROEGWTJM3HGZ9JH,656.0,534.0
BHGEGTAU6PQYT9HY,500.0,220.0
HTHEEZGZWWY4MZQV,9999.0,6499.0
CSPEGWZFWWPXAQ9X,850.0,325.0
CSPEGWN2Z32RHEJP,850.0,325.0
PTGEGUZHKTTY5BKJ,39500.0,21780.0
CPGEGPVTGCRENUMM,2100.0,1050.0
CSPEGWZHBHGXH8ZX,850.0,325.0
TROEGR9GXTNVWACF,499.0,499.0
BRTEGXJDRANRMDND,1999.0,439.0
CSPEGWNFWNWMCREA,850.0,325.0
CSPEGWZEH6GG2CRE,850.0,325.0
TSHEFJ33YXVJUJG3,599.0,539.0
JEAEGH66KZWGVWY2,730.0,560.0
CSPEGWQGHTGYCVMR,475.0,220.0
CSPEGWZFBQYDTM7Z,850.0,325.0
SWSEGKNUK5HKZ7FK,999.0,719.0
BHGEGTAU2KVDHXXJ,600.0,426.0
CSPEGWZHFU2Q2ZPG,850.0,325.0
KLSEGVF48H5TYDKA,350.0,299.0
CSPEGWZGZHEDFMCG,850.0,325.0
PTGEGUZBS46TGTMM,5520.0,3040.0
CPGEGUDZWEGMZ9DZ,14798.0,7399.0
PTGEGUPY56VN7B6A,5520.0,3040.0
TMLECS55MZKC5ZPK,599.0,299.0
CSPEGWN29FE8GXTY,850.0,325.0
CPGEGQ42GGEHHQAJ,2100.0,1050.0
CPGEGPYWRZMPQESK,2100.0,1050.0
TSHEFJ3FFCAYQW29,599.0,539.0
KLSEGUBYAPFVGGWK,350.0,299.0
TROEGWHHRHGBEZS9,1999.0,1999.0
CSPEGWZFVYT9ZNB7,850.0,325.0
CSPEGWZH5PCQSH8E,850.0,325.0
CPGEGPWFQURZHFBA,2100.0,1050.0
PTGEGUPFREGF543N,46500.0,25510.0
PANEGZ49DCXENDSU,999.0,300.0
HTHEF7NSJAHRVHXZ,18990.0,18990.0
CSPEGWZGYJGRK4XZ,850.0,325.0
CSPEGWZHBGNUSUHD,850.0,325.0
CSPEGWNFZA6MGKVU,850.0,325.0
PTGEGUP6TA9TUFZZ,39500.0,21780.0
CSPEGWZNZBGHGXGB,1050.0,799.0
BHGEGTAVSWG4ZTGH,500.0,220.0
CPGEGUDZHD4N67JU,14798.0,7399.0
CSPEGWZGZFPPYZAY,850.0,325.0
CPGEGUDYUKZTNYXN,2898.0,1449.0
CPGEGUDYCKYNUR2M,2650.0,1325.0
BOREGTAJM5ZDNBFU,1799.0,1199.0
PTGEGUZFYXKZ5HVT,7638.0,4220.0
CPGEGVXFH5JUPUEX,1200.0,699.0
PTGEGUZQKVZSWNXY,5520.0,3040.0
CSPEGWUYXZNXC8ZG,999.0,199.0
PTGEGUPN4DGKNRZE,46500.0,25510.0
JEAEGTMFQQ6FUYYF,1044.0,699.0
KLSEGUACMMGUWNDP,350.0,299.0
CPGEGPV4KZJHJPWX,2100.0,1050.0
CPGEGVYJMPNUEZYK,5300.0,3100.0
PANEGUAUARDHTN9D,699.0,599.0
CPGEGQ7EHQQQS2JH,2100.0,1050.0
BHGEGTAVJ46HS4XW,600.0,455.0
BHGEGTATJCEZRGM2,700.0,400.0
PTGEGUZFRVHMXTFH,10461.0,5780.0
KLSEGWKSVJHHNUZQ,300.0,225.0
CPGEGPVME4G6YSJ7,2100.0,1050.0
TROEGVK5XMECKZWR,699.0,259.0
KLSEGTBZNDRR34AM,350.0,299.0
CPGEGQ3CKMXFYENP,2100.0,1050.0
PTGEGUP2P4WHZR6E,46500.0,25510.0
CSPEGWQGKUKMKYQZ,475.0,220.0
KLSEGVEFE3GGWHKB,350.0,299.0
CSPEGWZGHBR7FNDQ,850.0,325.0
PTGEGUPG2NAHGUJM,7638.0,4220.0
TROEGWHHUCZVUKMQ,1999.0,1999.0
CPGEGQ4YA7ZAXUYB,2100.0,1050.0
PTGEGUPZQDZ4NDBY,15783.0,8720.0
PTGEGUP6CFE4G5XT,35100.0,19380.0
CPGEGUDZKSTV74GH,14798.0,7399.0
CPGEGQ6TN2HDJP4W,2100.0,1050.0
CPGEGUDVH5JHZUGN,3920.0,1960.0
SNDEJMNRQZNK6TSA,1199.0,1199.0
PRMEJ4UVUWPH9WXJ,6840.0,5814.0
SNDEJKRZRSNSGFM7,1390.0,1390.0
SNDEJZ2JJKS6YGYZ,1595.0,1195.0
SNDEJZ2KDZUQ9BPH,1595.0,1195.0
SHOEJMKJJAPQBCNY,799.0,349.0
SHIEJZW6DRQMT2GW,2050.0,1525.0
LCMEJMZ6TWVHGZDR,3000.0,1440.0
SNDEJNQ6TUYZSCGX,4995.0,3995.0
SNDEJZ2JZ7GN4FCD,1495.0,1100.0
SNDEJNQ6ZSRNXHZF,1495.0,1100.0
SNDEJHKUWVDHMGQY,499.0,399.0
SNDEJMNRWHTZKTQB,1199.0,1199.0
LCMEJMZ6XWZVKX3D,3000.0,1440.0
SHOEJDYYY77DZF6Z,1399.0,319.0
SNDEJMNRH4EBTTA6,1199.0,1199.0
SNDEJZ2JX5NNPREZ,1495.0,1100.0
ALCEJNYHRXSGBZGC,348.0,235.0
KTAEJNESGJ8XQWMC,1549.0,949.0
INSEJZHHBYACZ4ZF,452.0,452.0
KISEJ7WDQY499TQE,2260.0,1921.0
BDSEGUPCQZVXEPAF,1499.0,899.0
ETHEJYYYZG7WNMYH,1999.0,699.0
BDSEGWT4FQHRSENN,999.0,499.0
BDSEGWT4WMZANBMH,1699.0,809.0
BDSEGWT5Q2TNUKHX,1599.0,719.0
BDSEGZCETASFKSBF,1199.0,549.0
JCKEGNZYYYFWJTVH,2160.0,540.0
ACCEGW4XAYHJNZEA,999.0,399.0
ETHEGQHFCMWFZUNK,1199.0,499.0
SLIEGZCM6SKTX2CG,1699.0,699.0
JCKEGH3GXZA6FPVT,4499.0,4049.0
TGTEJFP2XDDEJVNV,390.0,390.0
BDSEGZCDGH2PU6YZ,599.0,319.0
BDSEGZCDEDTVMJHY,599.0,319.0
BDSEGZCEKFVE5WXY,1199.0,539.0
BDSEGWT58RQP4DXV,3499.0,1529.0
BDSEGUPHHMBNFHCG,1499.0,899.0
BXREJYMSM2HRZYVR,599.0,249.0
SLIEGZCMHGZGZ8NR,1699.0,699.0
SLIEGZCMQP96VHG8,1699.0,699.0
LJGEGFTDKG3UPWGY,350.0,189.0
ACCEGWTYBXCTU25E,1200.0,449.0
CRNEHKFWPXMUGZB2,999.0,399.0
TMLEERDZWR7EXB63,392.0,371.0
BIBEGG7GZBKUAE8C,399.0,399.0
STKEHH35FAMGDBRN,650.0,550.0
BBAEJNHTYYUXBAHY,6000.0,1499.0
CHDEJMZB6VYCNDFD,599.0,269.0
CHDEJKH6V9YE5NC8,745.0,745.0
SHIEJH9ZFH6HGFQJ,3000.0,839.0
BBAEJNHTZ3FH9QH5,5800.0,1399.0
BDEEGH3ZFBZBZZGU,150.0,150.0
SHTEJJ5GKGNGEWAB,798.0,349.0
CAPEG9RZZX9KCGGQ,699.0,349.0
TKPEJFWXBH8EYYPH,1398.0,699.0
BBAEJMG2PEDSKWXZ,600.0,300.0
BBAEJMG2UDBF9DR9,900.0,450.0
BBAEJMG2GYWS9TAZ,600.0,300.0
CAPEG9RPZTKHTGPN,699.0,349.0
SHOEJMAVUZPYPFAP,699.0,399.0
TKPEJHYWHWYTU9M2,999.0,699.0
CAPEG9RZG4GA8DTB,699.0,349.0
CHDEJMNV3HGZFCYN,599.0,349.0
BBAEJNHT8GKMCKA6,5800.0,1399.0
SHIEJNHHYWGF96EZ,1500.0,699.0
BDEEGH3ZVFVHFBHC,150.0,150.0
TKPEJFWZBHFZDAWY,1398.0,699.0
BBAEJMG2UHZWSGGT,600.0,300.0
BBAEJMG8MYXX7WKB,600.0,300.0
CHDEJMNVGMKGNCHH,1198.0,499.0
TKPEJNDEPSHBTWVQ,999.0,599.0
SHOEJMHXFG9AFYMS,1499.0,449.0
SHIEJNH8TTK9QJPJ,1799.0,399.0
BDEEGH3ZJZGEYMAJ,150.0,150.0
TKPEJNERGQHDJNFW,999.0,599.0
CAPEG9RPNHGANDWG,699.0,349.0
SHOEJNMN7HF5GQNJ,999.0,340.0
TKPEJNDFBRBEDK5Y,999.0,599.0
CHDEJMZYBYMDGA3F,599.0,269.0
CHDEJMNZ4ZH2FPWE,599.0,269.0
TKPEJNESW2JSA7GA,999.0,599.0
SPAEJ5U8ZZDBEHNS,2009.0,1708.0
SHOEJKQNFKGHKDWS,1799.0,799.0
SHTEJK9URXWQB7CJ,3699.0,3145.0
CHDEJMNXZTXYBA53,599.0,269.0
SFFEGNVMHRPGZKQN,499.0,499.0
HLUEFUXMZVZYGYHX,1000.0,487.0
BEMEEZ6CFDVZTGWW,20020.0,16166.0
TROEH8YNHZKBZJVB,1499.0,599.0
ALSEHB97RZGCAHPV,299.0,210.0
TRODSPHZRHJQH6S9,899.0,351.0
BEMEEZ6DCHGKSYHU,19848.0,16027.0
GSPEGZBGQGQ7YZYP,599.0,369.0
HLUEGBPZSMX2XBCR,999.0,395.0
LGTEGZ5HBUJZXHGU,899.0,599.0
PENEHEJ9S9HKGYVU,1999.0,799.0
PAEEHFQQHJQXNDDE,1148.0,820.0
GSPEGXZ3YB3YBR95,599.0,369.0
ALSEHDQCNCHTUGXT,899.0,440.0
SFFEGNUVZHZHEUQR,499.0,499.0
TROEH8YQT6GWXKHZ,1499.0,599.0
GSPEGZBEE64ZGJRD,599.0,369.0
BEMEEZ6HCS5MXSZQ,17600.0,14212.0
ALSEHDQUJHGT2EZ5,799.0,225.0
GSPEGZBHDS6CBWAG,599.0,369.0
BEMEEZ6HPTQAAG3S,25480.0,20575.0
ALSEHB94WA6HGPFG,299.0,225.0
BEMEBYDCDGY3Z24E,5072.0,5072.0
BEMEEZ6CKEEYGBZS,18110.0,14624.0
BEMEE8Y8YEHRZ9WW,11668.0,11668.0
PAEEHFQH2G5TXFFH,280.0,200.0
GSPEGZBGUU5R22GZ,599.0,369.0
PAEEHFQEM8KMXHHM,294.0,210.0
CSPEHETE5PZBVAHS,380.0,315.0
BEMEEZ6KMVZYAC7G,45864.0,37034.0
GSPEGXZ27HWXZGDN,599.0,369.0
TRODV7EYWAFXKFUW,850.0,204.0
HLUEFUXMQ3GGGND8,5400.0,1701.0
SNDEG6GXKQNZTSKK,499.0,399.0
BAREGSGXZMYSFTYV,550.0,495.0
BAREGTPMGGH6MB8V,550.0,495.0
BAREGTPNZNHZHA8Z,850.0,765.0
VAAEGPSQHXCY7WVF,499.0,399.0
VATEGRBBFYBEUKW7,699.0,290.0
FABEGNH4QYPJG86V,3999.0,999.0
FABEGPFVHSVXJ5VN,2296.0,1148.0
FABEGPFVBJGCF5GD,1414.0,708.0
BOLEGFY8YSH25ZWZ,599.0,599.0
FABEGPFVMDQBDMBY,1280.0,640.0
FABEGPFVF5CEHHDV,1730.0,865.0
VATEGRBBYXMJCDVC,799.0,345.0
KTAEGP95ZGVHWHT3,1599.0,699.0
FABEGPFVGHHH2SEA,1730.0,865.0
VAAEGPSGGKYB7UAH,499.0,399.0
SHTEJZKNDAFHN5MZ,1099.0,879.0
SHTEJP22GH6GHTKR,1150.0,569.0
GOGEF8PGR9CFPJFG,399.0,199.0
HMBEFD35ZPCR4AQA,1499.0,449.0
HMBEGYZXBWJ3TPS4,13750.0,12330.0
WBTEDX24E8BPGACB,500.0,375.0
RAQDCNWAHZAZ6DG7,939.0,939.0
GOGEF8TSR4ZN49GZ,399.0,199.0
HMBEFUYUZFHKB6HH,3680.0,2199.0
HMBEFWYWUUYNAPFN,2200.0,999.0
HMBEFYMKVJHZGXZ2,3998.0,1999.0
FDMEEHE6PWNXWYMK,3490.0,2650.0
GRTEAPBJYWQ6CKCV,285.0,285.0
GRTE8KFBQ8RGDNT7,453.0,259.0
WBTEDVH6WXGPER53,899.0,349.0
HMBEG28GEHHDMZJQ,3999.0,1399.0
HMBEGFD2D9FQCCMZ,3299.0,1699.0
HMBEFD35YSCRDAQH,2599.0,1190.0
GRTEFNZ6HUYDE3TZ,299.0,199.0
HMBEG2DARHYFZ2FZ,799.0,399.0
HMBEG3Y8HNV5HBNP,1199.0,499.0
WBTEEJF362PCQUAA,999.0,999.0
HMBEFD35EZZTXY4U,2499.0,1199.0
ACCEJ5WM49X2XKDU,999.0,249.0
RUGE7KJ4FNYQPT8H,1199.0,720.0
DSTEH2KSY33SDGNH,2099.0,936.0
TSHEH9YYU5XG2V2Y,549.0,549.0
TSHEGNTNVHRVFN3U,2799.0,1299.0
VESEGZC9CJCPYKGG,1299.0,528.0
BRAEHAAP9MDYUA9E,599.0,599.0
TSHEH9F3JXP2EVRG,399.0,399.0
VESEGRBAPZ58NKMV,599.0,299.0
VESEGRBBR2ZGYCQW,599.0,299.0
BRAEHAAZSQWRPHBN,599.0,599.0
BDDEH29DNAN4AKYH,39999.0,24999.0
SWDED67JXTWZURCW,2800.0,2800.0
TSHEGQGZNFGNNBDH,700.0,369.0
SWDEDPG6MRQ26TFV,2999.0,1499.0
BXREDW5MM7JFUMX2,498.0,498.0
BRAEGHEFYQQAWYKJ,630.0,450.0
BRAEHAANSWS9HJAX,899.0,599.0
SWDEDVY8GWS3YHBQ,1299.0,499.0
TSHECNFS9HYANZZP,299.0,159.0
ACCEH8TYZ3MZFV8H,299.0,179.0
BRAEGHDFXCPUVE6J,630.0,450.0
BRAEGHE2XFQFFHPS,980.0,700.0
BDDEH29D335NNVSK,39999.0,24999.0
TSHEH9F3ZTGNZHYJ,349.0,349.0
TSHEGQGZZMPHRMZC,700.0,369.0
VESEGRBARYJUSGJG,499.0,299.0
BXREDW5M9CYFK4FF,498.0,498.0
BXREDW5M5GKKJKHR,498.0,498.0
TSHEGXUPWU5BGHAY,399.0,399.0
TSHEH9F4YM8NZH6E,349.0,349.0
BDDEH29EWHWRAPWG,36999.0,24999.0
VESEGZACZCTMYBZZ,699.0,539.0
TSHEH9YYVDX6CZC8,549.0,549.0
BXREDW5MYFYVB53R,498.0,498.0
SWDEFF79MGSQGHAY,2699.0,799.0
GVEEEWHH8FHXBKXV,349.0,349.0
BRAEHAAQYG7QBMNH,899.0,599.0
BXREDW5MRKSWFNGR,518.0,518.0
FRAEJU5DMZFGFUEX,3999.0,3499.0
FABEJQ69KC2ESRYX,4330.0,1234.0
BBAEBXFTTD44ADSZ,584.0,449.0
VANE8QE8BYPPWHUU,2199.0,1699.0
JCKEDPVHMFWACYTF,2090.0,1463.0
SHIE57YGYNAARZZT,4999.0,2999.0
JWSEEGTJUZTQAMUZ,950.0,500.0
BBAE7DPR5CBFFFG4,280.0,240.0
JCKECHXWHUTGHZAZ,1999.0,839.0
SHIE8QF9CCDEQC6H,5299.0,2599.0
BBAE4JGAB7AEHG7K,610.0,458.0
JWSEBCY4GYKNFS6Q,1000.0,500.0
SHIECBAAUSJFZZGB,800.0,800.0
DEPEEGTHNNNSWZTZ,2299.0,899.0
VANE4F5DRTMMYRPK,3500.0,586.0
JWSE4FYVUS4ZGVZH,1499.0,799.0
SHIEBYDE53FWHHGZ,1900.0,1790.0
DEPEDCAGCGGUWYGV,799.0,599.0
VANEE2FFWVZZQHJV,1800.0,1499.0
JWSE29X9EZDKQ6GV,1599.0,795.0
BBAE994G5QDSCA5B,399.0,339.0
SHIEDP3U8K3TJEUC,3500.0,3199.0
VANEB97USJ7GYHTF,1044.0,522.0
SHIE8FAQPS6PWHER,550.0,450.0
JWSEEBGDSHCAEQQF,1298.0,649.0
VANEDGK7CYH9FMQP,1599.0,799.0
SHIE5NJ6G6QXY5HE,4050.0,3000.0
JWSDV9WVVC9ZY3PY,1599.0,899.0
BBADYQ3RJBVFGJM4,650.0,450.0
WSYEDS5Z3BBVYSS9,199.0,129.0
VANEB2GBRH6QSVMX,1499.0,649.0
SHIE7H4TKJCG8WGK,3599.0,3599.0
JWSE38HQM2S4AS3X,1899.0,945.0
BBAEBGFCREN4K3HX,425.0,299.0
JCKE2AF4YCJ5WTCZ,2699.0,1619.0
SHIE8WJTK9BCBMGU,1600.0,1130.0
JWSDZJB8HVH2GXQ7,1430.0,720.0
BBAEYB4V9HHXVVHE,299.0,210.0
SHIEAZ67U9JTJAXG,2800.0,1680.0
VANEF8CFWH9NQQYT,2700.0,1499.0
JWSEBCY4TPG6GJN3,1200.0,600.0
JCKECHXWPAZFBYCG,1395.0,1116.0
BBADY8Q5XATTDTUY,349.0,245.0
SHIE7GY2FRWSTGZF,1499.0,499.0
VANEDGK74H2ABSYC,1599.0,799.0
BBAE7DPRYDNBTNEB,280.0,240.0
JWSEBYXWCPGWU6KC,2299.0,949.0
SHIE8WMZ2KHZWZKZ,1200.0,1050.0
WTBDPEWSAHZZSHB3,499.0,399.0
JCKEC8AVHUPEFF5X,1700.0,1019.0
JWSECGFUDCQNHYRH,1329.0,669.0
VANEEGRGHGQS7G7D,1605.0,1200.0
ADPE9CJZFQPKTJEG,449.0,299.0
BBAE8VY5BQEAZGZK,399.0,329.0
DEPEECKGGQEPNCJU,2199.0,1049.0
BBAEYB4VPP2FBC8P,299.0,210.0
VANEF8CF3QKU8CQN,3060.0,1699.0
JCKECYG2WD2SDYKX,5999.0,2279.0
SHIE2RYNGJXSNCWX,645.0,630.0
JWSECG6Z6HEAHDC4,1179.0,669.0
VANE652HAXYMVDAD,2200.0,899.0
ADPE9TFCUY5Z8ZH2,449.0,299.0
JWSDXV8PQAGRPUFH,1060.0,530.0
BBAEBUD4ZEEFEEGZ,399.0,300.0
SHIEE5NRDCFPEGBB,1299.0,649.0
VANEDHSCE7UYEGHZ,1398.0,1075.0
MKTE9FYTQCCHNJZK,869.0,199.0
SHIECCF7HXG7JT6G,485.0,399.0
BBAE5PFM32XQWRYQ,499.0,399.0
JWSE82VU8PG5WYRM,2000.0,899.0
SHIE92XGZKYJ9GRN,620.0,449.0
BBAEDHWYACDE4URQ,289.0,231.0
NKCEJUUZTQ3Y55QZ,1203.0,802.0
TROEJFS2E5FUMEEA,4598.0,2299.0
ACCEJHFJGSY6WSV7,3657.0,1699.0
SWDEJF8FQX7BMPG4,2400.0,1099.0
RPTEJFWGYRAJZZAP,499.0,299.0
BALEJA4CVTGREHEU,800.0,549.0
TKTEJAHSWY97SDMY,595.0,595.0
VAREJGRFHDKSGZT9,1799.0,999.0
PTGEJDJYDDSFTYDA,1999.0,799.0
TKTEE8A2GASMXG5H,799.0,499.0
ETHEJ6F5BGTXT4RK,1999.0,999.0
VAREJGRESXVGASMN,1799.0,999.0
PYJEG25JXPNJBDYW,3998.0,1075.0
TSHEEB9HB46HHA5R,1299.0,844.0
PTGEGQFAWY7H7BJR,499.0,224.0
SWDEJ88MHSS66FRE,1999.0,1099.0
HTEEJ4X8FRUYNQH7,1400.0,799.0
LTNEJC2HFNBZUFQH,500.0,220.0
TROEJ9BGYJRHGJYE,1199.0,479.0
SCFEJBDK84YDCZNW,279.0,279.0
UMBEGFF6VMYKCFVZ,499.0,449.0
SUPEGHKYTKRZNWZK,260.0,140.0
CDBE7YMEZHAAYMAM,560.0,328.0
CDBE8Q7NKHSB7CYJ,999.0,360.0
CDBECAF9YQQUJH4E,1050.0,578.0
CDBEBRCY4WGWRTBH,700.0,449.0
CDBECTRVCYQQZFDR,1200.0,658.0
CDBECTRVD8H3ZG4N,600.0,600.0
CUTEBKGDGBT2D6HC,820.0,820.0
CDBE8TZ2GHU67PRF,1198.0,878.0
CDBE7YMEHKZDSGCM,560.0,328.0
CDBE8Q7N27HQHMPG,1198.0,878.0
CDBECMHBGTVV5XAQ,900.0,499.0
CDBECAF9NK378YZT,1050.0,578.0
CDBECTRWGG2YYDHW,950.0,768.0
CDBECKGDNRGKNVW7,2100.0,1099.0
CDBECTRVD5HFXNPZ,950.0,768.0
CDBE8Q7NG7GYR74G,999.0,360.0
CKWE8PY7AHZXK7FZ,1261.0,1261.0
CDBECKGD48GHQNQK,2100.0,1099.0
CKWEBQ9R4FCDFDUH,300.0,300.0
CDBECAF9HMV66ZZ8,1050.0,578.0
HMBE7ZGDFH83AHFW,699.0,599.0
TRODZNTFF9EXWB5S,799.0,519.0
TROE4CJUVYJCFHHU,1980.0,699.0
TROEB6FK99QDXEGC,1599.0,499.0
TROEAYF4WUFFXDEH,1699.0,1199.0
TROE5FGCZ5UX7YR7,1899.0,899.0
PPSE2JF4KZJWG5JX,1090.0,499.0
HMBED53EZKJRRPXM,400.0,325.0
CPCEAD54HGURYXJU,2499.0,649.0
HMBEBXRBUVSSHYGA,1099.0,499.0
PPSE2QSAMAWW94WA,800.0,735.0
COAE7KYXE2QEW5YZ,699.0,199.0
HMBE6WX6BTSEUKZ6,1250.0,1000.0
LJGEBACDXS5FFPRY,1598.0,555.0
HMBED6EXAEDXARSB,3890.0,2190.0
COAE7KYXB2GEZRDJ,699.0,199.0
HMBE4ZYTGTAHFEHN,1930.0,1448.0
LJGEYFMPJEZGZPGR,755.0,449.0
HMBE4ZYTAPY42WKG,1900.0,1099.0
BDSE6WKCFTWQZAKF,799.0,199.0
HMBEB99VWZHJKYEG,1025.0,1025.0
LJGE72DS9A9HYFHE,499.0,399.0
PPSEFPYTHEZGXHUS,150.0,95.0
LJGE9QGGYZHDXSGG,499.0,259.0
HMBEAU8PHXXEG3UB,260.0,210.0
HMBEBR5JKXNFHHFC,560.0,130.0
HMBEAU8PYRH23TFK,440.0,349.0
TLPEGUHZJ4BX6JPJ,950.0,700.0
LCHEGWZK7MCTFV5Q,1890.0,907.0
SHTEGZ4NH8VHNXKX,2399.0,805.0
TLPEGUHQ2YCYQDHX,950.0,700.0
TLPEGUHQVHZPGVDB,700.0,500.0
FRAEGWYAJZKS5RNK,2490.0,1495.0
LCHEGWZHZKTDAUYZ,1485.0,712.0
FRAEGWYANWAYN2EM,2490.0,1495.0
TLPEGUHPCCY9XYMQ,950.0,650.0
TLPEGUHPRY8VZC35,950.0,700.0
STIEGXDBZRGKMEJ7,500.0,325.0
TLPEGUHZRQGJHSY2,650.0,450.0
FRAEGWY8EWYFWRAH,1890.0,1130.0
TMLEEVFEGZRYJTAY,499.0,499.0
SHTEGZ4M2DTFNYBV,2399.0,805.0
FRAEGWYADDXUXCZY,2490.0,1495.0
TLPEGX79P69Z9FSQ,500.0,275.0
TLPEGUHRNHVKZX4X,800.0,600.0
SHODTSJPKFRPAZKH,599.0,440.0
SHTEGZ4HBAWFMGZW,2399.0,805.0
TLPEGUHQYRNSWHXQ,600.0,400.0
LCHEGWKTBT7JPRDH,1499.0,893.0
STIEGXE2ZDEDQRBA,500.0,325.0
LCHEGWKTFZNHYU2H,1199.0,676.0
TMLEEVFEU66VGFGC,899.0,899.0
FRAEGY86AYNQCGUN,1999.0,329.0
TLPEGUHPHBERGFPB,750.0,550.0
FRAEGWY8MX9ZRY5Z,1890.0,1130.0
STIEGXEYHGGMQ74Z,500.0,325.0
TLPEGUHZHDWZN2QD,750.0,550.0
SWIEFMC2NQMVRXRG,1699.0,1699.0
MUGEHFDKXW7E3UTG,999.0,475.0
MUGEH25ZC3HXZX9Z,299.0,199.0
KRTEHYDYDQAZPTHM,4999.0,1199.0
MUGEH2ZHFHQZSGQG,499.0,299.0
PYJEGWTWUFMKNCSK,999.0,271.0
PYJEGY2YNUXPEBJV,799.0,365.0
RNGEH3EUYRBNXK9N,875.0,375.0
RNGEH3ESGH2PTCHE,1250.0,750.0
RNGEH3ESYHZF3GHM,900.0,400.0
RNGEH3EVAD3HVPPR,750.0,250.0
RNGEH3ESZASB7FHM,950.0,450.0
RNGEH3EVCMKMKYPR,1100.0,600.0
RFREGWK39RY6V9ZQ,13500.0,13500.0
MPLEGFCMFT7NH7H3,1599.0,494.0
LBXEH5U989NRAZAG,560.0,459.0
SHIEH5UCPPEF7QKZ,1199.0,698.0
AFGEH755PDVHVVCJ,299.0,299.0
SHIEH72VZX6BH5BB,999.0,449.0
PAEEH3FHYF9UYYRB,575.0,350.0
LBXEH6ZEDT3UZBPJ,300.0,150.0
SHIEH7JEHSAGYFKQ,4500.0,3200.0
RNGEH3ERFUQUV3UN,1025.0,525.0
BWSEH2A8YSFSAZ3Z,2393.0,2063.0
SHIEH5WQNYP7FD9Q,699.0,499.0
SHIEH6NHGJJPEDUS,899.0,249.0
LBXEH7F6HRBJWXZ8,300.0,150.0
SHVEFNYPDZDWQCZW,1199.0,247.0
BWSEH2A8VURG7SVT,2434.0,1248.0
SHIEH5UDAPUFJFNP,899.0,499.0
AFGEH6YAGHPJATZB,299.0,299.0
RNGEH3ESHHQAGGTP,850.0,350.0
RNGEH3ESCEYFDG6V,775.0,275.0
RNGEH3EV5SBNBHCC,850.0,350.0
RNGEH3EVGJ9YGYHX,900.0,400.0
SHIEGVRFJT8B8HF8,1199.0,539.0
AFGEH6YSKGDRB2QX,299.0,299.0
BWSEH2A8Q67YCUZP,4971.0,1365.0
RNGEH3EVHA6FJKPQ,975.0,475.0
SHIEH6F5KWEZBZTN,799.0,570.0
SHIEH6YTJC3NFG99,999.0,799.0
SRWEFU5FHASPAG6V,14999.0,6999.0
SHIEH8F4ZHXASAAS,1100.0,299.0
LBXEHYZXWPFFH7P8,299.0,239.0
AFGEH6YCEMG5JNGU,299.0,299.0
RNGEH3ERSQJC6JVQ,750.0,250.0
RNGEH3EUZSMGYMU2,975.0,475.0
SHIEH5HD8ZZZDRRZ,700.0,349.0
RNGEH3ESHFCYN7GZ,1050.0,550.0
VAREJGRCZU6PJUCQ,1799.0,999.0
TROEJFS2XPYVXEMT,4198.0,2099.0
BALEJA4CYQQTMYFZ,510.0,469.0
TROEJFS3K29GK57X,4198.0,2099.0
VAREJGREKPFZGUGA,1799.0,999.0
CILEJSE8TP9Z2G3J,3500.0,1400.0
ACCEJZQHJA4TMYWT,1299.0,499.0
CPWEJVVPKWJCQV7T,2389.0,1298.0
ACCEHXRE4NHTCJBU,700.0,600.0
ACCEHXRE6GHRR4FE,1000.0,900.0
SNDEHKGNTBHM4MZD,1349.0,799.0
SNDEHWGRBDUP4H7W,999.0,470.0
SNDEHKGN4HC92GR3,1349.0,799.0
MATEGX23XSZHD9VK,249.0,199.0
VWCEGYQ4FSFHGEXB,325.0,199.0
MATEGX24KZS8YA4K,299.0,199.0
SHIEHXG9GUHBEYHN,6999.0,3499.0
SNDEHKGTMS8KGFMW,1349.0,799.0
SNDEHJ6ETMCK2FQQ,1499.0,899.0
SNDEHWJCAYMKQGRT,999.0,470.0
SNDEHGYHZKBSRRNB,1349.0,799.0
SNDEHJ6ABUB763MD,1499.0,899.0
VWCEGYW3YTRFUT8B,699.0,375.0
ETHEJESTGWNNKRSG,1999.0,899.0
ETHEJH9SZFF9HPEW,2799.0,1399.0
SNDEJYHYHPSBVVP3,1145.0,995.0
MUGEKY8WQNMZRHHG,599.0,199.0
MUGEKY39VHHGWSFP,599.0,199.0
SNDEJYHYGANG3YQ4,1145.0,995.0
SHTEJZKPZ9HGUHYR,1399.0,979.0
SNDEJYHYNHG7WMR5,1145.0,995.0
MUGEKY8XWVXBHX77,599.0,199.0
MUGEKY8WGQEFZ6VZ,599.0,199.0
MUGEJZWTW9GYADQT,449.0,225.0
SFFEJTPPKYVGEGJH,3000.0,1700.0
SHTEJZSEYHA2YFN3,1049.0,1049.0
SHTEJZSEDHRKHUYW,1049.0,1049.0
SFFEJZFVRAMYYP2P,1799.0,899.0
ACCEJS3ZY9X2GGYW,999.0,299.0
MUGEKY8XMXHPUNUV,599.0,199.0
TGTEJVS3AV9EJW7F,1499.0,899.0
SHTEJZSCSVEV4HZG,899.0,899.0
SNDEJYHYUBMNAN3R,1145.0,995.0
STIEGGF3ZAHJUCH2,489.0,159.0
STIEGGG5X7XFSCRJ,499.0,159.0
SLIEEXZYYFHXTCZA,5199.0,3599.0
ISTEH3DRCCZDVHM4,2010.0,1760.0
DREEGJ7G6ZAH6FUG,2250.0,655.0
TKPEG2U66ZKFQPYA,1499.0,596.0
ICTEGGZJBFTJZCSY,3995.0,2750.0
SHTECDGF2GCBAXNY,4599.0,3499.0
DREEGN5RBUBWAV6G,1645.0,1495.0
SHIEJWDQATXMFH5C,8819.0,8819.0
CNTEJTCFXUFR3HSY,999.0,699.0
SHIEJUZGB9FP9YW9,3399.0,2499.0
TWSEJH6U9VB8FCEC,2190.0,1190.0
TWSEHGSYDKWGR6RT,2500.0,794.0
SAREJWN4Y4AE8AHQ,899.0,499.0
SAREJWNNYX39NHC8,1499.0,799.0
BATEJWMFNPPYHP9U,3999.0,1599.0
JUGEJTBCFT7QYU7D,900.0,690.0
CNTEJVGGPSZRZDFH,2145.0,2145.0
LGCEEBN7JPZJC4FD,1499.0,1499.0
KBBEG9KFMQJKS2VW,1999.0,999.0
VMREGG7N4YPGKQZ2,1300.0,723.0
VMREGG7ZZGYBZARY,1300.0,723.0
BOLEERVFVNYNWTGF,1099.0,769.0
KBBEFTKDHNZMCHSK,1999.0,1999.0
VMREGG7NZEFYE7A9,1300.0,723.0
VMREGG7NTXBTBQNG,2500.0,1203.0
ACCEJUD9N6DGTZ9V,599.0,119.0
RAKEJU38QRJWQG4V,696.0,546.0
SNDEJSGGFRNWVAZS,999.0,499.0
SNDEJRB4D4RDAN6E,1695.0,1695.0
SFFEJNHJRGMQNRFP,3499.0,599.0
ACCEJUD8SHZPSDWQ,599.0,119.0
ACCEJUD92GWTPCN2,599.0,119.0
SFFEJT5THKSESHQJ,898.0,449.0
USGEJTVATZSAFZ3H,499.0,179.0
SFFEJSGAKSZA8K9K,999.0,238.0
FLTEJT2YH3JENHHK,540.0,499.0
RAKEJU387AENERH5,696.0,546.0
RAKEJU38ZMFGGJWJ,521.0,371.0
RUGEJ3NKH6GBNKSF,1800.0,854.0
MSKEGUQERTC33R3E,899.0,349.0
MSKEGUQETUG66GYC,899.0,349.0
ARTEGVFDAZVRGHDD,199.0,199.0
VAREJGRDFHF3QNRK,1799.0,999.0
SHIEGVPGAVSXK5QU,2200.0,2200.0
TROEJFU24ZG5HYZZ,4598.0,2299.0
MUGEJGRR47ZRZA9R,499.0,270.0
JEAEC87ZBHGBMVZC,1899.0,1044.0
BZREHKZPM6DKYXH3,4999.0,3499.0
BZREHKZPQ4GHFCZP,4999.0,3499.0
BZREHKGY7CD5QEFT,3600.0,3600.0
GUAEHKC4H4F6UARA,2399.0,1650.0
BZREHKG32E7ZHWU6,3025.0,3025.0
BZREHJ6ZZPZFDJQZ,7995.0,7995.0
TROEFJ39TCJCFGXN,1399.0,797.0
SHOEF6Z8EMKP2HAS,1200.0,599.0
BZREHKZP2NFKVKGV,4999.0,3499.0
BZREHH7ZER7QNYZB,4999.0,4999.0
BZREHH7YDUABC2TR,5999.0,5999.0
BZREHY5S4DCBDFGE,6000.0,5000.0
BZREGSQYTHUFXVJE,4500.0,2500.0
BZREHK6GGZFUCPZF,3999.0,1799.0
BZREGXNGANDWYZKU,3495.0,3495.0
BZREHJ6ZXZ9YWZFB,7995.0,7995.0
TROEFJ39G5YZWHSU,1099.0,626.0
BZREHH7YNDYA637D,4999.0,4999.0
BZREHBMHYQVG4FAR,6999.0,4599.0
BZREHKGFK8UGZFQK,3700.0,3700.0
BZREHKG2FRA8BS3X,3775.0,3775.0
BZREGSZF5GHPUSG9,4500.0,2500.0
BZREHJ6Z8WJQHFPX,5995.0,5995.0
BZREHBHZHBEHZZEY,5950.0,2250.0
BZREHKZPBJTCY5MR,4999.0,3499.0
LINEHAGVMJ7QUUFJ,699.0,509.0
SWSEHEK5C6T2WZWW,1545.0,1545.0
BZREHKZPGCZNTHAT,4999.0,3499.0
BZREHJ6ZVHUBEKEU,7695.0,7695.0
BZREHH7YANYWR3HZ,5999.0,5999.0
PENEH9CJHKN5KYJB,399.0,249.0
BZREHKZQZF7EVGMZ,4999.0,3499.0
BZREHKG23PKHXCNC,3775.0,3775.0
SHIEBVT8KUWCDH2H,3995.0,3095.0
DEPEDN9MUHRGHHK3,1500.0,1020.0
BBAE75Q9RSNJGHYG,499.0,399.0
SHIED9YEGQVPFGQN,1500.0,1170.0
DEPEEAMEE29NKMX5,3000.0,2690.0
SHIE4HQPBU8UBVW2,825.0,525.0
VILEG953CTBDSRM5,1250.0,506.0
FNDEF6A7FFFJWJWE,325.0,295.0
DECEG7K7Y3URGWXH,399.0,280.0
ESDEE3KKYXVXUZVG,958.0,958.0
ACCEGDYPYDBWH3U8,500.0,299.0
KTAEGF4NT6HCFGVC,1599.0,399.0
VILEGEXCGUGBJGVH,1750.0,1087.0
VILEGEXCQVBQRAP8,1750.0,1087.0
ESDEE3KKE5ZVR4UW,1064.0,1064.0
FABEG953TRCT4ENH,1800.0,699.0
KTAEG9GHS6GWKKNX,1699.0,899.0
KTAEG4P2NNNBDRMT,1599.0,599.0
GOGEJ88FJUGSVM4K,1398.0,450.0
CPCEJ8GNCZTHFNDD,599.0,299.0
CPCEJAHFPGUPNHJ2,899.0,315.0
CPCEJAHFPZP7Z2YY,1599.0,559.0
CPCEJ8GNEUGJERZG,599.0,299.0
BEBE74HTZM8FQPWK,3499.0,1199.0
SGLEJ8G33M9HWM9S,2499.0,299.0
SNDEGSM3QGRYFPCD,1999.0,999.0
NDNEG9SFKQPDB8WZ,1437.0,479.0
SOPEGSG5GDGFPFPG,800.0,475.0
SOPEGZ3FGKHYRS6B,585.0,550.0
MGVEFZH2JQCT4CPD,800.0,399.0
ETHEGWRGDGVY3E9A,3999.0,1399.0
MGVEFZH2RNHS9GB6,800.0,399.0
SUDEHFC3BQRSNCHT,2345.0,1267.0
COAEGXZJT8HGHAD4,795.0,795.0
SCFEFXSGTNYZ9EC2,599.0,149.0
KTSEGYZQASMGG6SD,1200.0,582.0
RSFEJDMAXYKUD3CG,3950.0,1739.0
CTPEJ66UMPKRTRPH,1347.0,404.0
WCKEJFDDZHGFPSGW,1999.0,974.0
RUGEHHZCCFZWXSJA,1599.0,799.0
RUGEHKBZ2SS8TH6Q,749.0,749.0
RUGEHEM9NKDVTGBC,999.0,375.0
VHREHEPXEH2BUTNE,2399.0,1199.0
VHREHEPTFFEFZFYE,2399.0,1199.0
SHOEGHF8NXWFY6SV,499.0,459.0
VHREHEPTZAWTWHFJ,2399.0,1199.0
ERGEHHBMMFHZYZVX,4242.0,4242.0
RUGEHHZCGYK3YZ6J,1599.0,799.0
RAQEHGQZHNXYVKZW,6500.0,5070.0
SAREJH8YZC3ZBPVH,999.0,425.0
SAREJHHUGRH4HPJX,1299.0,999.0
SAREJHHUWBDYMHX5,1299.0,999.0
SAREJHNQXH2Y7GWV,1249.0,499.0
TROEE27GUX2FK47Z,2499.0,799.0
STIEGPHX5WZESFKZ,1199.0,349.0
STIEGPHXKG8A4V89,899.0,249.0
STIEGPHXHYBJGHQS,1199.0,349.0
HMBEGHDYHZKJKKYH,699.0,209.0
ACCEGJPRSJTAGYKV,9999.0,1198.0
WLMEGJD7YEPDKG3B,5999.0,3499.0
DTBE9ZHVEFSHKRGG,22900.0,17745.0
ACCEGKDGVZWHYV5H,399.0,249.0
HMBEGJDZ7KRJ9S2P,2980.0,2145.0
ACCEGHHR2KFBGQVD,1130.0,325.0
ACCEGKN7FAWUGRJR,1460.0,399.0
HMBEGJDXRB8GSA46,2880.0,2073.0
HMBEGFGECSN8SG3H,599.0,299.0
FABEGCGXCDYRFANH,2200.0,1199.0
HMBEGF7GXREWHZA9,599.0,249.0
DEOEG9GYTRECGKPY,597.0,447.0
TSHEGACTZ2G695JR,699.0,399.0
CPBEF7N4YFPB9EEQ,299.0,199.0
FABEGEYCENJAZQF9,3999.0,1599.0
HMTEFW3SGGF9HYPT,1799.0,699.0
HMBEGF7PN8ZJ9PQ9,999.0,499.0
HMBEGER2JG3JCZHX,999.0,799.0
DEOEGBCHDUBQGQ8B,740.0,699.0
FABEGBT4TYKNDRXP,3999.0,1699.0
DEOEG9GYYKDHWH8B,597.0,447.0
FABEGAMP7ST6KS5F,4599.0,1499.0
SLBEGE5MCXYDGGYA,3999.0,3999.0
HMBEGFGEJPKMXZ3W,599.0,299.0
DEOEG73YYY6XKA5H,200.0,154.0
FABEG4ZBHZ7K3GFY,2499.0,1299.0
SOFEGDV3HGY3AB43,28625.0,19237.0
PHFEG8H2AGDSAHBU,516.0,516.0
DEOEGBBCBBEJGRAW,680.0,640.0
SPWEFFPGEPTYZDNZ,1655.0,645.0
HMBEGFGE7PPTMMKB,599.0,299.0
HMBEGFGEFZJYF8JQ,599.0,299.0
TSHEGACT3EHV8MVM,699.0,399.0
FABEGBT3NZXS32YG,5000.0,2190.0
DEOEGCYJVH7BGHTY,740.0,629.0
TSHEGACT88RHQJGD,1399.0,699.0
DEOEGCXBKZMKQC3Z,898.0,699.0
SPWEGBPFJB9NHRWH,1299.0,495.0
SPWEGCNKUCZFESYG,2999.0,550.0
DEOEGAKKGZKKGQYK,630.0,630.0
PHFEG9H7GRQ6Z3QP,649.0,449.0
PHFEG8HFHPE6ZXZ5,356.0,356.0
SPWEGAB6HHGERCGS,499.0,330.0
SPWEF6S6SNGZWYHZ,999.0,549.0
SPWEGAHTJNDNSPNT,1299.0,485.0
DEOEGDV8EGAVXPVR,1499.0,895.0
HMBEGE4CUPYB3HAC,1499.0,599.0
TSHEGACTV6KHYKNR,2799.0,1199.0
BLREDZCAQN5FRGTF,900.0,399.0
HMBEGFGA8YAVJZUZ,599.0,299.0
HMBEGDYJHYWEPKAS,2249.0,1399.0
DEOEG9GYD746P2DH,597.0,447.0
HMBEGER3YJWZ3A22,1199.0,449.0
HMBEGE6TYFS9WN3C,6999.0,1349.0
DEOEGBBNEYMEK7D3,740.0,687.0
DEOEG9GYZZAFPDPC,597.0,447.0
DEOEGAKKEKGHJT7M,630.0,630.0
SPWEG9DBHFCF3MZZ,1740.0,1740.0
HMBEGDYJFSGS2UCD,1649.0,999.0
HMBEGFGAH9ZS8HZH,599.0,299.0
TSHEGACUNDADBZKR,2799.0,1199.0
TSHEGACUGZYXA7PF,2799.0,1199.0
FABEEV2GHKHKJYPP,1000.0,470.0
FABEG9CY7FZQQJYE,2952.0,1392.0
TSHEGAYYMSFTSSSQ,400.0,170.0
HMBEGCVEZUBUWPTW,999.0,799.0
SPWEGBPF5DGQKAXP,1299.0,495.0
TSHEGACTW7D7HZQV,2799.0,1199.0
HMBEGF7GDQRZZ4F9,599.0,249.0
PHFEG8HFYXFTK6JA,356.0,356.0
FABEG2WVGXFDJUHQ,4199.0,839.0
ERGEYWFZMTZ8DHVQ,1199.0,599.0
ERGE6GYKH4HSWD9B,2186.0,590.0
ERPEGPWPBMFTQYSQ,899.0,499.0
KRTEH3J5FGQTYMGH,2150.0,850.0
INKEDHFH3QWCM9QC,2999.0,749.0
BKPE8M5FMCGSTYJZ,2999.0,2999.0
SHIECVF4BG6VGDG3,3000.0,1650.0
JWSDXV8PBMC5V9ZB,1060.0,690.0
TOPEBKPFZSBVQMNT,1505.0,699.0
INKEAX9X88JRDCR2,900.0,700.0
STFE6Q6RDBMU3ZQF,900.0,525.0
LACEGF4VSSWHCWTY,999.0,329.0
ETHEGBVZCUGD8FVA,9000.0,7664.0
AFGEFM63VZFAQXCV,3700.0,3145.0
FAFEGERRHKYQWVKE,499.0,270.0
LACEGEZDZRVUUGBN,999.0,329.0
NDNEGCSHMXV2NY4Q,2985.0,895.0
LACEGF4N6ZGSBH6C,999.0,329.0
LACEGF4NZRFQD9UJ,999.0,329.0
AFGEFM64Z5PHJHYR,4141.0,3519.0
ETHEGBVPYKM2GZUY,2500.0,1388.0
LPBEGAKKCYHXZKJH,85.0,85.0
LACEGEZDCYHQM2WG,999.0,329.0
ETHEGDTGYCFHJEEF,4000.0,2089.0
NDNEGCREJABZSCGH,2985.0,895.0
FAFEG3ZDZEGF3XVR,485.0,485.0
NDNEGCU2VAGYHJWE,2985.0,895.0
CRNEG72V5KJHHUZ7,999.0,899.0
ETHEGDFG6MBCVEHY,1450.0,999.0
LACEGEZBUKFAFH2E,999.0,329.0
FAFEG2A59C8HZFXK,399.0,399.0
CRNEG8D7QBVSVWR5,699.0,599.0
LPBEGDV88DZJK6QP,570.0,513.0
NDNEGCSGHZQ3RZQ5,2985.0,895.0
CRNEFQF6HT3YV7Q5,799.0,699.0
LACEGF4VFNXBSFA6,999.0,329.0
LPBEG9CUAWK3TF33,85.0,85.0
STCEGDYGGZZAZFVK,12500.0,5643.0
FAFEG69U9QWZ6GBB,599.0,349.0
ETHEG3ZNFDZFZHRN,4999.0,1049.0
NDNEGCSG7UGYCVR6,2985.0,895.0
AFGEFJSDG8YZNTXN,8036.0,6830.0
LACEGF4PBHRZVQZZ,999.0,329.0
ETHEGBVZX6WHXAK6,5500.0,3964.0
STCEGDYJXWPN4VFY,12999.0,4207.0
CRNEG8D8R3D8NRYR,699.0,599.0
FAFEG3ZDDPHD4GAE,260.0,260.0
ETHEGDRBZRVDJUDP,1499.0,699.0
HTSEG6YUUKQYSBWT,2500.0,1650.0
FAFEG3ZDPG7WMHT8,550.0,550.0
ACCEFH5BQF6WMYE8,599.0,164.0
LACEGEZAFNV6YHHF,999.0,329.0
FAFEG3ZDXZPDSN6Y,600.0,600.0
FAFEG28USUGC5XSE,399.0,399.0
AFGEFJSDRYS9ETH2,4262.0,3622.0
ACCEFH5C3W5VFM84,599.0,164.0
AFGEFJSDTRTTRQRK,4554.0,3870.0
NDNEGCUFGS2Z8QMM,2985.0,895.0
CRNEFPYYRJZHDHJX,999.0,899.0
ETHEGBVZG4VJZAWT,9000.0,7664.0
CRNEG8D8ZQSUYB8Y,699.0,599.0
STCEGFYHHFKGF2XV,5195.0,3400.0
ACCEFH5BHJXQKQYA,599.0,164.0
CRNEG8DDQFFWBQUY,599.0,499.0
STCEGDYJZFW5Y2WV,15999.0,5890.0
FAFEG28UTMGZHPFK,399.0,399.0
AFGEGF4DTH3GCFYD,549.0,549.0
LACEGEZGTVHNGAF2,999.0,329.0
ACCEFH5B4KSP8GCP,599.0,164.0
NDNEGCSGDCHBZYGF,2985.0,895.0
LACEGF4VZTNYYT49,999.0,329.0
CRNEFPYY8KFKHBGT,799.0,699.0
CRNEFPZF9RPX9RFG,999.0,899.0
ACCEFH5CYG6FKGGQ,599.0,164.0
TYREFD6AWWB37SUB,490.0,490.0
NDNEGCU4SNXHEBS2,2985.0,895.0
ACCEFH5C2VSFZGNN,599.0,164.0
BKPEGE7ZWDJ5JSGG,835.0,835.0
CRNEFQF6GZF9ZCZQ,699.0,599.0
LACEGEZA6MYSFYHT,999.0,329.0
STCEGDYGHCFMR5HB,14500.0,6583.0
NDNEGCU2N8CPHWKB,2985.0,895.0
STCEGDYG8WAQCF3V,12500.0,5643.0
NDNEGCSGGYWR4CBH,2985.0,895.0
AFGEFJSDPDENNGTZ,8509.0,7232.0
NDNEGCU6HKGDZNDE,2985.0,895.0
ETHEGBVZSVRDGPBC,4500.0,2264.0
FAFEG28UJRXQFNVQ,399.0,399.0
LACEGEZBYUAA7ZWB,999.0,329.0
CNBEEH2UJAEJFHXB,799.0,399.0
RAMEGFGCHMH8AN8W,2999.0,1248.0
AFGEGEVDQVGT4SYS,549.0,549.0
ACCEFH5CASTRN5FH,599.0,164.0
FAFEGBUQHQCSNJZK,55.0,47.0
ETHEGDTGYZMMUAQG,4000.0,2089.0
CRNEGE2TQ7EBFE4Z,699.0,599.0
FAFEG28UG2W9WSP7,399.0,399.0
KSCEG8HSR59YGGVP,120.0,120.0
ACCEFH5BCCEAPJEK,599.0,164.0
AFGEFJSGDNCGEZ6C,17254.0,14665.0
FAFEG28UWRJYCGTZ,399.0,399.0
LACEGF4MC3ZZGGHE,999.0,329.0
AFGEFM633J32DSZG,4022.0,3418.0
STCEGDYJFPZYFGSZ,12500.0,5643.0
ACCEFH5CUVFGUB9Z,599.0,164.0
CRNEG8DSR9X42SBE,599.0,499.0
LACEGEZBVNG5HZEX,999.0,329.0
CRNEFPYY4NH4XGWP,999.0,899.0
FAFEG28URBZNBDZN,399.0,399.0
NDNEGCU4WZWXZVYH,2985.0,895.0
FAFEG28U3HTYJE7U,399.0,399.0
AFGEFJSFEKNWGRGC,4718.0,4010.0
ETHEGBVZJJWYVKVQ,4500.0,2514.0
NDNEGCSGWWRHXNQV,2985.0,895.0
NDNEGCSGGMCWGFNW,2985.0,895.0
FAFEFYFBYWGZN9H8,648.0,625.0
LACEGEZDYMQKG3HG,999.0,329.0
FAFEG28UXZX82U2Y,399.0,399.0
CRNEFQF6ZECWSYN4,799.0,699.0
STCEGDYGEY3JCWHE,14500.0,6583.0
LACEGEZD7WRGFAAG,999.0,329.0
ACCEFH5C3WJGKGDC,599.0,164.0
FSEEGAZBZCGRFKBZ,726.0,626.0
ETHEGCR4DPEVRZZF,3999.0,1599.0
ACCEFH5CVGHYVH5B,599.0,164.0
AFGEFM63JPXCCTHN,2779.0,2362.0
ETHEGDTGZMBPGZGG,4000.0,2022.0
AFGEFM63YQH4WHRH,11435.0,9719.0
LACEGEZG2KYQDF5B,999.0,329.0
AFGEGDYBVHANDEWS,899.0,299.0
NDNEGCSG2EKSBYHG,2985.0,895.0
CRNEG72VZJDG4F29,999.0,899.0
ETHEGBVZJYJKHKZH,5500.0,2847.0
LPBEG2N9ZHAHZ6HY,2500.0,1799.0
ETHEGBVPBYTNMZ7Y,5500.0,3372.0
KIDEG8AZEWEM77HM,1399.0,999.0
TYREFB29FK4HRV5T,255.0,255.0
ETHEGD3EJ6BMAF7H,3999.0,1999.0
LACEGF4NJZBUMUWG,999.0,329.0
LACEGF4ZHBWQHMZG,999.0,329.0
ACCEFH5CBHBVZGNF,599.0,164.0
NDNEGCU36N5GTM3Y,2985.0,895.0
LACEGF4ZFZYP5WHG,999.0,329.0
ACCEFH5CATBWYBXP,599.0,164.0
CRNEG8DDPSWTHEMH,699.0,599.0
AFGEFM63JABYTPYJ,3219.0,2736.0
FSEEGAZBD2W45XHG,1580.0,1450.0
LPBEFHWZMT3GMH4U,550.0,350.0
ETHEGBVPKX3ZDAES,4500.0,3372.0
HCPEG9CUJA8SNHBA,250.0,220.0
CRNEGE2TRGCGCD6J,599.0,499.0
ETHEGDRCZHGFREBW,1499.0,699.0
NDNEGCSG2JYTXSYU,2985.0,895.0
ACCEFH5CKHZVBYZG,599.0,164.0
SSDEG6EYCKVGJNQC,599.0,539.0
LACEGF4N3CAXZDKH,999.0,329.0
AFGEFJSHE2NERYX8,5023.0,4269.0
ETHEGDTGRWRVJQGP,4000.0,2089.0
LACEGEZAJSASQD8B,999.0,329.0
ETHEGBVZYY5VGZU4,5500.0,2847.0
ETHEGDTGFYZ7FGFT,4000.0,2022.0
CRNEG8D73GZNM2ZX,699.0,599.0
KSCEG7CHHJUHMVH2,599.0,599.0
CRNEG8D8Z8MCHKRR,799.0,699.0
ETHEGCR3PYGB3MA4,3999.0,1599.0
EIKEGF6ZJQY96ZHX,595.0,595.0
ETHEGF9FCGSZTGUN,2495.0,1695.0
ETHEGDXNPERZTMUZ,3400.0,1714.0
AFGEFM63KZJ577GG,4122.0,3503.0
AFGEFM64GSRSURBU,5329.0,4529.0
KSCEG7CHTWWW4SPG,599.0,599.0
AFGEFJSNF4QCGMXZ,19345.0,16443.0
CRNEG72VRXBFVWQH,1999.0,1899.0
HCPEFNFMYAUM6CNN,399.0,269.0
AFGEFM64VRTHC6FG,10318.0,8770.0
ACCEFH5CNYDGAUHZ,599.0,164.0
ACCEFH5CTKTYBFJH,599.0,164.0
FSEEGBRNYWWBUTQH,650.0,330.0
SMPDJVMAKKNB69AY,2925.0,2925.0
LACEGEZDVDYA4FZZ,999.0,329.0
STCEGF4NQQGGXWME,5895.0,3800.0
ACCEFH5BNCCAZ3HG,599.0,164.0
LACEGEZDHWHZ7Z4W,999.0,329.0
ETHEGBVP9VHFZD7R,5500.0,3372.0
FAFEG3ZDKMHZHSPT,430.0,430.0
LACEGEZANRT84UMY,999.0,329.0
AFGEFJSH4NWWPFCG,12147.0,10324.0
FSEEG466WPGZQAQX,1454.0,1288.0
AFGEFM638GHE2MGD,2872.0,2441.0
ETHEGBVP6N5NEVGA,2500.0,1372.0
LPBEGETNASPKN7XH,1140.0,950.0
ETHEGCR2FGRZBAEJ,3299.0,1599.0
LPBEG79TAW9PSJBU,190.0,171.0
FAFEG28UD4FC7BNY,399.0,399.0
FAFEG28UYBFZFJF5,399.0,399.0
ETHEGEZ4RUMMYBJC,2000.0,659.0
LACEGEZDXJMYZFMA,999.0,329.0
AFGEFM64M3FZ5UYB,10749.0,9136.0
NDNEGCU4QZJUYCWG,2985.0,895.0
ETHEGDXZCGNQNFNR,3500.0,1714.0
ACCEFH5CKGYGMMNH,599.0,164.0
UMBEGAJEGQF5X8GB,699.0,325.0
CRNEG8DTZRN5EHT6,599.0,499.0
BOAE5GRRGVHKXWBZ,2760.0,2649.0
LACEGF4N8UFADEGZ,999.0,329.0
LACEGEZDSQ5JKX2G,999.0,329.0
ACCEFH5CS4TR3ZGE,599.0,164.0
TYREFD6ASHTYXKJA,450.0,450.0
ETHEGDXN9FGTZNGZ,3400.0,1714.0
BKPEGE8YCJTWDFTC,3999.0,3999.0
AFGEFM64DHDFU7A4,3276.0,2784.0
AFGEFJSGM4ZDHS3W,4118.0,3500.0
ACCEFH5CA7CU8SMB,599.0,164.0
ACCEFH5BGZHNGHBX,599.0,164.0
LACEGEZBC67ZS5NR,999.0,329.0
NDNEGCRHXTP7BCQE,2985.0,895.0
NDNEGGFNYQKXNSGZ,1350.0,725.0
CRNEG8DSZ3TVFPYU,599.0,499.0
ACCEFH5BDGMHHFDT,599.0,164.0
ACCEFH5CHPBYVZTC,599.0,164.0
LACEGEZDFYZYZQ7B,999.0,329.0
ACCEFH5CGV8AHBUT,599.0,164.0
AFGEFJSDHHYRHQ25,8757.0,7443.0
LACEGEZDGBBEJGZ6,999.0,329.0
LACEGEZDGRYHKZWT,999.0,329.0
SCSEGE9JZNUZHJ7M,1999.0,1199.0
KSCEG8EZHSRYDQNZ,599.0,599.0
ETHEGDXKKCQ5GHHX,3400.0,1714.0
ACCEFH5B8BZBWGD5,599.0,164.0
LACEGEZDHWMDGZFK,999.0,329.0
ETHEGES2YRTBVF6Z,799.0,379.0
AFGEFM64DHQYDJPT,10416.0,8853.0
NDNEGCSFUTGDBNCP,2985.0,895.0
LACEGEZDPPGNXF5V,999.0,329.0
CRNEG72VGNG7JAJ4,1099.0,999.0
FAFEG3ZDDN2HAQ6T,430.0,430.0
CRNEFPZFWWT8WYJW,799.0,699.0
AFGEFJSH59XSEMVH,11431.0,9716.0
HTSEG6YUAFSNFG6M,2500.0,1650.0
SSDEF273QYRGYVBV,599.0,332.0
CRNEG8DDQQDRY3HJ,599.0,499.0
BKPEGAHY2PQZHGYZ,2200.0,1590.0
HCPEG62NMAA2YRGQ,3500.0,2950.0
ACCEFH5BAPFJEZJD,599.0,164.0
SPEEEQTWFWGCFSDP,450.0,450.0
ETHEGDRC5S8PSBSZ,1499.0,699.0
ACCEFH5CHENGARHH,599.0,164.0
HMBEJKHKC7YSHUTB,499.0,499.0
HMBEJJ5GZDSPV69C,999.0,499.0
HMBEJKHYMFZKTZJ4,999.0,499.0
BBAEJA4VQ8WKHX28,699.0,466.0
SKIEJEF9UDVPHGWA,999.0,360.0
SKIEJH4T9YCH2BCX,1399.0,699.0
BBAEJA5DZKZHSVFE,789.0,526.0
SKIEJGNWSMZPZESB,800.0,470.0
HMBEJKMFTZKGMBEG,999.0,499.0
SHOEJKF2SPCST6GN,999.0,349.0
HMBEJJ9K5ZDTY8ZB,999.0,499.0
GWNEDURHSSJNEGEU,4315.0,4315.0
SKIEJG79FNUZGFMS,3240.0,1026.0
SHOEJHG445XV5J7H,2499.0,2499.0
BBAEJA4VJBACFVN9,699.0,466.0
SKIEJG7A5BAGSQCT,1674.0,530.0
HMBEJJ5GGHCE2HEG,999.0,499.0
HMBEJKMQNC6YXEMN,999.0,499.0
BBAEJA5DYZ8VCCBZ,789.0,526.0
SHIEHY2BWXJSRZFZ,2500.0,1200.0
SHIEHY8HVXDRG7G5,594.0,297.0
TFHEGXQNWQ2DFXKW,1299.0,749.0
JEAEHG766QCG2Z7S,1249.0,549.0
JEAEHG7683SGDCHK,1599.0,619.0
SHOEACXT4VFDBHTJ,499.0,249.0
BRZEG9F4YGWSGFVD,2142.0,1173.0
FCKEJKHZQ7WDF3ZA,200.0,160.0
SWSEJYE6QNFHD46Z,995.0,795.0
SNDEHXG82WS5PHFX,999.0,470.0
SNDEHG3DNVBFGAT5,999.0,499.0
SNDEG7DRWSX8HFXZ,499.0,399.0
SNDEG7MZHHKZ58D2,999.0,499.0
SNDEGAHFHSWVDGNZ,1299.0,650.0
SNDEG7DYVFWHZBC4,1299.0,1299.0
EKTDG5C5QSADZZ8J,3195.0,699.0
ACCEHQJT59UZYR7B,999.0,399.0
AIREHRXSYBMXKB4X,499.0,269.0
ACCEHQJT86WCX9ZA,999.0,399.0
FABEGGHHDFMY8BZU,2980.0,1490.0
FABEG8GFDUWRSNU3,2600.0,1300.0
LEHEGGEHYN4G2RPW,39992.0,24995.0
FABEGGHHGSVCHGFV,2000.0,1000.0
FABEG8GYDAABECZH,2800.0,1350.0
DREEC8AVCH2NGVPG,1360.0,952.0
DREECGZJQUYYNJAP,999.0,999.0
DREE87GTRP86YGTZ,1399.0,699.0
DREEY9PFYPZY8P7Z,1349.0,809.0
DREEYPKZ9VUXAGYU,1495.0,747.0
DREE45ZDTGSRFUHD,1550.0,799.0
DREE5ZCFEGRDRVQM,2249.0,999.0
DREEBJ4NZZCGUFJV,1299.0,699.0
DREE4HF6FYRN5SMG,1750.0,625.0
DREEBMB4XAWWEYCT,1699.0,749.0
DREE4CYTNEDYVGMP,1599.0,799.0
DREDUZRK9ZWWFDU9,1399.0,629.0
DREEBPVEPGQ4DN5V,1450.0,750.0
DREE9R3RUQVSR3FG,999.0,699.0
DREECUY9TEUTKCHT,2799.0,999.0
DREEB2XDPCBRTVHF,1620.0,810.0
DREDX8YF3YEJHEXD,1599.0,958.0
DREE63YVJZEAGEGN,1710.0,855.0
DREDZNRZY9MRHGYB,1399.0,699.0
DREEAP5YM27GQUFZ,1299.0,649.0
DREEFCFB4Z5ZNWHD,2350.0,799.0
DREEAHQZQEKXFHNX,1199.0,779.0
DREE7NMEYW89MK2T,999.0,699.0
DREEBMB4YH8FUSHX,2999.0,949.0
DREEBWSUYNPFACWZ,999.0,999.0
DREEAYYGXSKPZMKD,1299.0,699.0
DREEAZAC72AY8ZGV,910.0,910.0
DREE8ANHRUEEHQGZ,1199.0,959.0
DREDQXBBVXSNUHGE,899.0,899.0
DREEA7P9K52ZHHMV,1899.0,899.0
DREECHUGPVDQR3VW,1995.0,799.0
DREE4CYTGTENJFA5,1599.0,799.0
DREEBN4SZ8MWAUFM,960.0,672.0
DREE9S6HRABZ75YM,999.0,699.0
DREE8RTGWJMQSAGS,899.0,799.0
DREE8UGVCRSUVFKF,1799.0,899.0
DREECHGKNA4HRKNH,2699.0,799.0
DREE4K5GU54QXGKD,1599.0,697.0
DREE7FFM2KHANFVA,1995.0,799.0
DREE7PGWPSUCATZN,1295.0,647.0
DREE9R3RPAGHHCT2,899.0,629.0
DREE6D3EYQGBEMPR,2499.0,697.0
DREDVZKGM9JFTYEC,1399.0,838.0
DREE88DFJHHS9RBG,1499.0,749.0
DREDT9RCUGEJ6BQU,1399.0,839.0
DREDZPX3HYAGG8JD,1699.0,680.0
DREE9RFJHSFJHVFG,2000.0,699.0
DREE8FWRZDEXKGDT,2190.0,876.0
DREEBHBUXZUNYVGZ,1699.0,849.0
DREE9ZKYZJHBS45P,1699.0,679.0
DREE9HY9TTBYDQSZ,1599.0,799.0
DREE88HJYRXGWHNG,2800.0,899.0
DREE978EXDA4XHRY,1499.0,749.0
DREEB5WFZEYGYBST,2499.0,997.0
DREECCMNGJUWZDVF,2499.0,899.0
DREDV8HG7Z8BFFXZ,1549.0,929.0
DREEAF9GGGUTKHXQ,2499.0,757.0
DREE7FT8AQ2F9CQC,1799.0,949.0
DREE8FWRSMCE3BYQ,1990.0,796.0
DREE8FWRYYJGFGHG,2100.0,840.0
DREEBBWDWEFTZQB7,1599.0,799.0
DREEARMHZVHGCSJT,1899.0,949.0
DREE64PGW6PNQHPK,2250.0,675.0
DREE8H6NY5ZQFGPV,1399.0,838.0
DREEB2XCXFHZNMVM,1440.0,720.0
DREEFYYFUE9NFU8F,1449.0,724.0
DREEAXE3RZMHYH94,2499.0,697.0
DREE6UDPHFXJDNTB,1399.0,838.0
DREE7NMEMZRGT9DM,1299.0,649.0
DREEBRFYZ55GGGYJ,2790.0,739.0
DREE8FWRZXUNRJPX,2290.0,916.0
DREECCMNZSVNVHHK,2999.0,999.0
DREE4MCWZYN7RGB6,1399.0,838.0
DREE8FZ3E5UYUEEY,999.0,999.0
DREEBHCHXSTD9BMT,1400.0,689.0
DREE3WY2HGZCYAV7,1224.0,612.0
DREEYYFRUPZRSVKS,699.0,699.0
DREE4A2RZKRFZDKS,3050.0,999.0
DREEAHARZKKBPAXE,1499.0,799.0
DREE4K5GYYJTFU5Z,2599.0,697.0
DREE6YTKPUA6KTGW,1999.0,999.0
DREE9CRGV26DDSBH,1399.0,699.0
DREECGZJUXBSTHKH,699.0,699.0
DREE644D97BN8PXV,1699.0,679.0
DREE978EVUSGXSDW,1499.0,749.0
DREECACWBGY4WYZR,2499.0,749.0
DREE9EHE2THJWZN6,1899.0,749.0
DREE9ZY9WZXZTDVD,2790.0,649.0
DREE45NNFKMHUAGK,2800.0,799.0
DREED4H9SRYZYAZ3,2499.0,749.0
DREE484RFP92ZTUF,1799.0,999.0
DREEFYYF6CJDADMW,1449.0,724.0
DREE6HF4ZRJU98TB,1799.0,809.0
DREE7UE3SH2GGG2F,1250.0,850.0
DREE7UE3TTMMHCGC,1250.0,895.0
DREE58QRW5T5T8MK,3250.0,839.0
DREEB967SUFHDACG,1998.0,999.0
DREDV8HGDHM8D6PU,1299.0,779.0
DREEYB4GKJHBVSGZ,1449.0,869.0
DREE7GUQGZVGJ3JM,1990.0,796.0
DREEAB2FTG8PGXWJ,2100.0,999.0
DREEYBUXK2JCCGMA,2399.0,960.0
DREDUZRKMF54XMGV,1499.0,699.0
DREEADBTNB5HX2EH,1000.0,799.0
DREE8UGV234TMGDZ,1799.0,699.0
DREE6YHWZMYWC6DC,999.0,999.0
DREEYBUWQ4BWGKZG,1699.0,680.0
DREE6UDPZWYUGDSN,1099.0,658.0
DREE6UDPXFYZMHGX,1299.0,778.0
DREE7G2FXHSVQEG8,1799.0,949.0
DREE7GUQUWUHCWEJ,1990.0,796.0
DREEARU9CNFR3GZZ,1099.0,769.0
DREE89GHBJZZBGFZ,849.0,849.0
DREE8SXG3JHPGKZA,1499.0,699.0
DREE9Q5XTZXZ4G3S,1742.0,742.0
DREDVC24VGNSAKFZ,1549.0,620.0
DREE9MFS27JGYEYZ,1388.0,755.0
DREE9Q9UMVPHAAM4,1250.0,630.0
DREDZPX39ARFDBGH,1599.0,640.0
DREE43HFHSSMAZS8,850.0,649.0
DREE7M75WMJCGDQY,1099.0,659.0
DREDUA8QVGCSXWAV,1199.0,839.0
DREEAY8QYVQ6KWBE,1199.0,699.0
DREEAF9GUWAY8DZS,2499.0,757.0
DREECCMNACW7K73W,2499.0,999.0
DREEBD64YRVSEBWU,1749.0,999.0
DREE8FWRAYKKFBQQ,2190.0,876.0
DREE4PY5Z7Z6HNTP,2599.0,797.0
DREE5TGRJWKBAURG,1899.0,760.0
DREE8AQXPWYHDYGR,2499.0,897.0
DREEBRD4HT5XNDPR,799.0,799.0
DREDQTKGZZBVH68X,799.0,799.0
DREEBASYTTAK7FRP,1899.0,799.0
DREE88KNZCHEBWSM,1995.0,799.0
DREE2HZRSBUVT6CJ,1299.0,649.0
DREEBG9BVE3UKSST,1599.0,696.0
DREE6ZCHWMYTPCVS,1499.0,749.0
DREDUDJKYY8PFJJZ,1990.0,796.0
DREE9G8BU7547PTT,1399.0,979.0
DREEAZADFS2BYSY5,930.0,930.0
DREEBQF7QMZVYNMB,999.0,999.0
DREDS7SAYK2DHZXA,1199.0,719.0
DREE92AZVUY9RHZG,1699.0,899.0
DREE8XZBYQGFY3UH,1898.0,949.0
DREE5M4ZTEFMF4W5,1569.0,699.0
DREECT3MQQ3R9CVY,1500.0,950.0
DREDV5CVNGUJZYVS,1499.0,675.0
DREECK4GKG4FNNRS,1299.0,799.0
DREEAZHMPSX9JX7N,999.0,999.0
DREE8JUHY9YPVBFG,1995.0,799.0
DREEAZ4HZMZ4GWJR,1299.0,973.0
DREEAXE3ZTQGWGJ8,2499.0,997.0
DREE6D3EAYAHMAPE,2499.0,997.0
DREE6D3EXMS7DAZH,2499.0,997.0
DREE6BX5PH7GWZAM,1750.0,750.0
DREEAHARZGWGJGHG,1499.0,799.0
DREDZT5XUWMK2MJ9,1599.0,958.0
DREE6UDP3PEYZDTZ,1199.0,718.0
DREDQW5KQHTJGA2G,1199.0,899.0
DREE6D3EH72SVHZH,2499.0,997.0
DREDZZVYZB4V9DGN,899.0,899.0
DREECGQ8Y4WC3QU5,995.0,899.0
DREE36FNVWHKJQG2,1995.0,799.0
DREEBQBXZVUJQTQQ,1500.0,750.0
DREEBMGMTXPQEAHZ,1599.0,699.0
DREE9R3RXGYMEYXU,999.0,699.0
DREEAGZYZRQJHSFE,2399.0,699.0
DREE7GTGW5GAX4GZ,2150.0,860.0
DREEBPE8ERZCYPNA,1499.0,749.0
DREE8FWR542TYSH5,1890.0,756.0
DREE8FH9ZSJJ5YHF,1499.0,749.0
DREEAXE3VAX3GY9Y,2499.0,997.0
DREECCMNWCGEMQYP,2999.0,899.0
DREDZHYUNBFXRK3H,1999.0,699.0
DREE9EHEWXZYSCDU,1899.0,799.0
DREE6ZCHWDWFWGGS,1499.0,749.0
DREE8H6N5PZSQFE7,1099.0,658.0
DREE46ZEHAFQ2EUW,799.0,799.0
DREE3HGEK7VH4ZWP,1599.0,959.0
DREEYRF9YZYRFPYT,1295.0,647.0
DREEAY5YCZ3WYSMD,1725.0,648.0
DREDZZVYPUS4UDYA,999.0,999.0
DREEFYYFU2SPDAZS,1399.0,699.0
DREECHMGM7Y4YEDK,1699.0,899.0
DREDWYJ9NYYYTKZD,1599.0,795.0
DREDZPX3WCZ2GKGH,1599.0,959.0
DREEAXE3W4GCYENW,2499.0,797.0
DREE8UGV5YEBQKJS,1799.0,899.0
DREE8FZ3TSQF29KS,999.0,699.0
DREECT3MPFDCTE7P,1500.0,950.0
DREEB79FYDHVT5U9,1099.0,999.0
DREE9HY9TRSHZHRP,1799.0,899.0
DREE87GTNEFY272S,1399.0,699.0
DREE94JYGBPWMQ67,3499.0,925.0
DREE5C9MGHCZZW9S,1799.0,699.0
DREE9CRGYBUGHGZG,1399.0,699.0
DREEAHARVQVBWQJC,1999.0,999.0
DREE98ASSKDWEZSR,1499.0,999.0
DREEY9PFYAWYTCHK,1249.0,749.0
DREE7GTGWZHJ5GMH,1990.0,796.0
DREE5ZCFSBQ3HPQM,2249.0,999.0
DREECCMEZPBWRCFY,1200.0,799.0
DREDVC24FEG3PFGG,1099.0,659.0
DREEBXPCSAAPXUYT,1199.0,779.0
DREE9G8CPJZD3FQY,1399.0,979.0
DREE63YVZCK4JGM7,1740.0,870.0
DREE6DPHG6R4TWRZ,980.0,686.0
DREE9HZGGRRHS2SW,1648.0,659.0
DREEAXE3JNKZDGDM,2499.0,739.0
DREE7MGNTWZAV2VC,1799.0,949.0
DREE87GTZNUGNYP9,1599.0,799.0
DREE2J3FEARC9QUN,1799.0,899.0
DREE5M4ZGQHEQQU7,1569.0,699.0
DREEAZ4HUYXZK872,1199.0,898.0
DREECCMNMNBWJUMX,2599.0,999.0
DREEBCF89BPFGHGD,899.0,749.0
DREE8RTHV24NKRJS,1149.0,799.0
DREE7GUQG4WMVEN7,2100.0,840.0
DREE6BX5XNMBHGWZ,1750.0,750.0
DREE6VTRBEX44KBP,2499.0,997.0
DREEA4DUZWJZQNEU,1299.0,909.0
DREECGQ8XDT5QSFA,895.0,799.0
DREEBNG3PHZZ3PKY,1499.0,699.0
DREEYJTWYH4WTCPR,1995.0,698.0
DREEAZPF6H247UDF,1250.0,938.0
DREE9ZYASPBJTFEZ,1199.0,699.0
DREE978EGZCF7DX8,1299.0,649.0
DREE2HZSZGGGFS4M,1499.0,749.0
DREE5E8ZVTNEJ4AU,1299.0,779.0
DREE33UPZYSYERHX,999.0,699.0
DREEBSFYMUHT9NJX,2890.0,749.0
DREECBJGYS4KV2HT,2399.0,699.0
DREED87SY2EKYB87,1299.0,699.0
DREEAHRFZPSGAF7N,1200.0,799.0
DREEATN9NFCHNWSH,2499.0,997.0
DREE4BHHQKZSNPNG,1799.0,720.0
DREECACWVFWUG5P2,2499.0,849.0
DREE3WY2MKZ35TZR,1224.0,612.0
DREE2SZ4GMNSCZCM,1800.0,699.0
DREEFG6HVJMSHDFF,1799.0,699.0
DREEBQF7EBNSPMG5,999.0,999.0
DREECEFSFHNGMSZN,999.0,999.0
DREEATN8XNXRY6EY,2499.0,997.0
DREE2HZRJBXAVNHZ,1499.0,749.0
DREECMGFWVZMQWMM,2199.0,799.0
DREE5M4ZXSC7GRCB,1999.0,899.0
DREE86ATJ2HY7ZFG,1199.0,839.0
DREEBG7GWYHRYSQX,2399.0,699.0
DREEYYFSRJVG8XYE,999.0,699.0
DREEA4DTCKTY3GJZ,1299.0,909.0
DREEAXE3WF3WZM5W,2499.0,797.0
DREEC8ASB7ZKCQGG,840.0,840.0
DREE4HBDGGCHFRXK,1950.0,650.0
DREE4YVSX4N6FNVH,2690.0,829.0
DREEBFDWNQSGF3CZ,2399.0,699.0
DREECHGKZKG6NTX6,829.0,709.0
DREEF5XDVZBZMYGK,1299.0,649.0
DREEA7P9ZBVZGDYZ,1899.0,899.0
DREDTQC9UCHXMQDF,899.0,899.0
DREE6WXSHYJ9ZJEH,2280.0,629.0
DREEAXE3XMJTZBAG,2499.0,697.0
DREE9QY9NFZ2J7RD,899.0,699.0
DREE9AGTUVB3VZBA,899.0,699.0
DREE8UJZDQYAHEF4,1799.0,899.0
DREDVC24AYMXGAED,1399.0,839.0
DREE2HZSUCGV28BW,1499.0,749.0
DREE63YVCVSYZAGZ,1770.0,885.0
TOPEC89WEGZXSTDX,699.0,699.0
DREEAKZWTDF22V5R,899.0,764.0
DREDXXNFYCD2VEXN,1599.0,699.0
DREE8AHXBEQN43BA,2499.0,997.0
DREE3D2NTZXV6JSZ,1399.0,799.0
DREEFG6HR8AV8H96,2249.0,999.0
DREE2ZMUBG4D4JZS,1599.0,959.0
DREE6UDPZG25JH28,1099.0,658.0
DREE5M4Z4YKVRTGR,1569.0,699.0
DREEBFF5US8JFVZY,1400.0,698.0
DREEB5WFXRNKPJQB,2499.0,997.0
DREE6YZZQEQDK525,1299.0,649.0
DREEAGSYW6SCC66B,1995.0,899.0
DREE7TACGGZQYTHZ,2790.0,999.0
DREEBG9AQKX8FHUX,1999.0,949.0
DREDZT5WZVYKN8JY,1499.0,898.0
DREE8G3HZWN58SRH,1199.0,959.0
DREEBZB5XEMEEF3Z,2299.0,690.0
DREE62Q4PNZXGYNZ,3999.0,999.0
DREEAHF5XYVZYBWH,1299.0,909.0
DREDSUZWUZMYFJMF,999.0,699.0
DREECGQ8W5SEY7PB,1995.0,799.0
DREE8FH9VMKCVGKN,1499.0,749.0
DREEBD64ZVMYY8S2,1899.0,999.0
DREE88DFXJXCYPGF,1499.0,749.0
DREEBN4SUJFGYTNY,1150.0,805.0
DREE87ESGZM4KEJF,1499.0,899.0
DREE484RTSHA9TQH,1499.0,799.0
DREE88KMCGFCEHJR,1995.0,799.0
DREECCMNTG6KXD77,2699.0,899.0
DREEBDE8NWZNJJZE,899.0,749.0
DREEARMHWMVYQR45,1899.0,949.0
DREDVGBGWKSAAVVG,1699.0,680.0
DREEAMCBFCGUZZKZ,2799.0,899.0
DREE26VHUFEGXXNM,1599.0,640.0
DREDXGQEXWHQBATG,999.0,999.0
DREEYJZ7RH39FZ9H,2575.0,997.0
DREEBG9BTM4R4WUJ,1599.0,696.0
DREE8DTR3JRW3DND,669.0,669.0
DREE3Z8YHYSFCWTZ,2199.0,789.0
DREDS7SAVKTAZE96,1199.0,719.0
DREEAGZFZZFVDCNN,1995.0,799.0
DREE7FT8HF9P5HCC,1799.0,949.0
DREDZT5WGMYXBSWY,1499.0,898.0
DREEAZADCAYGQUEG,730.0,730.0
DREE4CYTN7FDZQHH,1399.0,699.0
DREE7UCDU7JASMGR,2499.0,777.0
DREEBRD4BNGGSWSC,1200.0,899.0
DREDZZN2ZZEZKQMX,799.0,799.0
DREE6UDPXG5TDFCR,1199.0,718.0
DREE64PGD8YSWH9K,1860.0,930.0
DREE5C9M8MKHUQV8,1799.0,899.0
DREE8UGV4TPYFQH6,1799.0,799.0
DREDXGQDZPEWPGQU,1299.0,909.0
DREE98ASFNXZF8QT,1499.0,999.0
DREE7GUQZJHUPYJS,2400.0,960.0
DREDXGQEAYDGHZVZ,1199.0,959.0
DREE93UZUFGJCVBE,1790.0,690.0
DREDXGQEHEMCBXGV,999.0,799.0
DREE4V9ZYNGWHTGG,999.0,999.0
DREDZPX3Y3HSV9EG,1549.0,929.0
DREE5VWCRGECZRXZ,1980.0,990.0
DREDVP64YG7HTYJY,999.0,999.0
DREEABATS5YMYF5A,1899.0,690.0
DREEARMHZXDW9B3V,1899.0,949.0
DREE978EWXFTHQHW,1499.0,749.0
DREE9G8CS8FAJ2GH,999.0,699.0
DREE6UDPNWA5ZBQ7,1099.0,658.0
DREEA4DUZHUQASHP,1299.0,909.0
DREE92H8MWPGHHHB,2399.0,699.0
DREE2RUNXZFKGGFZ,2959.0,897.0
DREEAW2FTWYNF7UQ,1399.0,602.0
DREE9HY95VEPSVBG,1799.0,899.0
DREE4ZYTZ3KX9PUH,2499.0,697.0
DREE25GGZVGHXHYG,1299.0,779.0
DREE9HUDJXFF2TFH,1499.0,999.0
DREEYTUZVH3ZZNAX,1049.0,734.0
STIE88KNANBFKHYM,1299.0,999.0
STIE9F5UFETEGPVY,1839.0,1216.0
STIE9F5UWDJHNYC8,2916.0,2121.0
SNDEY6HQYPH8BYJ2,1499.0,499.0
STIE9F5UUZFSDDAZ,2158.0,1570.0
SNDDY9P9WFPBVWTF,1199.0,449.0
STIE8YSVTFBWDUZE,1299.0,999.0
SNDEYPJZYXEV7D3D,2099.0,1469.0
SNDEY6HQWYYVMQUG,1499.0,499.0
STIE9F5URYM7HRVA,1429.0,1143.0
STIE7KFJHGWC7RTY,1500.0,730.0
STIE9F5UFZDFWZYR,3116.0,2266.0
STIE7KFJNFQ8KQUR,1500.0,730.0
STIE2FRBYYC92E2C,999.0,599.0
STIE8YSVTJXCRPHK,1299.0,999.0
STIE9F5UM6QPAAVJ,1958.0,1424.0
STIE7VAY65XHXPFJ,1299.0,999.0
STIE8YSW65KAWKGZ,1299.0,999.0
STIE7KFJZBFFS5CC,1500.0,730.0
STIE7KFHQZFC6YS5,1220.0,600.0
STIE9F5UYBHF4MXU,1429.0,1143.0
SNDDYZ4XV6SZWZZY,2799.0,995.0
STIE9F5UH6UFQBDY,1958.0,1424.0
SNDDYKR8Z5FKRWPQ,1299.0,650.0
STIE9F5TBSHYS7QF,1331.0,840.0
STIE7KFGNZBY3UQY,1080.0,530.0
STIE9F5UGYH9B68H,727.0,582.0
STIE7KFJBHM9J55E,1600.0,790.0
STIE7KFGVMMCQZTH,1080.0,530.0
STIE7KFJ5VGVTRJF,1500.0,730.0
STIE9F5UFGEVC9MH,2058.0,1497.0
STIE8YSVZ86KHK9X,1399.0,1049.0
STIE7KFGQ3T8BEHH,1080.0,530.0
STIE88ZGTX65GH4V,1399.0,999.0
STIE8YSVEQVGZVGB,1299.0,999.0
STIE7KFHKVX4YHQZ,1360.0,660.0
STIEBU65VSHHSQK8,3299.0,1269.0
STIE7VAY73HTJGXQ,999.0,599.0
STIE7KFHWWHNJYYQ,1300.0,640.0
STIE7KFKTVFQENK6,1480.0,720.0
STIE9F5UGDGUX58J,727.0,582.0
STIE2FRB7BPYRUBV,999.0,599.0
STIE9F5UYFZEUEZC,1839.0,1216.0
STIE2FRBHNXFEKMC,999.0,599.0
STIEC889ZD5GDCVQ,4930.0,1896.0
STIE7KFHRQA2TQYM,1120.0,550.0
STIE7KFGEYFUUG3Y,1300.0,640.0
STIE2FRBJSESTQJK,999.0,599.0
STIE2FRBXYYFFKWR,999.0,599.0
STIE7KFFBHJEJHGB,1300.0,640.0
STIE8YSVWABTME6T,1299.0,999.0
STIE9F5UFCGSZDHM,1958.0,1424.0
STIE7KFMPFVDPMHF,1040.0,510.0
SNDEY6HQXF68TNK7,1499.0,499.0
STIE9F5UKGKHH3N3,2058.0,1497.0
STIE7KFHK9F2B6H7,1120.0,550.0
STIE7KFGNSEZTZYY,1300.0,640.0
STIE7KFKQB86AJAH,1480.0,720.0
STIE88KN3WBB4JVQ,1299.0,999.0
STIE2FRB84HMTAUK,999.0,599.0
STIE9F5UMVHFJKCG,1331.0,840.0
STIE7KFJHTEUD9KF,1500.0,730.0
STIE2FRBAJGAWPRT,999.0,599.0
STIE9F5UMP7VBGDV,1958.0,1424.0
STIEC889ZBGBQHHG,8727.0,3357.0
STIEC889KYMHUN3T,8877.0,3414.0
STIE9F5USKJ2GFBZ,3303.0,2085.0
STIE7KFKYVAHAHGZ,1480.0,720.0
STIE9F5UQJMHDYHS,3303.0,2085.0
STIE9F5UJTXYDAW8,779.0,623.0
STIE7KFHWY6XGFG6,1220.0,600.0
STIEC889VZXVJU7H,4930.0,1896.0
STIE2FRBYYZB57R2,999.0,599.0
STIE7KFKTNEWZQFZ,1480.0,720.0
STIE8YSWY2JDFSPJ,1999.0,1399.0
STIE8YSVSMBZE9NG,1299.0,999.0
STIE8YSVRJFMU3WG,1299.0,999.0
STIE7KFHZDGQRZX3,1040.0,510.0
STIEBU65QZPKCVVU,4079.0,1569.0
STIE7KFHAXKHKVDC,1220.0,600.0
STIE7KFH7PYS5GGK,1220.0,600.0
STIE9F5U2MTKDP9X,727.0,582.0
STIE7KFHAEKZHF6T,1120.0,550.0
STIE9F5U5AMRZ4QG,1839.0,1216.0
STIE7KFHFEUR4WBM,1360.0,660.0
STIE7KFGYYHDWYHX,1300.0,640.0
STIE7KFFGTXFYPCZ,1300.0,640.0
STIE9F5UZWVU4KHD,1839.0,1216.0
STIE2FRBGGFY2BXR,999.0,599.0
STIE9F5UKGW3Y7C9,779.0,623.0
STIE7KFG4CYVPZVV,1300.0,640.0
STIE8YSWR2TBAGDY,1299.0,999.0
SNDDY9RZPHET6BHX,1650.0,1650.0
STIE9F5UZZHYBAWY,2058.0,1497.0
STIE7KFHEFGYAM2Q,1120.0,550.0
STIE2FRBAVUMGTTB,999.0,599.0
SNDEYPKYJNJXQBGQ,1299.0,909.0
STIE7KFJRZZCGX2X,1500.0,730.0
STIEBU65ZKFFPKHW,5379.0,2069.0
STIE7KFJYDFUUBEG,1600.0,790.0
STIE7KFGUVAGEWZG,1300.0,640.0
SNDEYTSCGHWWHG89,999.0,699.0
STIE7KFHGVJGFNRQ,1220.0,600.0
STIE2FRBQFSYGYYM,999.0,599.0
STIEBU65ZEWJE2Q7,5587.0,2149.0
STIE7VAYNQZZ67YX,1599.0,1199.0
STIE7KFHRBENM5P4,1120.0,550.0
STIE9F5UHFFSB4EP,779.0,623.0
STIE2FRBKYZQFHSE,999.0,599.0
STIE9F5UMQ2BTXRS,1839.0,1216.0
STIE9F5U5QYS5FZ7,1839.0,1216.0
STIE5UVGW2JWVWCT,4500.0,1449.0
SNDEY7QPXUF5PZSZ,1899.0,569.0
STIEC889ZGFD3RCE,3465.0,1333.0
STIE2KFZTQFVYZQQ,1099.0,1099.0
STIE7KFGSBYBQG8U,1080.0,530.0
STIE9F5U4VDNYZGS,3424.0,1473.0
SHODYZ6SYRMHDYPB,899.0,349.0
STIE7KFKQDP9JZXF,1280.0,630.0
STIE7KFHEGPHMZZ2,1040.0,510.0
STIE9F5UCPRTGRVA,1429.0,1143.0
STIEBU65ZHZESDWV,4079.0,1569.0
STIE7KFJXRHUFG2V,1500.0,730.0
STIE2FRBHTFPT2KR,999.0,599.0
STIE2FRBJ5G4SNHH,999.0,599.0
STIE9F5UGGCGZFSQ,779.0,623.0
STIE9F5UGQZCJVJG,779.0,623.0
STIE7KFGGPBGRKAP,1080.0,530.0
STIE7VAYKHMKHKGN,1299.0,999.0
STIE7KFGCXTRW8YK,1300.0,640.0
STIE7KFHUS3NNPZA,1040.0,510.0
STIE9F5UGVJFQYZH,727.0,582.0
STIE7KFJ663Y4NDC,1600.0,790.0
STIE88KNFZF2JFRN,1299.0,999.0
STIE7KFHZRU9Z7XZ,1120.0,550.0
STIE7KFGGPCKNY6Z,1080.0,530.0
STIE9F5UGUKB9GFD,2058.0,1497.0
STIE7KFJBTHH8M2P,1600.0,790.0
STIE7KFKYMGZMCJQ,1480.0,720.0
STIE2FRB6MZ8JXBZ,999.0,599.0
STIE9F5USTFFWM5B,1958.0,1424.0
STIE9F5UR8FGKZKE,1958.0,1424.0
STIEC889GTHUZPWD,7860.0,3023.0
STIE9F5UJ69BSFXK,727.0,582.0
STIE9F5UT9RKWH5W,2058.0,1497.0
STIE9F5UAZDTVFG5,2916.0,2121.0
STIE8YSWM4FXPEGF,1299.0,999.0
SNDEY8UH5TZ2AJCK,1099.0,899.0
STIE7VAYP6GYJRPQ,999.0,699.0
STIEBU6572J5BPHG,6211.0,2389.0
STIE9F5U4HGVGABZ,1429.0,1143.0
STIEBU65FJHVAZ7C,5379.0,2069.0
SNDEYPKYZ47RUKSX,1099.0,769.0
STIE7KFM7RWNRSMN,1040.0,510.0
STIE7KFHYBHYKMT4,1300.0,640.0
STIE88KNVG7YETY6,1299.0,999.0
STIE8YSWYREWUMHN,1499.0,1199.0
STIE7KFFGRD4S8PS,1300.0,640.0
STIE9F5UFQ6CWCWA,1958.0,1424.0
STIE2ZEPACRQJKH7,1190.0,595.0
STIE7KFFVTZY8AMZ,1300.0,640.0
STIEBU65VENBTVBB,3299.0,1269.0
STIE2FRBSDPEUB8T,999.0,599.0
STIEBU65VZWXSQAH,6445.0,2479.0
SNDEY7QPH3YZFQYW,2599.0,779.0
STIE9F5UGAZZ3DQX,727.0,582.0
STIE7KFGTZGZRNKA,1080.0,530.0
STIEC8893KZ4FYWX,5797.0,2230.0
STIE9F5USDFXHGBH,2058.0,1497.0
SNDDX969ZZJJKSHB,899.0,899.0
STIE7KFJPVKHZT9F,1500.0,730.0
STIE7KFJHZTZUQVY,1500.0,730.0
STIE9F5UCZRNS8ZC,779.0,623.0
SNDEF3R3VB55PJBX,1799.0,499.0
STIE9F5TWBGRANFP,1429.0,1143.0
STIE88UANBHBQHH8,1299.0,999.0
STIE2FRBMB8JZPZG,999.0,599.0
STIEBU65TYHDZPGX,3559.0,1369.0
STIE9F5UWNR43SZ4,3016.0,2194.0
STIE9F5U6FH9GCEY,2058.0,1497.0
STIE9F5TCSHTXZN6,1839.0,1216.0
STIEBU65VMEQGTZY,7069.0,2719.0
STIE9F5U55AWF2YH,779.0,623.0
STIE7KFKWAWUMN7A,1480.0,720.0
STIE9F5UKYARQHYZ,1429.0,1143.0
STIEBU65HUNJ9GZB,5795.0,2229.0
STIE9F5TWSGM7JMQ,1331.0,840.0
STIE4NXGSXG5GFR2,1099.0,549.0
STIE9F5U4EBM8WT9,1429.0,1143.0
STIE7KFJDGPUYDEW,1500.0,730.0
STIE7KFHHFMGM9WX,1040.0,510.0
STIE7KFHF7KGHTT3,1220.0,600.0
STIE7KFGUMVJN3U5,1080.0,530.0
STIEC889ACQUHXFB,4930.0,1896.0
STIE2FRBJNWDKUFF,999.0,599.0
STIE8YSVBHMJAYT6,1299.0,999.0
STIE2FRBMHDZHFJR,999.0,599.0
STIE7KFHGZ5FPWFB,1220.0,600.0
STIE9F5UVA3QQRMZ,1839.0,1216.0
STIE7KFHPXTBGJ6G,1300.0,640.0
STIE2FRB9GDYECFX,999.0,599.0
STIE88KNKXY33QZJ,1299.0,999.0
STIE7KFHHU4GMGBE,1220.0,600.0
STIE2FRB8JYCGK8H,999.0,599.0
STIE88KNYM5PHFJW,1299.0,999.0
STIE9F5TXEZ2RT8N,727.0,582.0
STIE7KFJAKSTDY9G,1500.0,730.0
STIE9F5URNQGJCGH,1429.0,1143.0
STIE7VAYDKQZEBSD,1299.0,999.0
STIE8YSVEPPCZ42Y,1499.0,1199.0
STIE88KN9ZDSGZKY,1499.0,999.0
